id,provincia,canton,modulo,tipo,extension,tamano_mb,porcentaje,estado_documental,condicion_tecnica,archivo,ruta,keywords,snippet
3a7e13a2a4f9,Los Ríos,Quinsaloma,Otros,Informe / revisión,docx,0.04,44,,,Informe_valoracion_integracion_lineamientos_ENOS_Quinsaloma (1).docx,Los Ríos/Quinsaloma/Informe_valoracion_integracion_lineamientos_ENOS_Quinsaloma (1).docx,Inundación/anegamiento; Alojamiento temporal; Rutas/evacuación; Infraestructura expuesta; COE / coordinación; Recursos/maquinaria; Seguimiento F07,"INFORME TECNICO DE VALORACION Porcentaje de integracion de los Lineamientos Estrategicos ENOS 2026-2027 Plan de Accion ante el Fenomeno ""El Nino"" en el canton Quinsaloma Resultado ponderado 44 / 100 Nivel de integracion MEDIA-BAJA: instrumento preliminar, no validable como plan operativo cerrado 1. Criterio ejecutivo El documento revisado presenta una base narrativa util sobre el fenomeno El Nino, la exposicion general del canton Quinsaloma y las amenazas asociadas a inundaciones, salud, agricul"
5bacbfbfecbe,Los Ríos,Quevedo,Informe de valoración,Informe pendiente,txt,0.0,,,,INFORME_VALORACION_PENDIENTE.txt,Los Ríos/Quevedo/02_INFORME_VALORACION/INFORME_VALORACION_PENDIENTE.txt,,INFORME DE VALORACIÓN PENDIENTE · Los Ríos / Quevedo No se localizó un plan o registro específico suficiente para emitir valoración técnica. Pendiente cargar o ubicar el documento base del cantón.
157daaf9fed1,Los Ríos,Quevedo,Anexos verificables,Lista verificables,txt,0.0,,,,LISTA_VERIFICABLES_MINIMOS.txt,Los Ríos/Quevedo/03_ANEXOS_VERIFICABLES/LISTA_VERIFICABLES_MINIMOS.txt,Alojamiento temporal; Rutas/evacuación; COE / coordinación; Seguimiento F07,"Verificables mínimos sugeridos: 1. Plan firmado o versión editable controlada. 2. Acta de COE o disposición institucional. 3. Matriz de acciones, responsables, plazos e indicadores. 4. Mapa, croquis, KMZ/SHP o georreferenciación de puntos críticos. 5. Fotografías por punto o sector. 6. Inventario de recursos y capacidades. 7. Registro de alojamientos temporales, rutas y puntos seguros. 8. Matriz F07 de seguimiento mensual."
87820450a166,Los Ríos,Quevedo,Seguimiento F07,Guía F07,txt,0.0,,,,GUIA_SEGUIMIENTO_F07.txt,Los Ríos/Quevedo/04_SEGUIMIENTO_F07/GUIA_SEGUIMIENTO_F07.txt,Seguimiento F07,Registrar mensualmente: - Porcentaje anterior. - Porcentaje actual. - Actividades ejecutadas. - Actividades pendientes. - Brechas. - Apoyo requerido. - Verificables disponibles.
2c478dd6bfa7,Los Ríos,Quevedo,Plan / referencias,Sin archivo localizado,txt,0.0,,,,SIN_ARCHIVOS_COMPARTIDOS_LOCALIZADOS.txt,Los Ríos/Quevedo/01_PLAN_COMPARTIDO_O_REFERENCIAS/SIN_ARCHIVOS_COMPARTIDOS_LOCALIZADOS.txt,Seguimiento F07,Los Ríos / Quevedo No se localizaron archivos o registros específicos compartidos para este cantón en la búsqueda realizada. La carpeta queda preparada para incorporar: - Plan de Acción ENOS 2026-2027. - Informe de valoración. - Anexos verificables. - Seguimiento mensual F07.
7166dbe65f98,Los Ríos,Quevedo,Plan / referencias,PDF soporte,pdf,86.54,,,,ENOS 2027 QUEVEDO FINAL.pdf,Los Ríos/Quevedo/01_PLAN_COMPARTIDO_O_REFERENCIAS/ENOS 2027 QUEVEDO FINAL.pdf,Inundación/anegamiento; Erosión/socavación; Deslizamiento; Infraestructura expuesta; COE / coordinación,GOBIERNO AUTÓNOMO DESCENTRALIZADO MUNICIPAL DE QUEVEDO JEFATURA DE GESTIÓN DE RIESGOS PLAN DE ACCIÓN TERRITORIAL ANTE EL EVENTO EL NIÑO (ENOS) 2026–2027 GOBIERNO AUTÓNOMO DESCENTRALIZADO MUNICIPAL DEL CANTÓN QUEVEDO PROVINCIA DE LOS RÍOS 1. DATOS GENERALES Provincia: Los Ríos Cantón: Quevedo Institución responsable: Gobierno Autónomo Descentralizado Municipal del Cantón Quevedo Presidente del COE Cantonal: Alexis Matute Matute – Alcalde del Cantón Quevedo Responsable técnica: Ing. Lina Lugo Rodr
6e3c26b476f2,Los Ríos,Valencia,Anexos verificables,Lista verificables,txt,0.0,,,,LISTA_VERIFICABLES_MINIMOS.txt,Los Ríos/Valencia/03_ANEXOS_VERIFICABLES/LISTA_VERIFICABLES_MINIMOS.txt,Alojamiento temporal; Rutas/evacuación; COE / coordinación; Seguimiento F07,"Verificables mínimos sugeridos: 1. Plan firmado o versión editable controlada. 2. Acta de COE o disposición institucional. 3. Matriz de acciones, responsables, plazos e indicadores. 4. Mapa, croquis, KMZ/SHP o georreferenciación de puntos críticos. 5. Fotografías por punto o sector. 6. Inventario de recursos y capacidades. 7. Registro de alojamientos temporales, rutas y puntos seguros. 8. Matriz F07 de seguimiento mensual."
e48ac86501d1,Los Ríos,Valencia,Seguimiento F07,Guía F07,txt,0.0,68,,,GUIA_SEGUIMIENTO_F07.txt,Los Ríos/Valencia/04_SEGUIMIENTO_F07/GUIA_SEGUIMIENTO_F07.txt,Seguimiento F07,"SEGUIMIENTO F07 · Los Ríos / Valencia Estado sugerido para seguimiento mensual: - Actualizar porcentaje de implementación cada mes. - Registrar actividades ejecutadas, actividades pendientes, brechas, apoyo requerido y verificables. - Usar criterios C1-C10 para medir avance. - Adjuntar actas, fotos, mapas, oficios, informes técnicos o enlaces Drive. Porcentaje base sugerido: 68 %"
40bed840390c,Los Ríos,Valencia,Informe de valoración,Informe / revisión,pdf,0.05,62,,,Revision_Valencia_ENOS_porcentaje_SNGR.pdf,Los Ríos/Valencia/02_INFORME_VALORACION/Revision_Valencia_ENOS_porcentaje_SNGR.pdf,Inundación/anegamiento; Erosión/socavación; Deslizamiento; Alojamiento temporal; Rutas/evacuación; Infraestructura expuesta; COE / coordinación; Recursos/maquinaria; Mitigación/dragado; Mitigación/obras,Revisión técnica - GAD Municipal de Valencia INFORME DE REVISIÓN TÉCNICA Y VALORACIÓN DE INTEGRACIÓN Plan de Respuesta por Época Lluviosa en el cantón Valencia 2026 / Informe técnico de análisis y plan de acción para reducción del riesgo Documento revisado INFORME TÉCNICO (1).docx - GAD Municipal del cantón Valencia / Unidad de Gestión de Riesgos Criterio base de revisión Lineamientos Estratégicos para los Gobiernos Autónomos Descentralizados ante el Evento El Niño 2026-2027; énfasis en conocimi
c890d0ca3713,Los Ríos,Valencia,Plan / referencias,Informe / revisión,pdf,141.63,,,,INFORME TÉCNICO APROBADO (1)-signed-signed.pdf,Los Ríos/Valencia/01_PLAN_COMPARTIDO_O_REFERENCIAS/INFORME TÉCNICO APROBADO (1)-signed-signed.pdf,Inundación/anegamiento; Desbordamiento; Infraestructura expuesta,G.A.D. MUNICIPAL DEL CANTÓN VALENCIA DIRECCIÓN DE URBANISMO Y ORDENAMIENTO TERRITORIAL UNIDAD DE GESTIÓN DE RIESGOS MINEDUC G.A.D. MUNICIPAL DEL CANTÓN VALENCIA DIRECCIÓN DE URBANISMO Y ORDENAMIENTO TERRITORIAL UNIDAD DE GESTIÓN DE RIESGOS PLAN DE RESPUESTA POR ÉPOCA LLUVIOSA EN EL CANTON VALENCIA 2026 G.A.D. MUNICIPAL DEL CANTÓN VALENCIA DIRECCIÓN DE URBANISMO Y ORDENAMIENTO TERRITORIAL UNIDAD DE GESTIÓN DE RIESGOS INFORME TÉCNICO ANÁLISIS Y PLAN DE ACCIÓN PARA LA REDUCCIÓN DEL RIESGO CANTÓN VA
ab855b255aaf,Los Ríos,Vinces,Informe de valoración,Informe pendiente,txt,0.0,,,,INFORME_VALORACION_PENDIENTE.txt,Los Ríos/Vinces/02_INFORME_VALORACION/INFORME_VALORACION_PENDIENTE.txt,,INFORME DE VALORACIÓN PENDIENTE · Los Ríos / Vinces No se localizó un plan o registro específico suficiente para emitir valoración técnica. Pendiente cargar o ubicar el documento base del cantón.
f0f7c6ac1b64,Los Ríos,Vinces,Anexos verificables,Lista verificables,txt,0.0,,,,LISTA_VERIFICABLES_MINIMOS.txt,Los Ríos/Vinces/03_ANEXOS_VERIFICABLES/LISTA_VERIFICABLES_MINIMOS.txt,Alojamiento temporal; Rutas/evacuación; COE / coordinación; Seguimiento F07,"Verificables mínimos sugeridos: 1. Plan firmado o versión editable controlada. 2. Acta de COE o disposición institucional. 3. Matriz de acciones, responsables, plazos e indicadores. 4. Mapa, croquis, KMZ/SHP o georreferenciación de puntos críticos. 5. Fotografías por punto o sector. 6. Inventario de recursos y capacidades. 7. Registro de alojamientos temporales, rutas y puntos seguros. 8. Matriz F07 de seguimiento mensual."
0bba9a0a8967,Los Ríos,Vinces,Seguimiento F07,Guía F07,txt,0.0,,,,GUIA_SEGUIMIENTO_F07.txt,Los Ríos/Vinces/04_SEGUIMIENTO_F07/GUIA_SEGUIMIENTO_F07.txt,Seguimiento F07,Registrar mensualmente: - Porcentaje anterior. - Porcentaje actual. - Actividades ejecutadas. - Actividades pendientes. - Brechas. - Apoyo requerido. - Verificables disponibles.
9be661f17e87,Los Ríos,Vinces,Plan / referencias,Sin archivo localizado,txt,0.0,,,,SIN_ARCHIVOS_COMPARTIDOS_LOCALIZADOS.txt,Los Ríos/Vinces/01_PLAN_COMPARTIDO_O_REFERENCIAS/SIN_ARCHIVOS_COMPARTIDOS_LOCALIZADOS.txt,Seguimiento F07,Los Ríos / Vinces No se localizaron archivos o registros específicos compartidos para este cantón en la búsqueda realizada. La carpeta queda preparada para incorporar: - Plan de Acción ENOS 2026-2027. - Informe de valoración. - Anexos verificables. - Seguimiento mensual F07.
b83f3e8339fd,Los Ríos,Vinces,Plan / referencias,PDF soporte,pdf,0.13,,,,GADMVINCES-ALCALDIA-2026-0113-O.pdf,Los Ríos/Vinces/01_PLAN_COMPARTIDO_O_REFERENCIAS/GADMVINCES-ALCALDIA-2026-0113-O.pdf,Infraestructura expuesta,"Oficio Nro. GADMVINCES-ALCALDIA-2026-0113-O Vinces, 23 de junio de 2026 Asunto: Entrega del Plan de Acción ante el Fenómeno El Niño 2026-2027 Señor Jairo Fabricio Jaramillo Rucano Coordinador Zonal 5 de Gestión de Riesgos SECRETARÍA NACIONAL DE GESTIÓN DE RIESGOS En su Despacho De mi consideración: Reciba un cordial y atento saludo. Por medio del presente, en cumplimiento con las directrices nacionales de preparación y reducción de riesgos, me dirijo a usted para realizar la entrega formal del P"
4fada9698e9b,Los Ríos,Vinces,Plan / referencias,Plan / contingencia,pdf,1.32,,,,Plan de Acción ante el evento El Niño 2026 - 2027.pdf,Los Ríos/Vinces/01_PLAN_COMPARTIDO_O_REFERENCIAS/Plan de Acción ante el evento El Niño 2026 - 2027.pdf,Inundación/anegamiento; Desbordamiento; Infraestructura expuesta; COE / coordinación,"Alcaldía de . / olí-uuo cU Cutera! ej A D M I N I S T R A C I Ó N 2 0 2 3 - 2027 U \o N° UGR-JCM-046-2026 Para: Tnglo. Alfonso Montaivan Cerezo - ALCALDE DEL CANTÓN VINCES Fecha: 22 de Junio del 2026 Asunto: Pian de Acción ante el evento El Niño 2026 - 2027 Estimado Señor Alcalde, en atención al Oficio N°SNGR-CZ5GR-2026-Q324 con fecha 17 de Junio del 2026 suscrito por el Señor Jaira Fabricio Jaramillo Rúcano en calidad de Coordinador Zonal 5 de Gestión de Riesgos, y de la Circular N° MAE- SAPSRD"
668fb714eaa5,Los Ríos,Ventanas,Informe de valoración,Informe pendiente,txt,0.0,,,,INFORME_VALORACION_PENDIENTE.txt,Los Ríos/Ventanas/02_INFORME_VALORACION/INFORME_VALORACION_PENDIENTE.txt,,INFORME DE VALORACIÓN PENDIENTE · Los Ríos / Ventanas No se localizó un plan o registro específico suficiente para emitir valoración técnica. Pendiente cargar o ubicar el documento base del cantón.
ed1f4d7530c0,Los Ríos,Ventanas,Seguimiento F07,Guía F07,txt,0.0,,,,GUIA_SEGUIMIENTO_F07.txt,Los Ríos/Ventanas/04_SEGUIMIENTO_F07/GUIA_SEGUIMIENTO_F07.txt,Seguimiento F07,Registrar mensualmente: - Porcentaje anterior. - Porcentaje actual. - Actividades ejecutadas. - Actividades pendientes. - Brechas. - Apoyo requerido. - Verificables disponibles.
727efa5346a2,Los Ríos,Ventanas,Anexos verificables,Lista verificables,txt,0.0,,,,LISTA_VERIFICABLES_MINIMOS.txt,Los Ríos/Ventanas/03_ANEXOS_VERIFICABLES/LISTA_VERIFICABLES_MINIMOS.txt,Alojamiento temporal; Rutas/evacuación; COE / coordinación; Seguimiento F07,"Verificables mínimos sugeridos: 1. Plan firmado o versión editable controlada. 2. Acta de COE o disposición institucional. 3. Matriz de acciones, responsables, plazos e indicadores. 4. Mapa, croquis, KMZ/SHP o georreferenciación de puntos críticos. 5. Fotografías por punto o sector. 6. Inventario de recursos y capacidades. 7. Registro de alojamientos temporales, rutas y puntos seguros. 8. Matriz F07 de seguimiento mensual."
056dcd1c5e5e,Los Ríos,Ventanas,Plan / referencias,Sin archivo localizado,txt,0.0,,,,SIN_ARCHIVOS_COMPARTIDOS_LOCALIZADOS.txt,Los Ríos/Ventanas/01_PLAN_COMPARTIDO_O_REFERENCIAS/SIN_ARCHIVOS_COMPARTIDOS_LOCALIZADOS.txt,Seguimiento F07,Los Ríos / Ventanas No se localizaron archivos o registros específicos compartidos para este cantón en la búsqueda realizada. La carpeta queda preparada para incorporar: - Plan de Acción ENOS 2026-2027. - Informe de valoración. - Anexos verificables. - Seguimiento mensual F07.
26571c5d1c72,Los Ríos,Ventanas,Plan / referencias,Plan / contingencia,pdf,0.4,,,,Plan_ENOS_Cantón_Ventanas-signed-signed.pdf,Los Ríos/Ventanas/01_PLAN_COMPARTIDO_O_REFERENCIAS/Plan_ENOS_Cantón_Ventanas-signed-signed.pdf,Inundación/anegamiento; Desbordamiento; Alojamiento temporal; Infraestructura expuesta; COE / coordinación; Recursos/maquinaria; Mitigación/obras,"PLAN DE ACCIÓN TERRITORIAL ANTE EL EVENTO EL NIÑO 2026–2027 GAD MUNICIPAL DEL CANTÓN VENTANAS - PROVINCIA DE LOS RÍOS 1. DATOS GENERALES Provincia: Los Ríos Cantón: Ventanas Fecha: 23/06/2026 Responsable técnico: Ing. Rodrigo Renato Roldán Yépez Cargo: Jefe de la Unidad de Gestión de Riesgos 2. INTRODUCCIÓN El cantón Ventanas presenta condiciones de exposición frente a los posibles efectos asociados al Evento El Niño 2026–2027, principalmente por inundaciones y anegamientos derivados del desbord"
4850f061b047,Los Ríos,Urdaneta,Anexos verificables,Lista verificables,txt,0.0,,,,LISTA_VERIFICABLES_MINIMOS.txt,Los Ríos/Urdaneta/03_ANEXOS_VERIFICABLES/LISTA_VERIFICABLES_MINIMOS.txt,Alojamiento temporal; Rutas/evacuación; COE / coordinación; Seguimiento F07,"Verificables mínimos sugeridos: 1. Plan firmado o versión editable controlada. 2. Acta de COE o disposición institucional. 3. Matriz de acciones, responsables, plazos e indicadores. 4. Mapa, croquis, KMZ/SHP o georreferenciación de puntos críticos. 5. Fotografías por punto o sector. 6. Inventario de recursos y capacidades. 7. Registro de alojamientos temporales, rutas y puntos seguros. 8. Matriz F07 de seguimiento mensual."
dbe326b00692,Los Ríos,Urdaneta,Plan / referencias,MD,md,0.0,,,,REFERENCIAS_ARCHIVOS_COMPARTIDOS.md,Los Ríos/Urdaneta/01_PLAN_COMPARTIDO_O_REFERENCIAS/REFERENCIAS_ARCHIVOS_COMPARTIDOS.md,Mitigación/obras; Formulario F01; Formulario F02,# Archivos compartidos o registros localizados · Los Ríos / Urdaneta ## Plan-de-Acción-GADURDANETA-2026 / registros F01-F02-F04 Tipo: Registro/base Fuente: File Library Nota: Puntos: Muro de contención y San Antonio del Río. Nota: esta carpeta contiene referencias y extractos operativos. Los binarios originales no se pudieron incrustar automáticamente desde la Biblioteca de Archivos.
c5eec834980d,Los Ríos,Urdaneta,Plan / referencias,Plan / contingencia,pdf,1.7,,,,PLAN DE ACCIÓN TERRITORIAL ANTE EL EVENTO EL NIÑO 2026.-signed-signed-signed.pdf,Los Ríos/Urdaneta/01_PLAN_COMPARTIDO_O_REFERENCIAS/PLAN DE ACCIÓN TERRITORIAL ANTE EL EVENTO EL NIÑO 2026.-signed-signed-signed.pdf,Inundación/anegamiento; Desbordamiento; Erosión/socavación; Alojamiento temporal; Rutas/evacuación; Infraestructura expuesta; COE / coordinación; Mitigación/obras,"PLAN DE ACCIÓN TERRITORIAL ANTE EL EVENTO EL NIÑO 2026– 2027 GAD MUNICIPAL DE URDANETA – PROVINCIA DE LOS RÍOS 1. Datos generales Provincia: Los Ríos Cantón: Urdaneta GAD responsable: GAD Municipal de Urdaneta Código del caso: Plan-de-Acción-GADURDANETA-2026 responsable técnico: Guido Gavica Moreira, Jefe de Riesgo, Ambiente, Áridos y Pétreos 2. Introducción El cantón Urdaneta presenta exposición territorial frente a eventos asociados al Evento El Niño 2026–2027, principalmente por inundaciones,"
a43a9fc4017d,Los Ríos,Urdaneta,Seguimiento F07,Guía F07,txt,0.0,60,,,GUIA_SEGUIMIENTO_F07.txt,Los Ríos/Urdaneta/04_SEGUIMIENTO_F07/GUIA_SEGUIMIENTO_F07.txt,Seguimiento F07,"SEGUIMIENTO F07 · Los Ríos / Urdaneta Estado sugerido para seguimiento mensual: - Actualizar porcentaje de implementación cada mes. - Registrar actividades ejecutadas, actividades pendientes, brechas, apoyo requerido y verificables. - Usar criterios C1-C10 para medir avance. - Adjuntar actas, fotos, mapas, oficios, informes técnicos o enlaces Drive. Porcentaje base sugerido: 60 %"
f1e05d8850fb,Los Ríos,Urdaneta,Informe de valoración,Informe / revisión,pdf,0.01,73,,,Informe_revision_porcentaje_Urdaneta_ENOS.pdf,Los Ríos/Urdaneta/02_INFORME_VALORACION/Informe_revision_porcentaje_Urdaneta_ENOS.pdf,Inundación/anegamiento; Erosión/socavación; Alojamiento temporal; Rutas/evacuación; COE / coordinación; Recursos/maquinaria; Mitigación/obras,"INFORME DE REVISION Y PORCENTAJE DE INTEGRACION Plan de Accion Cantonal ante el Evento El Nino 2026-2027 - GAD Municipal de Urdaneta Fecha de revision: 23 de junio de 2026 Archivo evaluado: PLAN DE ACCION URDANETA (2).docx Resultado global: 73 % de integracion de lineamientos 1. Criterio general El plan presenta una estructura completa y coherente para una primera version cantonal: incorpora antecedentes, objetivos, caracterizacion territorial, organizacion del COE, fases de accion, recursos, se"
db17f962fa06,Los Ríos,Urdaneta,Informe de valoración,Informe / revisión,md,0.0,60,Registros F01/F04 localizados; sin plan final localizado,Base parcial para plan,INFORME_VALORACION_URDANETA.md,Los Ríos/Urdaneta/02_INFORME_VALORACION/INFORME_VALORACION_URDANETA.md,Alojamiento temporal; Rutas/evacuación; COE / coordinación; Formulario F01; Seguimiento F07,# INFORME DE VALORACIÓN TÉCNICA ## Plan de Acción ENOS 2026-2027 · Los Ríos / Urdaneta **Estado documental:** Registros F01/F04 localizados; sin plan final localizado **Porcentaje estimado de afinidad / concordancia con lineamientos SNGR:** 60 % **Condición técnica:** Base parcial para plan ## 1. Base de valoración Se registran puntos críticos con necesidad de mitigación e intervención de Prefectura. ## 2. Criterios aplicados La valoración se organiza sobre diez criterios operativos usados para 
41a5f47b74b1,Los Ríos,Palenque,Seguimiento F07,Guía F07,txt,0.0,76,,,GUIA_SEGUIMIENTO_F07.txt,Los Ríos/Palenque/04_SEGUIMIENTO_F07/GUIA_SEGUIMIENTO_F07.txt,Seguimiento F07,"SEGUIMIENTO F07 · Los Ríos / Palenque Estado sugerido para seguimiento mensual: - Actualizar porcentaje de implementación cada mes. - Registrar actividades ejecutadas, actividades pendientes, brechas, apoyo requerido y verificables. - Usar criterios C1-C10 para medir avance. - Adjuntar actas, fotos, mapas, oficios, informes técnicos o enlaces Drive. Porcentaje base sugerido: 76 %"
d806a1b59a6d,Los Ríos,Palenque,Anexos verificables,Lista verificables,txt,0.0,,,,LISTA_VERIFICABLES_MINIMOS.txt,Los Ríos/Palenque/03_ANEXOS_VERIFICABLES/LISTA_VERIFICABLES_MINIMOS.txt,Alojamiento temporal; Rutas/evacuación; COE / coordinación; Seguimiento F07,"Verificables mínimos sugeridos: 1. Plan firmado o versión editable controlada. 2. Acta de COE o disposición institucional. 3. Matriz de acciones, responsables, plazos e indicadores. 4. Mapa, croquis, KMZ/SHP o georreferenciación de puntos críticos. 5. Fotografías por punto o sector. 6. Inventario de recursos y capacidades. 7. Registro de alojamientos temporales, rutas y puntos seguros. 8. Matriz F07 de seguimiento mensual."
f6a4b0784b26,Los Ríos,Palenque,Informe de valoración,Informe / revisión,md,0.0,76,Plan localizado,Borrador con estructura útil; requiere validación final,INFORME_VALORACION_PALENQUE.md,Los Ríos/Palenque/02_INFORME_VALORACION/INFORME_VALORACION_PALENQUE.md,Alojamiento temporal; Rutas/evacuación; Infraestructura expuesta; COE / coordinación; Formulario F01; Seguimiento F07,"# INFORME DE VALORACIÓN TÉCNICA ## Plan de Acción ENOS 2026-2027 · Los Ríos / Palenque **Estado documental:** Plan localizado **Porcentaje estimado de afinidad / concordancia con lineamientos SNGR:** 76 % **Condición técnica:** Borrador con estructura útil; requiere validación final ## 1. Base de valoración El plan registra datos generales, responsables, firmas, anexos de cartografía de amenazas, sectores priorizados, red vial expuesta, río Palenque e infraestructura crítica. ## 2. Criterios apl"
34854a88cf9d,Los Ríos,Palenque,Informe de valoración,Informe / revisión,pdf,0.04,76,,,Revision_tecnica_Plan_ENOS_Palenque_2026_2027 (1).pdf,Los Ríos/Palenque/02_INFORME_VALORACION/Revision_tecnica_Plan_ENOS_Palenque_2026_2027 (1).pdf,Inundación/anegamiento; Alojamiento temporal; Rutas/evacuación; Infraestructura expuesta; COE / coordinación; Recursos/maquinaria,"INFORME DE REVISIÓN TÉCNICA Plan de Acción Cantonal ante el Evento El Niño 2026-2027 - GAD Municipal del Cantón Palenque Documento revisado PLAN DE ACCION TERRITORIAL PALENQUE PARA EL NIÑO 2026-2027.pdf Extensión 32 páginas Resultado global Concordancia técnica estimada: 76% - Aceptable con correcciones obligatorias Criterio de revisión Lineamientos SNGR/COE, estructura de planes ENOS, fases de gestión del riesgo, operatividad territorial y trazabilidad documental Conclusión ejecutiva. El plan s"
45c71b37dea1,Los Ríos,Palenque,Plan / referencias,MD,md,0.0,,,,REFERENCIAS_ARCHIVOS_COMPARTIDOS.md,Los Ríos/Palenque/01_PLAN_COMPARTIDO_O_REFERENCIAS/REFERENCIAS_ARCHIVOS_COMPARTIDOS.md,,# Archivos compartidos o registros localizados · Los Ríos / Palenque ## PLAN DE ACCION TERRITORIAL PALENQUE PARA EL NIÑO 2026-2027.pdf Tipo: PDF Fuente: File Library Nota: Plan cantonal ante ENOS 2026-2027. Nota: esta carpeta contiene referencias y extractos operativos. Los binarios originales no se pudieron incrustar automáticamente desde la Biblioteca de Archivos.
9bba59683328,Los Ríos,Palenque,Plan / referencias,Informe / revisión,pdf,0.04,76,,,Revision_tecnica_Plan_ENOS_Palenque_2026_2027 (1).pdf,Los Ríos/Palenque/01_PLAN_COMPARTIDO_O_REFERENCIAS/Revision_tecnica_Plan_ENOS_Palenque_2026_2027 (1).pdf,Inundación/anegamiento; Alojamiento temporal; Rutas/evacuación; Infraestructura expuesta; COE / coordinación; Recursos/maquinaria,"INFORME DE REVISIÓN TÉCNICA Plan de Acción Cantonal ante el Evento El Niño 2026-2027 - GAD Municipal del Cantón Palenque Documento revisado PLAN DE ACCION TERRITORIAL PALENQUE PARA EL NIÑO 2026-2027.pdf Extensión 32 páginas Resultado global Concordancia técnica estimada: 76% - Aceptable con correcciones obligatorias Criterio de revisión Lineamientos SNGR/COE, estructura de planes ENOS, fases de gestión del riesgo, operatividad territorial y trazabilidad documental Conclusión ejecutiva. El plan s"
f2145f190877,Los Ríos,Palenque,Plan / referencias,Plan / contingencia,pdf,4.01,,,,PLAN_DE_ACCION_TERRITORIAL_DEL_GADM_PALENQUE_EL_NINO_20262027_signed-signed-signed-1.pdf,Los Ríos/Palenque/01_PLAN_COMPARTIDO_O_REFERENCIAS/PLAN_DE_ACCION_TERRITORIAL_DEL_GADM_PALENQUE_EL_NINO_20262027_signed-signed-signed-1.pdf,Inundación/anegamiento; Infraestructura expuesta; COE / coordinación,"PLAN DE ACCIÓN DEL CANTÓN PALENQUE PLAN DE ACCION ANTE EL EVENTO DEL FENOMENO DEL NIÑO 2026- 2027 Tnlg. JORDY CARRIEL NAVARRETE ALCALDE PLAN DE ACCIÓN CANTONAL ANTE EL EVENTO EL NIÑO 2026–2027 GOBIERNO AUTÓNOMO DESCENTRALIZADO MUNICIPAL DEL CANTÓN PALENQUE DATOS GENERALES, INTRODUCCIÓN, OBJETIVOS Y CARACTERIZACIÓN TERRITORIAL Provincia: Los Ríos Cantón: Palenque Responsable institucional: Ing. Washington Escobar Villamar Coordinador de Gestión de Riesgos Elaborado por: Julio Emanuel Peñafiel Anc"
9d2589a4f373,Los Ríos,Puebloviejo,Informe de valoración,Informe / revisión,md,0.0,78,Plan localizado,Concordancia media-alta; requiere validación de anexos y verificables,INFORME_VALORACION_PUEBLOVIEJO.md,Los Ríos/Puebloviejo/02_INFORME_VALORACION/INFORME_VALORACION_PUEBLOVIEJO.md,Alojamiento temporal; Rutas/evacuación; COE / coordinación; Formulario F01; Seguimiento F07,"# INFORME DE VALORACIÓN TÉCNICA ## Plan de Acción ENOS 2026-2027 · Los Ríos / Puebloviejo **Estado documental:** Plan localizado **Porcentaje estimado de afinidad / concordancia con lineamientos SNGR:** 78 % **Condición técnica:** Concordancia media-alta; requiere validación de anexos y verificables ## 1. Base de valoración El plan incorpora datos generales, introducción, objetivos, caracterización territorial, amenazas prioritarias y activación del COE Cantonal. ## 2. Criterios aplicados La val"
e63ce0122e30,Los Ríos,Puebloviejo,Anexos verificables,Lista verificables,txt,0.0,,,,LISTA_VERIFICABLES_MINIMOS.txt,Los Ríos/Puebloviejo/03_ANEXOS_VERIFICABLES/LISTA_VERIFICABLES_MINIMOS.txt,Alojamiento temporal; Rutas/evacuación; COE / coordinación; Seguimiento F07,"Verificables mínimos sugeridos: 1. Plan firmado o versión editable controlada. 2. Acta de COE o disposición institucional. 3. Matriz de acciones, responsables, plazos e indicadores. 4. Mapa, croquis, KMZ/SHP o georreferenciación de puntos críticos. 5. Fotografías por punto o sector. 6. Inventario de recursos y capacidades. 7. Registro de alojamientos temporales, rutas y puntos seguros. 8. Matriz F07 de seguimiento mensual."
ced7e3ee3505,Los Ríos,Puebloviejo,Seguimiento F07,Guía F07,txt,0.0,78,,,GUIA_SEGUIMIENTO_F07.txt,Los Ríos/Puebloviejo/04_SEGUIMIENTO_F07/GUIA_SEGUIMIENTO_F07.txt,Seguimiento F07,"SEGUIMIENTO F07 · Los Ríos / Puebloviejo Estado sugerido para seguimiento mensual: - Actualizar porcentaje de implementación cada mes. - Registrar actividades ejecutadas, actividades pendientes, brechas, apoyo requerido y verificables. - Usar criterios C1-C10 para medir avance. - Adjuntar actas, fotos, mapas, oficios, informes técnicos o enlaces Drive. Porcentaje base sugerido: 78 %"
c599184ca5b9,Los Ríos,Puebloviejo,Plan / referencias,Plan / contingencia,pdf,0.41,,,,Plan_Accion_ENOS_Buena_Fe_2026_revisado.pdf,Los Ríos/Puebloviejo/01_PLAN_COMPARTIDO_O_REFERENCIAS/Plan_Accion_ENOS_Buena_Fe_2026_revisado.pdf,Inundación/anegamiento; Erosión/socavación; Deslizamiento; Alojamiento temporal; Rutas/evacuación; Infraestructura expuesta; COE / coordinación; Recursos/maquinaria; Mitigación/obras; Formulario F01; Formulario F02; Seguimiento F07,"GAD MUNICIPAL SAN JACINTO DE BUENA FE | PLAN DE ACCIÓN ENOS 2026-2027 GOBIERNO AUTÓNOMO DESCENTRALIZADO MUNICIPAL DEL CANTÓN SAN JACINTO DE BUENA FE COORDINACIÓN DE GESTIÓN DE RIESGOS PLAN DE ACCIÓN PARA PUNTOS CRÍTICOS REPORTADOS ANTE EVENTO ENOS 2026-2027 Caso: GADBUENAFE-ENOS-2026-001 Cantón Buena Fe, Provincia de Los Ríos Versión preliminar para validación técnica e institucional Fecha de elaboración: 18 de junio de 2026 Documento técnico preliminar sujeto a validación de campo, respaldo fir"
337d9f78c0e1,Los Ríos,Puebloviejo,Plan / referencias,Plan / contingencia,pdf,5.26,,,,Plan de Acción Cantonal Ante El Niño 2026–2027 FINAL-1 (1).pdf,Los Ríos/Puebloviejo/01_PLAN_COMPARTIDO_O_REFERENCIAS/Plan de Acción Cantonal Ante El Niño 2026–2027 FINAL-1 (1).pdf,Inundación/anegamiento; Desbordamiento; Infraestructura expuesta; COE / coordinación,"PLAN DE ACCIÓN CANTONAL ANTE EL EVENTO EL NIÑO 2026–2027 GOBIERNO AUTÓNOMO DESCENTRALIZADO MUNICIPAL DE PUEBLOVIEJO 1. DATOS GENERALES Campo Información Provincia Los Ríos Cantón Puebloviejo Fecha de elaboración Junio 2026 Responsable técnico Tgo. Roboam Manuel Alava Lamilla Elaborado por Tga. Karla Patricia Rodríguez Rodríguez Revisado por Tgo. Roboam Manuel Alava Lamilla Aprobado por Ing. Elsy Jodamia Ospina Garcés Cargo Alcaldesa del cantón Puebloviejo 2. INTRODUCCIÓN El cantón Puebloviejo, u"
b1cb65d85869,Los Ríos,Puebloviejo,Plan / referencias,Plan / contingencia,pdf,5.26,,,,Plan de Acción Cantonal Ante El Niño 2026–2027 FINAL-1(1).pdf,Los Ríos/Puebloviejo/01_PLAN_COMPARTIDO_O_REFERENCIAS/Plan de Acción Cantonal Ante El Niño 2026–2027 FINAL-1(1).pdf,Inundación/anegamiento; Desbordamiento; Infraestructura expuesta; COE / coordinación,"PLAN DE ACCIÓN CANTONAL ANTE EL EVENTO EL NIÑO 2026–2027 GOBIERNO AUTÓNOMO DESCENTRALIZADO MUNICIPAL DE PUEBLOVIEJO 1. DATOS GENERALES Campo Información Provincia Los Ríos Cantón Puebloviejo Fecha de elaboración Junio 2026 Responsable técnico Tgo. Roboam Manuel Alava Lamilla Elaborado por Tga. Karla Patricia Rodríguez Rodríguez Revisado por Tgo. Roboam Manuel Alava Lamilla Aprobado por Ing. Elsy Jodamia Ospina Garcés Cargo Alcaldesa del cantón Puebloviejo 2. INTRODUCCIÓN El cantón Puebloviejo, u"
2e2b567a4167,Los Ríos,Puebloviejo,Plan / referencias,Plan / contingencia,pdf,5.26,,,,Plan de Acción Cantonal Ante El Niño 2026–2027 FINAL-1.pdf,Los Ríos/Puebloviejo/01_PLAN_COMPARTIDO_O_REFERENCIAS/Plan de Acción Cantonal Ante El Niño 2026–2027 FINAL-1.pdf,Inundación/anegamiento; Desbordamiento; Infraestructura expuesta; COE / coordinación,"PLAN DE ACCIÓN CANTONAL ANTE EL EVENTO EL NIÑO 2026–2027 GOBIERNO AUTÓNOMO DESCENTRALIZADO MUNICIPAL DE PUEBLOVIEJO 1. DATOS GENERALES Campo Información Provincia Los Ríos Cantón Puebloviejo Fecha de elaboración Junio 2026 Responsable técnico Tgo. Roboam Manuel Alava Lamilla Elaborado por Tga. Karla Patricia Rodríguez Rodríguez Revisado por Tgo. Roboam Manuel Alava Lamilla Aprobado por Ing. Elsy Jodamia Ospina Garcés Cargo Alcaldesa del cantón Puebloviejo 2. INTRODUCCIÓN El cantón Puebloviejo, u"
08606b3d6714,Los Ríos,Quinsaloma,Seguimiento F07,Guía F07,txt,0.0,,,,GUIA_SEGUIMIENTO_F07.txt,Los Ríos/Quinsaloma/04_SEGUIMIENTO_F07/GUIA_SEGUIMIENTO_F07.txt,Seguimiento F07,Registrar mensualmente: - Porcentaje anterior. - Porcentaje actual. - Actividades ejecutadas. - Actividades pendientes. - Brechas. - Apoyo requerido. - Verificables disponibles.
96526a75922f,Los Ríos,Quinsaloma,Anexos verificables,Lista verificables,txt,0.0,,,,LISTA_VERIFICABLES_MINIMOS.txt,Los Ríos/Quinsaloma/03_ANEXOS_VERIFICABLES/LISTA_VERIFICABLES_MINIMOS.txt,Alojamiento temporal; Rutas/evacuación; COE / coordinación; Seguimiento F07,"Verificables mínimos sugeridos: 1. Plan firmado o versión editable controlada. 2. Acta de COE o disposición institucional. 3. Matriz de acciones, responsables, plazos e indicadores. 4. Mapa, croquis, KMZ/SHP o georreferenciación de puntos críticos. 5. Fotografías por punto o sector. 6. Inventario de recursos y capacidades. 7. Registro de alojamientos temporales, rutas y puntos seguros. 8. Matriz F07 de seguimiento mensual."
c8248deb605d,Los Ríos,Quinsaloma,Plan / referencias,Sin archivo localizado,txt,0.0,,,,SIN_ARCHIVOS_COMPARTIDOS_LOCALIZADOS.txt,Los Ríos/Quinsaloma/01_PLAN_COMPARTIDO_O_REFERENCIAS/SIN_ARCHIVOS_COMPARTIDOS_LOCALIZADOS.txt,Seguimiento F07,Los Ríos / Quinsaloma No se localizaron archivos o registros específicos compartidos para este cantón en la búsqueda realizada. La carpeta queda preparada para incorporar: - Plan de Acción ENOS 2026-2027. - Informe de valoración. - Anexos verificables. - Seguimiento mensual F07.
edebed81120d,Los Ríos,Quinsaloma,Plan / referencias,Plan / contingencia,pdf,0.9,,,,Plan de Acción_FENÓMENO_EL NIÑO_Quinsaloma Definivo-signed-1-signed.pdf,Los Ríos/Quinsaloma/01_PLAN_COMPARTIDO_O_REFERENCIAS/Plan de Acción_FENÓMENO_EL NIÑO_Quinsaloma Definivo-signed-1-signed.pdf,Inundación/anegamiento; Desbordamiento; Infraestructura expuesta; COE / coordinación,"MÁS PREPARADOS MAS SEGUROS MÁS UNIDOS PLAN DE ACCIÓN ANTE EL FENÓMENO “EL NIÑO” EN EL CANTÓN QUINSALOMA 2025-2026 PLAN DE ACCIÓN ANTE EL FENÓMENO “EL NIÑO” EN EL CANTÓN QUINSALOMA 1. INTRODUCCIÓN Se llama ENOS El Niño Oscilación del Sur a un fenómeno climático natural que sucede cuando las aguas del océano Pacífico tropical se calientan de manera inusual, lo cual modifica la lluvia y los patrones de viento en toda esa área. En Quinsaloma, que se encuentra en la provincia de Ríos (una de las área"
a2fc18fc6f31,Los Ríos,Quinsaloma,Plan / referencias,Plan / contingencia,docx,3.07,8,,,Canton Quinsaloma - Plan de Acción_FENÓMENO_EL NIÑO_Quinsaloma Definivo(3).docx,Los Ríos/Quinsaloma/01_PLAN_COMPARTIDO_O_REFERENCIAS/Canton Quinsaloma - Plan de Acción_FENÓMENO_EL NIÑO_Quinsaloma Definivo(3).docx,Inundación/anegamiento; Desbordamiento; Erosión/socavación; Deslizamiento; Alojamiento temporal; Rutas/evacuación; Infraestructura expuesta; COE / coordinación; Recursos/maquinaria; Mitigación/obras,"M ÁS PREPARADOS MAS SEGUROS MÁS UNIDOS PLAN DE ACCIÓN ANTE EL FENÓMENO “EL NIÑO” EN EL CANTÓN QUINSALOMA PLAN DE ACCIÓN ANTE EL FENÓMENO “EL NIÑO” EN EL CANTÓN QUINSALOMA INTRODUCCIÓN Se llama ENOS El Niño Oscilación del Sur a un fenómeno climático natural que sucede cuando las aguas del océano Pacífico tropical se calientan de manera inusual, lo cual modifica la lluvia y los patrones de viento en toda esa área. En Quinsaloma, que se encuentra en la provincia de Ríos (una de las áreas con mayor "
a9c495bdd173,Los Ríos,Quinsaloma,Informe de valoración,Informe / revisión,docx,0.04,44,,,Informe_valoracion_integracion_lineamientos_ENOS_Quinsaloma(3).docx,Los Ríos/Quinsaloma/02_INFORME_VALORACION/Informe_valoracion_integracion_lineamientos_ENOS_Quinsaloma(3).docx,Inundación/anegamiento; Alojamiento temporal; Rutas/evacuación; Infraestructura expuesta; COE / coordinación; Recursos/maquinaria; Seguimiento F07,"INFORME TECNICO DE VALORACION Porcentaje de integracion de los Lineamientos Estrategicos ENOS 2026-2027 Plan de Accion ante el Fenomeno ""El Nino"" en el canton Quinsaloma Resultado ponderado 44 / 100 Nivel de integracion MEDIA-BAJA: instrumento preliminar, no validable como plan operativo cerrado 1. Criterio ejecutivo El documento revisado presenta una base narrativa util sobre el fenomeno El Nino, la exposicion general del canton Quinsaloma y las amenazas asociadas a inundaciones, salud, agricul"
31c40befc3d7,Los Ríos,Quinsaloma,Informe de valoración,Informe / revisión,docx,0.04,44,,,Informe_valoracion_integracion_lineamientos_ENOS_Quinsaloma (1).docx,Los Ríos/Quinsaloma/02_INFORME_VALORACION/Informe_valoracion_integracion_lineamientos_ENOS_Quinsaloma (1).docx,Inundación/anegamiento; Alojamiento temporal; Rutas/evacuación; Infraestructura expuesta; COE / coordinación; Recursos/maquinaria; Seguimiento F07,"INFORME TECNICO DE VALORACION Porcentaje de integracion de los Lineamientos Estrategicos ENOS 2026-2027 Plan de Accion ante el Fenomeno ""El Nino"" en el canton Quinsaloma Resultado ponderado 44 / 100 Nivel de integracion MEDIA-BAJA: instrumento preliminar, no validable como plan operativo cerrado 1. Criterio ejecutivo El documento revisado presenta una base narrativa util sobre el fenomeno El Nino, la exposicion general del canton Quinsaloma y las amenazas asociadas a inundaciones, salud, agricul"
c934a08e5b35,Los Ríos,Mocache,Anexos verificables,Lista verificables,txt,0.0,,,,LISTA_VERIFICABLES_MINIMOS.txt,Los Ríos/Mocache/03_ANEXOS_VERIFICABLES/LISTA_VERIFICABLES_MINIMOS.txt,Alojamiento temporal; Rutas/evacuación; COE / coordinación; Seguimiento F07,"Verificables mínimos sugeridos: 1. Plan firmado o versión editable controlada. 2. Acta de COE o disposición institucional. 3. Matriz de acciones, responsables, plazos e indicadores. 4. Mapa, croquis, KMZ/SHP o georreferenciación de puntos críticos. 5. Fotografías por punto o sector. 6. Inventario de recursos y capacidades. 7. Registro de alojamientos temporales, rutas y puntos seguros. 8. Matriz F07 de seguimiento mensual."
1144c6d19dd8,Los Ríos,Mocache,Seguimiento F07,Guía F07,txt,0.0,,,,GUIA_SEGUIMIENTO_F07.txt,Los Ríos/Mocache/04_SEGUIMIENTO_F07/GUIA_SEGUIMIENTO_F07.txt,Seguimiento F07,Registrar mensualmente: - Porcentaje anterior. - Porcentaje actual. - Actividades ejecutadas. - Actividades pendientes. - Brechas. - Apoyo requerido. - Verificables disponibles.
cdbde1ba671f,Los Ríos,Mocache,Plan / referencias,Plan / contingencia,pdf,3.55,,,,PLAN DE ACCION Y CONTINGENCIA ENOS - MOCACHE-2026-signed-signed (1).pdf,Los Ríos/Mocache/01_PLAN_COMPARTIDO_O_REFERENCIAS/PLAN DE ACCION Y CONTINGENCIA ENOS - MOCACHE-2026-signed-signed (1).pdf,Inundación/anegamiento; Alojamiento temporal; Infraestructura expuesta; COE / coordinación,PLAN DE ACCIÓN Y CONTINGENCIA TERRITORIAL ANTE EVENTO ENOS - MOCACHE 2026 - 2027 1 INDICE GENERAL 1. FINALIDAD Y OBJETIVOS ......................................................................... 5 1.1 FINALIDAD .................................................................................................. 5 1.2 Objetivo General ............................................................................................. 6 1.3 Objetivo Especifico .............................................
fc85ae74e3be,Los Ríos,Mocache,Informe de valoración,Informe pendiente,txt,0.0,,,,INFORME_VALORACION_PENDIENTE.txt,Los Ríos/Mocache/02_INFORME_VALORACION/INFORME_VALORACION_PENDIENTE.txt,,INFORME DE VALORACIÓN PENDIENTE · Los Ríos / Mocache No se localizó un plan o registro específico suficiente para emitir valoración técnica. Pendiente cargar o ubicar el documento base del cantón.
55fdfe68bc57,Los Ríos,Baba,Seguimiento F07,Guía F07,txt,0.0,,,,GUIA_SEGUIMIENTO_F07.txt,Los Ríos/Baba/04_SEGUIMIENTO_F07/GUIA_SEGUIMIENTO_F07.txt,Seguimiento F07,Registrar mensualmente: - Porcentaje anterior. - Porcentaje actual. - Actividades ejecutadas. - Actividades pendientes. - Brechas. - Apoyo requerido. - Verificables disponibles.
f301f34f4f52,Los Ríos,Baba,Plan / referencias,Sin archivo localizado,txt,0.0,,,,SIN_ARCHIVOS_COMPARTIDOS_LOCALIZADOS.txt,Los Ríos/Baba/01_PLAN_COMPARTIDO_O_REFERENCIAS/SIN_ARCHIVOS_COMPARTIDOS_LOCALIZADOS.txt,Seguimiento F07,Los Ríos / Baba No se localizaron archivos o registros específicos compartidos para este cantón en la búsqueda realizada. La carpeta queda preparada para incorporar: - Plan de Acción ENOS 2026-2027. - Informe de valoración. - Anexos verificables. - Seguimiento mensual F07.
b743b638a8b5,Los Ríos,Baba,Plan / referencias,Plan / contingencia,pdf,1.68,,,,Plan de acción territorial ante el evento del niño 2026-signed.pdf,Los Ríos/Baba/01_PLAN_COMPARTIDO_O_REFERENCIAS/Plan de acción territorial ante el evento del niño 2026-signed.pdf,Inundación/anegamiento; Desbordamiento; Erosión/socavación; Alojamiento temporal; Infraestructura expuesta; COE / coordinación,PLAN DE ACCIÓN TERRITORIAL ANTE EL EVENTO EL NIÑO 2026-2027 CANTÓN BABA – PROVINCIA DE LOS RÍOS Gobierno Autónomo Descentralizado Municipal del Cantón Baba Administración 2023-2027 Autorizado por: Validar únicamente en FirmaEC. Firmado electrónicamente por: SHIRLEY JAEL MELO OLVERA Ab. Jael Melo Olvera Alcaldesa del Cantón Baba Presidenta del COE Cantonal Elaborado por: Dirección de Planeamiento Urbano y Ordenamiento Territorial Equipo técnico de Gestión de Riesgos GAD Municipal del Cantón Baba.
acae8eedc6e2,Los Ríos,Baba,Informe de valoración,Informe pendiente,txt,0.0,,,,INFORME_VALORACION_PENDIENTE.txt,Los Ríos/Baba/02_INFORME_VALORACION/INFORME_VALORACION_PENDIENTE.txt,,INFORME DE VALORACIÓN PENDIENTE · Los Ríos / Baba No se localizó un plan o registro específico suficiente para emitir valoración técnica. Pendiente cargar o ubicar el documento base del cantón.
ff89e471ac68,Los Ríos,Baba,Anexos verificables,Lista verificables,txt,0.0,,,,LISTA_VERIFICABLES_MINIMOS.txt,Los Ríos/Baba/03_ANEXOS_VERIFICABLES/LISTA_VERIFICABLES_MINIMOS.txt,Alojamiento temporal; Rutas/evacuación; COE / coordinación; Seguimiento F07,"Verificables mínimos sugeridos: 1. Plan firmado o versión editable controlada. 2. Acta de COE o disposición institucional. 3. Matriz de acciones, responsables, plazos e indicadores. 4. Mapa, croquis, KMZ/SHP o georreferenciación de puntos críticos. 5. Fotografías por punto o sector. 6. Inventario de recursos y capacidades. 7. Registro de alojamientos temporales, rutas y puntos seguros. 8. Matriz F07 de seguimiento mensual."
227837fca689,Los Ríos,Buena Fe,Anexos verificables,Lista verificables,txt,0.0,,,,LISTA_VERIFICABLES_MINIMOS.txt,Los Ríos/Buena Fe/03_ANEXOS_VERIFICABLES/LISTA_VERIFICABLES_MINIMOS.txt,Alojamiento temporal; Rutas/evacuación; COE / coordinación; Seguimiento F07,"Verificables mínimos sugeridos: 1. Plan firmado o versión editable controlada. 2. Acta de COE o disposición institucional. 3. Matriz de acciones, responsables, plazos e indicadores. 4. Mapa, croquis, KMZ/SHP o georreferenciación de puntos críticos. 5. Fotografías por punto o sector. 6. Inventario de recursos y capacidades. 7. Registro de alojamientos temporales, rutas y puntos seguros. 8. Matriz F07 de seguimiento mensual."
2dc95ab235b9,Los Ríos,Buena Fe,Informe de valoración,Informe / revisión,md,0.0,62,Plan y revisión localizados,Parcial; no apto para remisión formal sin completar faltantes,INFORME_VALORACION_BUENA FE.md,Los Ríos/Buena Fe/02_INFORME_VALORACION/INFORME_VALORACION_BUENA FE.md,Alojamiento temporal; Rutas/evacuación; COE / coordinación; Formulario F01; Seguimiento F07,"# INFORME DE VALORACIÓN TÉCNICA ## Plan de Acción ENOS 2026-2027 · Los Ríos / Buena Fe **Estado documental:** Plan y revisión localizados **Porcentaje estimado de afinidad / concordancia con lineamientos SNGR:** 62 % **Condición técnica:** Parcial; no apto para remisión formal sin completar faltantes ## 1. Base de valoración El propio documento clasifica la información como insuficiente para versión definitiva por ausencia de amenaza observada en F01, coordenadas, exposición, priorización, F07 y"
bcd091a83ae2,Los Ríos,Buena Fe,Seguimiento F07,Guía F07,txt,0.0,62,,,GUIA_SEGUIMIENTO_F07.txt,Los Ríos/Buena Fe/04_SEGUIMIENTO_F07/GUIA_SEGUIMIENTO_F07.txt,Seguimiento F07,"SEGUIMIENTO F07 · Los Ríos / Buena Fe Estado sugerido para seguimiento mensual: - Actualizar porcentaje de implementación cada mes. - Registrar actividades ejecutadas, actividades pendientes, brechas, apoyo requerido y verificables. - Usar criterios C1-C10 para medir avance. - Adjuntar actas, fotos, mapas, oficios, informes técnicos o enlaces Drive. Porcentaje base sugerido: 62 %"
2b7ff347b5cf,Los Ríos,Buena Fe,Plan / referencias,Plan / contingencia,docx,0.06,80,,,Plan_Accion_ENOS_Buena_Fe_2026.docx,Los Ríos/Buena Fe/01_PLAN_COMPARTIDO_O_REFERENCIAS/Plan_Accion_ENOS_Buena_Fe_2026.docx,Inundación/anegamiento; Erosión/socavación; Deslizamiento; Alojamiento temporal; Rutas/evacuación; Infraestructura expuesta; COE / coordinación; Recursos/maquinaria; Mitigación/obras; Formulario F01; Formulario F02; Seguimiento F07,"GOBIERNO AUTÓNOMO DESCENTRALIZADO MUNICIPAL DEL CANTÓN SAN JACINTO DE BUENA FE COORDINACIÓN DE GESTIÓN DE RIESGOS PLAN DE ACCIÓN PARA PUNTOS CRÍTICOS REPORTADOS ANTE EVENTO ENOS 2026-2027 Caso: GADBUENAFE-ENOS-2026-001 Cantón Buena Fe, Provincia de Los Ríos Versión preliminar para validación técnica e institucional Fecha de elaboración: 18 de junio de 2026 1. Control documental Campo Detalle Código del caso GADBUENAFE-ENOS-2026-001 Nombre del proceso Plan de acción para puntos críticos reportado"
0a78428da2ab,Los Ríos,Buena Fe,Plan / referencias,Plan / contingencia,pdf,4.0,,,,Plan Acciones FENOMENO DEL NIÑO 2026-2027 Cantón Buena Fe-signed-signed-signed-signed-signed.pdf,Los Ríos/Buena Fe/01_PLAN_COMPARTIDO_O_REFERENCIAS/Plan Acciones FENOMENO DEL NIÑO 2026-2027 Cantón Buena Fe-signed-signed-signed-signed-signed.pdf,Inundación/anegamiento; Infraestructura expuesta; COE / coordinación; Formulario F01,Contenido 1 ANTECEDENTES ............................................................................................................... 1 1.1 DATOS HISTÓRICOS .................................................................................................... 3 2 PROPÓSITO ..................................................................................................................... 5 3 ALCANCE ...............................................................................................
b95972269bb9,Los Ríos,Montalvo,Anexos verificables,Lista verificables,txt,0.0,,,,LISTA_VERIFICABLES_MINIMOS.txt,Los Ríos/Montalvo/03_ANEXOS_VERIFICABLES/LISTA_VERIFICABLES_MINIMOS.txt,Alojamiento temporal; Rutas/evacuación; COE / coordinación; Seguimiento F07,"Verificables mínimos sugeridos: 1. Plan firmado o versión editable controlada. 2. Acta de COE o disposición institucional. 3. Matriz de acciones, responsables, plazos e indicadores. 4. Mapa, croquis, KMZ/SHP o georreferenciación de puntos críticos. 5. Fotografías por punto o sector. 6. Inventario de recursos y capacidades. 7. Registro de alojamientos temporales, rutas y puntos seguros. 8. Matriz F07 de seguimiento mensual."
61aeab9b7baa,Los Ríos,Montalvo,Plan / referencias,MD,md,0.0,,,,REFERENCIAS_ARCHIVOS_COMPARTIDOS.md,Los Ríos/Montalvo/01_PLAN_COMPARTIDO_O_REFERENCIAS/REFERENCIAS_ARCHIVOS_COMPARTIDOS.md,,"# Archivos compartidos o registros localizados · Los Ríos / Montalvo ## Plan ENOS 2026.pdf Tipo: PDF Fuente: File Library Nota: Plan de Acción Territorial cantón Montalvo, provincia de Los Ríos. Nota: esta carpeta contiene referencias y extractos operativos. Los binarios originales no se pudieron incrustar automáticamente desde la Biblioteca de Archivos."
e45a8cd670ce,Los Ríos,Montalvo,Plan / referencias,PDF soporte,pdf,0.13,,,,GADMCM-ALC-2026-0138-OF.pdf,Los Ríos/Montalvo/01_PLAN_COMPARTIDO_O_REFERENCIAS/GADMCM-ALC-2026-0138-OF.pdf,COE / coordinación,"REPÚBLICA DEL ECUADOR Gobierno Autónomo Descentralizado Municipal del Cantón Montalvo Oficio Nro. GADMCM-ALC-2026-0138-OF Montalvo, 19 de junio de 2026 Asunto: Remisión del Plan de Acción Territorial ante el Evento El Niño 2026â2027 â Cantón Montalvo Señor Jairo Fabricio Jaramillo Rucano Coordinador Zonal 5 de Gestión de Riesgos SECRETARÍA NACIONAL DE GESTIÓN DE RIESGOS Señor Licenciado Bolívar Gustavo Gabilanes Ramos Servidor Público 5 SECRETARÍA NACIONAL DE GESTIÓN DE RIESGOS En su Despacho De"
b5d38f75653c,Los Ríos,Montalvo,Plan / referencias,Informe / revisión,pdf,0.01,72,,,revision_tecnica_plan_enos_montalvo.pdf,Los Ríos/Montalvo/01_PLAN_COMPARTIDO_O_REFERENCIAS/revision_tecnica_plan_enos_montalvo.pdf,Inundación/anegamiento; Desbordamiento; Erosión/socavación; Deslizamiento; Alojamiento temporal; Rutas/evacuación; Infraestructura expuesta; COE / coordinación; Recursos/maquinaria,Revision tecnica - Plan de Accion Territorial ENOS 2026-2027 INFORME TECNICO DE REVISION Plan de Accion Territorial ante el Evento El Nino 2026-2027 Gobierno Autonomo Descentralizado Municipal del Canton Montalvo - Provincia de Los Rios Documento revisado Plan ENOS 2026.pdf Institucion GAD Municipal del Canton Montalvo Fecha del plan 18 de junio de 2026 Responsable tecnico Msc. Carmen Yalila Pacheco Vega - Jefa de Gestion de Riesgos del GAD Montalvo indicado Alcance de esta revision Revision tec
8600d1964928,Los Ríos,Montalvo,Plan / referencias,Plan / contingencia,pdf,2.55,,,,plan enos 2026 FIRMADO-signed-signed.pdf,Los Ríos/Montalvo/01_PLAN_COMPARTIDO_O_REFERENCIAS/plan enos 2026 FIRMADO-signed-signed.pdf,Inundación/anegamiento; Desbordamiento; Erosión/socavación; Deslizamiento; Infraestructura expuesta; COE / coordinación; Mitigación/obras,ADMINISTRACIÓN 2023-2027 GOBIERNO AUTÓNOMO DESCENTRALIZADO MUNICIPAL DEL CANTÓN MONTALVO PLAN DE ACCIÓN TERRITORIAL ANTE EL EVENTO EL NIÑO 2026–2027 CANTÓN MONTALVO – PROVINCIA DE LOS RÍOS Autorizado por: Ing. Eduardo Troncoso Rosas Alcalde del Cantón Montalvo Presidente del COE Cantonal Revisado por: Arq. Jonathan Pumashunta T. Dirección de Desarrollo y Ordenamiento Territorial GAD-MONTALVO Elaborado por: Msc. Carmen Pacheco Vega JEFA DE GESTIÓN DE RIESGO Y CONTROL AMBIENTAL GAD-MONTALVO ADMINI
06faf0cde87d,Los Ríos,Montalvo,Plan / referencias,Plan / contingencia,pdf,1.85,,,,Plan ENOS 2026.pdf,Los Ríos/Montalvo/01_PLAN_COMPARTIDO_O_REFERENCIAS/Plan ENOS 2026.pdf,Inundación/anegamiento; Desbordamiento; Erosión/socavación; Deslizamiento; Infraestructura expuesta; COE / coordinación; Mitigación/obras,ADMINISTRACIÓN 2023-2027 GOBIERNO AUTÓNOMO DESCENTRALIZADO MUNICIPAL DEL CANTÓN MONTALVO PLAN DE ACCIÓN TERRITORIAL ANTE EL EVENTO EL NIÑO 2026–2027 CANTÓN MONTALVO – PROVINCIA DE LOS RÍOS Autorizado por: Ing. Eduardo Troncoso Rosas Alcalde del Cantón Montalvo Presidente del COE Cantonal Revisado por: Arq. Jonathan Pumashunta T. Dirección de Desarrollo y Ordenamiento Territorial GAD-MONTALVO Elaborado por: Msc. Carmen Pacheco Vega JEFA DE GESTIÓN DE RIESGO Y CONTROL AMBIENTAL GAD-MONTALVO ADMINI
3d85f65b1e7e,Los Ríos,Montalvo,Plan / referencias,Plan / contingencia,pdf,2.55,,,,plan enos 2026 FIRMADO-signed-signed-1.pdf,Los Ríos/Montalvo/01_PLAN_COMPARTIDO_O_REFERENCIAS/plan enos 2026 FIRMADO-signed-signed-1.pdf,Inundación/anegamiento; Desbordamiento; Erosión/socavación; Deslizamiento; Infraestructura expuesta; COE / coordinación; Mitigación/obras,ADMINISTRACIÓN 2023-2027 GOBIERNO AUTÓNOMO DESCENTRALIZADO MUNICIPAL DEL CANTÓN MONTALVO PLAN DE ACCIÓN TERRITORIAL ANTE EL EVENTO EL NIÑO 2026–2027 CANTÓN MONTALVO – PROVINCIA DE LOS RÍOS Autorizado por: Ing. Eduardo Troncoso Rosas Alcalde del Cantón Montalvo Presidente del COE Cantonal Revisado por: Arq. Jonathan Pumashunta T. Dirección de Desarrollo y Ordenamiento Territorial GAD-MONTALVO Elaborado por: Msc. Carmen Pacheco Vega JEFA DE GESTIÓN DE RIESGO Y CONTROL AMBIENTAL GAD-MONTALVO ADMINI
e5c8da573dda,Los Ríos,Montalvo,Seguimiento F07,Guía F07,txt,0.0,83,,,GUIA_SEGUIMIENTO_F07.txt,Los Ríos/Montalvo/04_SEGUIMIENTO_F07/GUIA_SEGUIMIENTO_F07.txt,Seguimiento F07,"SEGUIMIENTO F07 · Los Ríos / Montalvo Estado sugerido para seguimiento mensual: - Actualizar porcentaje de implementación cada mes. - Registrar actividades ejecutadas, actividades pendientes, brechas, apoyo requerido y verificables. - Usar criterios C1-C10 para medir avance. - Adjuntar actas, fotos, mapas, oficios, informes técnicos o enlaces Drive. Porcentaje base sugerido: 83 %"
6ae5e4468074,Los Ríos,Montalvo,Informe de valoración,Informe / revisión,pdf,0.01,72,,,revision_tecnica_plan_enos_montalvo.pdf,Los Ríos/Montalvo/02_INFORME_VALORACION/revision_tecnica_plan_enos_montalvo.pdf,Inundación/anegamiento; Desbordamiento; Erosión/socavación; Deslizamiento; Alojamiento temporal; Rutas/evacuación; Infraestructura expuesta; COE / coordinación; Recursos/maquinaria,Revision tecnica - Plan de Accion Territorial ENOS 2026-2027 INFORME TECNICO DE REVISION Plan de Accion Territorial ante el Evento El Nino 2026-2027 Gobierno Autonomo Descentralizado Municipal del Canton Montalvo - Provincia de Los Rios Documento revisado Plan ENOS 2026.pdf Institucion GAD Municipal del Canton Montalvo Fecha del plan 18 de junio de 2026 Responsable tecnico Msc. Carmen Yalila Pacheco Vega - Jefa de Gestion de Riesgos del GAD Montalvo indicado Alcance de esta revision Revision tec
082829cd9540,Los Ríos,Montalvo,Informe de valoración,Informe / revisión,md,0.0,83,Plan localizado,Alta concordancia; requiere control de anexos y seguimiento,INFORME_VALORACION_MONTALVO.md,Los Ríos/Montalvo/02_INFORME_VALORACION/INFORME_VALORACION_MONTALVO.md,Inundación/anegamiento; Desbordamiento; Erosión/socavación; Alojamiento temporal; Rutas/evacuación; Infraestructura expuesta; COE / coordinación; Formulario F01; Seguimiento F07,"# INFORME DE VALORACIÓN TÉCNICA ## Plan de Acción ENOS 2026-2027 · Los Ríos / Montalvo **Estado documental:** Plan localizado **Porcentaje estimado de afinidad / concordancia con lineamientos SNGR:** 83 % **Condición técnica:** Alta concordancia; requiere control de anexos y seguimiento ## 1. Base de valoración El plan identifica inundaciones, desbordamientos, erosión de riberas, afectaciones a infraestructura vial, déficit hídrico y mecanismos de monitoreo. ## 2. Criterios aplicados La valoraci"
41119d6c178f,Los Ríos,Babahoyo,Anexos verificables,Lista verificables,txt,0.0,,,,LISTA_VERIFICABLES_MINIMOS.txt,Los Ríos/Babahoyo/03_ANEXOS_VERIFICABLES/LISTA_VERIFICABLES_MINIMOS.txt,Alojamiento temporal; Rutas/evacuación; COE / coordinación; Seguimiento F07,"Verificables mínimos sugeridos: 1. Plan firmado o versión editable controlada. 2. Acta de COE o disposición institucional. 3. Matriz de acciones, responsables, plazos e indicadores. 4. Mapa, croquis, KMZ/SHP o georreferenciación de puntos críticos. 5. Fotografías por punto o sector. 6. Inventario de recursos y capacidades. 7. Registro de alojamientos temporales, rutas y puntos seguros. 8. Matriz F07 de seguimiento mensual."
b2d3412cbee9,Los Ríos,Babahoyo,Informe de valoración,Informe pendiente,txt,0.0,,,,INFORME_VALORACION_PENDIENTE.txt,Los Ríos/Babahoyo/02_INFORME_VALORACION/INFORME_VALORACION_PENDIENTE.txt,,INFORME DE VALORACIÓN PENDIENTE · Los Ríos / Babahoyo No se localizó un plan o registro específico suficiente para emitir valoración técnica. Pendiente cargar o ubicar el documento base del cantón.
fbb5a25667d9,Los Ríos,Babahoyo,Informe de valoración,Informe / revisión,pdf,0.01,78,,,Informe_revision_porcentaje_Babahoyo_ENOS_2026_2027.pdf,Los Ríos/Babahoyo/02_INFORME_VALORACION/Informe_revision_porcentaje_Babahoyo_ENOS_2026_2027.pdf,Inundación/anegamiento; Alojamiento temporal; Rutas/evacuación; Infraestructura expuesta; COE / coordinación,"Informe de revision tecnica - porcentaje de integracion Plan de Accion ante el Evento El Nino 2026-2027 - Canton Babahoyo Resultado: 78/100 - integracion media-alta. El documento es valido como base de planificacion cantonal porque incluye diagnostico territorial, estructura COE, fases del plan, monitoreo, comunicacion, recursos, brechas y anexos cartograficos. Sin embargo, todavia requiere subsanaciones operativas para pasar de documento descriptivo a plan ejecutable: matriz de acciones costada"
13f59f916fa0,Los Ríos,Babahoyo,Seguimiento F07,Guía F07,txt,0.0,,,,GUIA_SEGUIMIENTO_F07.txt,Los Ríos/Babahoyo/04_SEGUIMIENTO_F07/GUIA_SEGUIMIENTO_F07.txt,Seguimiento F07,Registrar mensualmente: - Porcentaje anterior. - Porcentaje actual. - Actividades ejecutadas. - Actividades pendientes. - Brechas. - Apoyo requerido. - Verificables disponibles.
27ce4aed479b,Los Ríos,Babahoyo,Plan / referencias,Plan / contingencia,pdf,2.2,69,,,Plan de accion cantonal FENOMENO_DEL_NIÑO 2026 (1).pdf,Los Ríos/Babahoyo/01_PLAN_COMPARTIDO_O_REFERENCIAS/Plan de accion cantonal FENOMENO_DEL_NIÑO 2026 (1).pdf,Inundación/anegamiento; Desbordamiento; Erosión/socavación; Deslizamiento; Infraestructura expuesta; COE / coordinación,"PLAN DE ACCIÓN ANTE EL EVENTO EL NIÑO 2026 - 2027 CANTÓN BABAHOYO DIRECCION DE SEGURIDAD CIUDADANA Y GESTION DE RIESGOS PLAN DE ACCION ANTE EL EVENTO EL NIÑO 2026 - 2027 CANTÓN BABAHOYO ´´ Babahoyo se prepara, Babahoyo se protege "" 1. DATOS GENERALES Provincia Los Ríos Cantón Babahoyo Fecha de 19 de junio de 2026 elaboración Población 183.000 habitantes aproximadamente (actualizar con la proyección oficial del estimada INEC 2026) Extensión 1.076,42 km² territorial Parroquias Clemente Baquerizo, "
3b242c1dab7c,Bolívar,Gobierno provincial de Bolivar,Otros,Informe / revisión,pdf,0.01,83,,,Informe_revision_porcentaje_Plan_ENOS_Bolivar.pdf,Bolívar/Gobierno provincial de Bolivar/Informe_revision_porcentaje_Plan_ENOS_Bolivar.pdf,Inundación/anegamiento; Desbordamiento; Rutas/evacuación; Infraestructura expuesta; COE / coordinación; Recursos/maquinaria,"INFORME DE REVISIÓN Y VALORACIÓN PORCENTUAL Plan de Acción Fenómeno El Niño 2026-2027 - Prefectura de Bolívar Documento revisado 1.0 PLAN DE ACCIÓN EL NIÑO 2026 - 2027.pdf Institución Prefectura de Bolívar - Secretaría de Gestión Ambiental y Riesgos Naturales Extensión del documento 52 páginas Criterio de revisión Integración de lineamientos ENOS 2026-2027: diagnóstico territorial, escenarios de riesgo, puntos críticos, acciones verificables, coordinación interinstitucional, COE/CIE, recursos, s"
8e6217356340,Bolívar,Gobierno provincial de Bolivar,Otros,Informe / revisión,pdf,0.06,,,,revision_tecnica_plan_el_nino_bolivar.pdf,Bolívar/Gobierno provincial de Bolivar/revision_tecnica_plan_el_nino_bolivar.pdf,Inundación/anegamiento; Deslizamiento; Alojamiento temporal; Rutas/evacuación; Infraestructura expuesta; COE / coordinación; Recursos/maquinaria,"INFORME DE REVISIÓN TÉCNICA DOCUMENTAL Plan Fenómeno El Niño 2026-2027 - Gobierno Autónomo Descentralizado de la Provincia Bolívar Documento revisado: PLAN_EL_NINO_2026__2027_signed-signed.pdf, 35 páginas. Fecha de revisión: junio de 2026. Carácter: revisión técnica de concordancia, no aprobación formal. 1. Resultado ejecutivo El documento presenta una base territorial importante: ficha provincial, contexto de alerta amarilla, análisis de amenazas por movimientos en masa e inundaciones, mapas ca"
1f00e5d49075,Bolívar,Gobierno provincial de Bolivar,Otros,Plan / contingencia,pdf,8.63,,,,1_0_PLAN_DE_ACCION_EL_NINO_2026__2027_signed_signed.pdf,Bolívar/Gobierno provincial de Bolivar/1_0_PLAN_DE_ACCION_EL_NINO_2026__2027_signed_signed.pdf,Inundación/anegamiento; Desbordamiento; Rutas/evacuación; Infraestructura expuesta; COE / coordinación; Recursos/maquinaria,"SECRETARÍA DE GESTIÓN AMBIENTAL Y RIESGOS NATURALES PLAN DE ACCIÓN FENÓMENO EL NIÑO 2026 - 2027 1 El presente plan constituye el instrumento oficial de preparación, respuesta y recuperación de la provincia Bolívar frente a los impactos previstos del Fenómeno El Niño 2026–2027. Se elaboró con base en el diagnóstico territorial de amenazas, la identificación de puntos críticos históricos (2018–2026). Objetivo Fortalecer la capacidad institucional y comunitaria en la provincia de Bolívar para reduc"
421ac4e5d2d2,Bolívar,Provincial,Otros,Plan / contingencia,pdf,8.63,,,,1_0_PLAN_DE_ACCION_EL_NINO_2026__2027_signed_signed (1).pdf,Bolívar/Provincial/1_0_PLAN_DE_ACCION_EL_NINO_2026__2027_signed_signed (1).pdf,Inundación/anegamiento; Desbordamiento; Rutas/evacuación; Infraestructura expuesta; COE / coordinación; Recursos/maquinaria,"SECRETARÍA DE GESTIÓN AMBIENTAL Y RIESGOS NATURALES PLAN DE ACCIÓN FENÓMENO EL NIÑO 2026 - 2027 1 El presente plan constituye el instrumento oficial de preparación, respuesta y recuperación de la provincia Bolívar frente a los impactos previstos del Fenómeno El Niño 2026–2027. Se elaboró con base en el diagnóstico territorial de amenazas, la identificación de puntos críticos históricos (2018–2026). Objetivo Fortalecer la capacidad institucional y comunitaria en la provincia de Bolívar para reduc"
2ca7aa6aac00,Bolívar,Chillanes,Seguimiento F07,Guía F07,txt,0.0,,,,GUIA_SEGUIMIENTO_F07.txt,Bolívar/Chillanes/04_SEGUIMIENTO_F07/GUIA_SEGUIMIENTO_F07.txt,Seguimiento F07,Registrar mensualmente: - Porcentaje anterior. - Porcentaje actual. - Actividades ejecutadas. - Actividades pendientes. - Brechas. - Apoyo requerido. - Verificables disponibles.
9181ec1f4abc,Bolívar,Chillanes,Plan / referencias,Sin archivo localizado,txt,0.0,,,,SIN_ARCHIVOS_COMPARTIDOS_LOCALIZADOS.txt,Bolívar/Chillanes/01_PLAN_COMPARTIDO_O_REFERENCIAS/SIN_ARCHIVOS_COMPARTIDOS_LOCALIZADOS.txt,Seguimiento F07,Bolívar / Chillanes No se localizaron archivos o registros específicos compartidos para este cantón en la búsqueda realizada. La carpeta queda preparada para incorporar: - Plan de Acción ENOS 2026-2027. - Informe de valoración. - Anexos verificables. - Seguimiento mensual F07.
f9d700312ed0,Bolívar,Chillanes,Plan / referencias,Plan / contingencia,pdf,1.83,,,,PLAN DE ACCION CHILLANES-signed-signed-signed (1).pdf,Bolívar/Chillanes/01_PLAN_COMPARTIDO_O_REFERENCIAS/PLAN DE ACCION CHILLANES-signed-signed-signed (1).pdf,Inundación/anegamiento; Desbordamiento; Deslizamiento; Infraestructura expuesta; COE / coordinación,"Plan de Acción Territorial ENOS 2026–2027 GAD Municipal del Cantón Chillanes 1. Datos generales Provincia: Bolívar Cantón: Chillanes Tipo de GAD: Cantonal Fecha de elaboración: 24/06/2026 Responsable técnico: Jorge Colina, Técnico de la Unidad de Gestión de Riesgos del GAD Municipal de Chillanes. 2. Introducción El cantón Chillanes presenta exposición ante posibles impactos asociados al Evento El Niño 2026–2027, principalmente por inundaciones, desbordamientos de ríos y movimientos en masa. Los "
aea31eaf07a7,Bolívar,Chillanes,Anexos verificables,Lista verificables,txt,0.0,,,,LISTA_VERIFICABLES_MINIMOS.txt,Bolívar/Chillanes/03_ANEXOS_VERIFICABLES/LISTA_VERIFICABLES_MINIMOS.txt,Alojamiento temporal; Rutas/evacuación; COE / coordinación; Seguimiento F07,"Verificables mínimos sugeridos: 1. Plan firmado o versión editable controlada. 2. Acta de COE o disposición institucional. 3. Matriz de acciones, responsables, plazos e indicadores. 4. Mapa, croquis, KMZ/SHP o georreferenciación de puntos críticos. 5. Fotografías por punto o sector. 6. Inventario de recursos y capacidades. 7. Registro de alojamientos temporales, rutas y puntos seguros. 8. Matriz F07 de seguimiento mensual."
6060e8af5598,Bolívar,Chillanes,Informe de valoración,Informe pendiente,txt,0.0,,,,INFORME_VALORACION_PENDIENTE.txt,Bolívar/Chillanes/02_INFORME_VALORACION/INFORME_VALORACION_PENDIENTE.txt,,INFORME DE VALORACIÓN PENDIENTE · Bolívar / Chillanes No se localizó un plan o registro específico suficiente para emitir valoración técnica. Pendiente cargar o ubicar el documento base del cantón.
f7f0592aab21,Bolívar,San Miguel,Plan / referencias,Sin archivo localizado,txt,0.0,,,,SIN_ARCHIVOS_COMPARTIDOS_LOCALIZADOS.txt,Bolívar/San Miguel/01_PLAN_COMPARTIDO_O_REFERENCIAS/SIN_ARCHIVOS_COMPARTIDOS_LOCALIZADOS.txt,Seguimiento F07,Bolívar / San Miguel No se localizaron archivos o registros específicos compartidos para este cantón en la búsqueda realizada. La carpeta queda preparada para incorporar: - Plan de Acción ENOS 2026-2027. - Informe de valoración. - Anexos verificables. - Seguimiento mensual F07.
204a5b521aff,Bolívar,San Miguel,Seguimiento F07,Guía F07,txt,0.0,,,,GUIA_SEGUIMIENTO_F07.txt,Bolívar/San Miguel/04_SEGUIMIENTO_F07/GUIA_SEGUIMIENTO_F07.txt,Seguimiento F07,Registrar mensualmente: - Porcentaje anterior. - Porcentaje actual. - Actividades ejecutadas. - Actividades pendientes. - Brechas. - Apoyo requerido. - Verificables disponibles.
6af90192fbd0,Bolívar,San Miguel,Anexos verificables,Lista verificables,txt,0.0,,,,LISTA_VERIFICABLES_MINIMOS.txt,Bolívar/San Miguel/03_ANEXOS_VERIFICABLES/LISTA_VERIFICABLES_MINIMOS.txt,Alojamiento temporal; Rutas/evacuación; COE / coordinación; Seguimiento F07,"Verificables mínimos sugeridos: 1. Plan firmado o versión editable controlada. 2. Acta de COE o disposición institucional. 3. Matriz de acciones, responsables, plazos e indicadores. 4. Mapa, croquis, KMZ/SHP o georreferenciación de puntos críticos. 5. Fotografías por punto o sector. 6. Inventario de recursos y capacidades. 7. Registro de alojamientos temporales, rutas y puntos seguros. 8. Matriz F07 de seguimiento mensual."
78cbd449ea26,Bolívar,San Miguel,Informe de valoración,Informe pendiente,txt,0.0,,,,INFORME_VALORACION_PENDIENTE.txt,Bolívar/San Miguel/02_INFORME_VALORACION/INFORME_VALORACION_PENDIENTE.txt,,INFORME DE VALORACIÓN PENDIENTE · Bolívar / San Miguel No se localizó un plan o registro específico suficiente para emitir valoración técnica. Pendiente cargar o ubicar el documento base del cantón.
e98ba5f0b79e,Bolívar,Chimbo,Informe de valoración,Informe / revisión,pdf,0.05,70,,,Informe_revision_porcentaje_Chimbo_ENOS_2026_2027.pdf,Bolívar/Chimbo/02_INFORME_VALORACION/Informe_revision_porcentaje_Chimbo_ENOS_2026_2027.pdf,Inundación/anegamiento; Erosión/socavación; Alojamiento temporal; Infraestructura expuesta; COE / coordinación; Recursos/maquinaria,INFORME TÉCNICO DE REVISIÓN Valoración de integración del Plan de Acción Cantonal ante el Evento El Niño 2026-2027 GAD Municipal del Cantón Chimbo 70% Nivel de integración estimado frente a estructura mínima de planificación territorial de gestión de riesgos Documento revisado Plan de Acción Cantonal ante el Evento El Niño 2026-2027 - GAD Municipal del Cantón Chimbo Ámbito Provincia Bolívar - Cantón Chimbo Responsable técnico Ing. Andreina García - Técnico de Riesgos y Desastres declarado Result
24dbd22e3082,Bolívar,Chimbo,Informe de valoración,Informe pendiente,txt,0.0,,,,INFORME_VALORACION_PENDIENTE.txt,Bolívar/Chimbo/02_INFORME_VALORACION/INFORME_VALORACION_PENDIENTE.txt,,INFORME DE VALORACIÓN PENDIENTE · Bolívar / Chimbo No se localizó un plan o registro específico suficiente para emitir valoración técnica. Pendiente cargar o ubicar el documento base del cantón.
107c040c6225,Bolívar,Chimbo,Seguimiento F07,Guía F07,txt,0.0,,,,GUIA_SEGUIMIENTO_F07.txt,Bolívar/Chimbo/04_SEGUIMIENTO_F07/GUIA_SEGUIMIENTO_F07.txt,Seguimiento F07,Registrar mensualmente: - Porcentaje anterior. - Porcentaje actual. - Actividades ejecutadas. - Actividades pendientes. - Brechas. - Apoyo requerido. - Verificables disponibles.
09337060d9c1,Bolívar,Chimbo,Anexos verificables,Lista verificables,txt,0.0,,,,LISTA_VERIFICABLES_MINIMOS.txt,Bolívar/Chimbo/03_ANEXOS_VERIFICABLES/LISTA_VERIFICABLES_MINIMOS.txt,Alojamiento temporal; Rutas/evacuación; COE / coordinación; Seguimiento F07,"Verificables mínimos sugeridos: 1. Plan firmado o versión editable controlada. 2. Acta de COE o disposición institucional. 3. Matriz de acciones, responsables, plazos e indicadores. 4. Mapa, croquis, KMZ/SHP o georreferenciación de puntos críticos. 5. Fotografías por punto o sector. 6. Inventario de recursos y capacidades. 7. Registro de alojamientos temporales, rutas y puntos seguros. 8. Matriz F07 de seguimiento mensual."
1df8aef69b94,Bolívar,Chimbo,Plan / referencias,Documento Word,docx,2.3,,,,Borrador.docx,Bolívar/Chimbo/01_PLAN_COMPARTIDO_O_REFERENCIAS/Borrador.docx,Inundación/anegamiento; Erosión/socavación; Deslizamiento; Alojamiento temporal; Rutas/evacuación; Infraestructura expuesta; COE / coordinación; Recursos/maquinaria,"PLAN DE ACCIÓN CANTONAL ANTE EL EVENTO EL NIÑO 2026–2027 Nivel Cantonal GAD MUNICIPAL DEL CANTÓN CHIMBO Provincia Bolívar · Cantón Chimbo DATOS GENERALES Campo Información Provincia Bolívar Cantón Chimbo Tipo de GAD Cantonal Fecha de elaboración Junio de 2026 Responsable técnico Ing. Andreina García Cargo Técnico de Riesgos y Desastres Correo de contacto andriuyian23@gmail.com Teléfono 0981783266 Versión V01 2. INTRODUCCIÓN l cantón Chimbo, ubicado en la provincia de Bolívar, presenta condicione"
958af4705105,Bolívar,Chimbo,Plan / referencias,Plan / contingencia,pdf,0.39,,,,Plan de Acción Cantonal Chimbo El Niño 2026-2027-signed-signed-signed (1).pdf,Bolívar/Chimbo/01_PLAN_COMPARTIDO_O_REFERENCIAS/Plan de Acción Cantonal Chimbo El Niño 2026-2027-signed-signed-signed (1).pdf,Inundación/anegamiento; Erosión/socavación; Deslizamiento; Infraestructura expuesta; COE / coordinación,"PLAN DE ACCIÓN CANTONAL ANTE EL EVENTO EL NIÑO 2026–2027 Nivel Cantonal GAD MUNICIPAL DEL CANTÓN CHIMBO Provincia Bolívar · Cantón Chimbo 1. DATOS GENERALES Campo Información Provincia Bolívar Cantón Chimbo Tipo de GAD Cantonal Fecha de elaboración Junio de 2026 Responsable técnico Ing. Andreina García Cargo Técnico de Riesgos y Desastres Correo de contacto andriuyian23@gmail.com Teléfono 0981783266 Versión V01 2. INTRODUCCIÓN l cantón Chimbo, ubicado en la provincia de Bolívar, presenta condici"
0282c4b6c484,Bolívar,Las Naves,Anexos verificables,Lista verificables,txt,0.0,,,,LISTA_VERIFICABLES_MINIMOS.txt,Bolívar/Las Naves/03_ANEXOS_VERIFICABLES/LISTA_VERIFICABLES_MINIMOS.txt,Alojamiento temporal; Rutas/evacuación; COE / coordinación; Seguimiento F07,"Verificables mínimos sugeridos: 1. Plan firmado o versión editable controlada. 2. Acta de COE o disposición institucional. 3. Matriz de acciones, responsables, plazos e indicadores. 4. Mapa, croquis, KMZ/SHP o georreferenciación de puntos críticos. 5. Fotografías por punto o sector. 6. Inventario de recursos y capacidades. 7. Registro de alojamientos temporales, rutas y puntos seguros. 8. Matriz F07 de seguimiento mensual."
a756dc66dee4,Bolívar,Las Naves,Seguimiento F07,Guía F07,txt,0.0,,,,GUIA_SEGUIMIENTO_F07.txt,Bolívar/Las Naves/04_SEGUIMIENTO_F07/GUIA_SEGUIMIENTO_F07.txt,Seguimiento F07,Registrar mensualmente: - Porcentaje anterior. - Porcentaje actual. - Actividades ejecutadas. - Actividades pendientes. - Brechas. - Apoyo requerido. - Verificables disponibles.
5f29deccd228,Bolívar,Las Naves,Informe de valoración,Informe / revisión,pdf,0.05,76,,,Informe_revision_porcentaje_Las_Naves_ENOS.pdf,Bolívar/Las Naves/02_INFORME_VALORACION/Informe_revision_porcentaje_Las_Naves_ENOS.pdf,Inundación/anegamiento; Desbordamiento; Erosión/socavación; Alojamiento temporal; Rutas/evacuación; Infraestructura expuesta; COE / coordinación; Recursos/maquinaria; Mitigación/dragado; Mitigación/obras,"INFORME DE REVISION TECNICA Y PORCENTAJE DE INTEGRACION Plan de Accion Territorial ante el Evento El Niño 2026-2027 - GAD Municipal del Canton Las Naves, Provincia de Bolivar PORCENTAJE DE INTEGRACION ESTIMADO 76% Observado - subsanable. Apto como borrador tecnico, Estado de revision no recomendado para remision final hasta completar anexos, respaldos y firmas. 1. Criterio tecnico aplicado La valoracion se realizo sobre 100 puntos, considerando la integracion de los componentes esenciales de un "
d71502e16b13,Bolívar,Las Naves,Informe de valoración,Informe pendiente,txt,0.0,,,,INFORME_VALORACION_PENDIENTE.txt,Bolívar/Las Naves/02_INFORME_VALORACION/INFORME_VALORACION_PENDIENTE.txt,,INFORME DE VALORACIÓN PENDIENTE · Bolívar / Las Naves No se localizó un plan o registro específico suficiente para emitir valoración técnica. Pendiente cargar o ubicar el documento base del cantón.
b41413d7f544,Bolívar,Las Naves,Plan / referencias,Sin archivo localizado,txt,0.0,,,,SIN_ARCHIVOS_COMPARTIDOS_LOCALIZADOS.txt,Bolívar/Las Naves/01_PLAN_COMPARTIDO_O_REFERENCIAS/SIN_ARCHIVOS_COMPARTIDOS_LOCALIZADOS.txt,Seguimiento F07,Bolívar / Las Naves No se localizaron archivos o registros específicos compartidos para este cantón en la búsqueda realizada. La carpeta queda preparada para incorporar: - Plan de Acción ENOS 2026-2027. - Informe de valoración. - Anexos verificables. - Seguimiento mensual F07.
4135062b4c8e,Bolívar,Las Naves,Plan / referencias,Plan / contingencia,docx,0.05,,,,Plan_Accion_Cantonal_ENOS_Las_Naves_Bolivar.docx,Bolívar/Las Naves/01_PLAN_COMPARTIDO_O_REFERENCIAS/Plan_Accion_Cantonal_ENOS_Las_Naves_Bolivar.docx,Inundación/anegamiento; Desbordamiento; Erosión/socavación; Deslizamiento; Alojamiento temporal; Rutas/evacuación; Infraestructura expuesta; COE / coordinación; Recursos/maquinaria; Mitigación/dragado; Mitigación/obras; Formulario F01,"SECRETARÍA NACIONAL DE GESTIÓN DE RIESGOS COORDINACIÓN ZONAL 5 PLAN DE ACCIÓN TERRITORIAL ANTE EL EVENTO EL NIÑO 2026–2027 Nivel Cantonal GAD MUNICIPAL DEL CANTÓN LAS NAVES PROVINCIA DE BOLÍVAR Código de caso GADLASNAVES-ENOS-2026-001 Fecha de elaboración 23/06/2026 Versión Borrador técnico V01 Insumo base Formulario F01 · Ficha de punto crítico territorial + entrevista técnica guiada Uso del documento Revisión interna, validación institucional, anexos y firma del GAD Municipal Nota: Este docume"
d7be70ed21fb,Bolívar,Las Naves,Plan / referencias,Plan / contingencia,pdf,0.4,,,,Plan_Accion_Cantonal_ENOS_Las_Naves_Bolivar-signed-signed.pdf,Bolívar/Las Naves/01_PLAN_COMPARTIDO_O_REFERENCIAS/Plan_Accion_Cantonal_ENOS_Las_Naves_Bolivar-signed-signed.pdf,Inundación/anegamiento; Desbordamiento; Erosión/socavación; Deslizamiento; Alojamiento temporal; Rutas/evacuación; Infraestructura expuesta; COE / coordinación; Mitigación/dragado; Mitigación/obras; Formulario F01,SNGR · Coordinación Zonal 5 | GAD Municipal del Cantón Las Naves | ENOS 2026 –2027 SECRETARÍA NACIONAL DE GESTIÓN DE RIESGOS COORDINACIÓN ZONAL 5 PLAN DE ACCIÓN TERRITORIAL ANTE EL EVENTO EL NIÑO 2026–2027 Nivel Cantonal GAD MUNICIPAL DEL CANTÓN LAS NAVES PROVINCIA DE BOLÍVAR Código de caso GADLASNAVES-ENOS-2026-001 Fecha de elaboración 23/06/2026 Versión V01 Insumo base Formulario F01 · Ficha de punto crítico territorial + entrevista técnica guiada Estado del documento Elaborado y revisado por 
349ca669920c,Bolívar,Guaranda,Anexos verificables,Lista verificables,txt,0.0,,,,LISTA_VERIFICABLES_MINIMOS.txt,Bolívar/Guaranda/03_ANEXOS_VERIFICABLES/LISTA_VERIFICABLES_MINIMOS.txt,Alojamiento temporal; Rutas/evacuación; COE / coordinación; Seguimiento F07,"Verificables mínimos sugeridos: 1. Plan firmado o versión editable controlada. 2. Acta de COE o disposición institucional. 3. Matriz de acciones, responsables, plazos e indicadores. 4. Mapa, croquis, KMZ/SHP o georreferenciación de puntos críticos. 5. Fotografías por punto o sector. 6. Inventario de recursos y capacidades. 7. Registro de alojamientos temporales, rutas y puntos seguros. 8. Matriz F07 de seguimiento mensual."
6bc2aac2df67,Bolívar,Guaranda,Seguimiento F07,Guía F07,txt,0.0,74,,,GUIA_SEGUIMIENTO_F07.txt,Bolívar/Guaranda/04_SEGUIMIENTO_F07/GUIA_SEGUIMIENTO_F07.txt,Seguimiento F07,"SEGUIMIENTO F07 · Bolívar / Guaranda Estado sugerido para seguimiento mensual: - Actualizar porcentaje de implementación cada mes. - Registrar actividades ejecutadas, actividades pendientes, brechas, apoyo requerido y verificables. - Usar criterios C1-C10 para medir avance. - Adjuntar actas, fotos, mapas, oficios, informes técnicos o enlaces Drive. Porcentaje base sugerido: 74 %"
a3341ced1304,Bolívar,Guaranda,Informe de valoración,Informe / revisión,md,0.0,74,"Datos y seguimiento localizado; plan generado en conversación, no extraíble como archivo original",Parcialmente concordante; requiere consolidación documental y anexos,INFORME_VALORACION_GUARANDA.md,Bolívar/Guaranda/02_INFORME_VALORACION/INFORME_VALORACION_GUARANDA.md,Alojamiento temporal; Rutas/evacuación; COE / coordinación; Recursos/maquinaria; Formulario F01; Seguimiento F07,"# INFORME DE VALORACIÓN TÉCNICA ## Plan de Acción ENOS 2026-2027 · Bolívar / Guaranda **Estado documental:** Datos y seguimiento localizado; plan generado en conversación, no extraíble como archivo original **Porcentaje estimado de afinidad / concordancia con lineamientos SNGR:** 74 % **Condición técnica:** Parcialmente concordante; requiere consolidación documental y anexos ## 1. Base de valoración La información reporta crecidas torrenciales de los ríos Suquibí y Guaranda, con seguimiento mens"
fcd523d76c93,Bolívar,Guaranda,Informe de valoración,Informe / revisión,pdf,0.05,72,,,Informe_Afinidad_Lineamientos_ENOS_Guaranda.pdf,Bolívar/Guaranda/02_INFORME_VALORACION/Informe_Afinidad_Lineamientos_ENOS_Guaranda.pdf,Deslizamiento; Alojamiento temporal; Rutas/evacuación; Infraestructura expuesta; COE / coordinación; Recursos/maquinaria,"INFORME TÉCNICO DE AFINIDAD DEL PLAN DE ACCIÓN CANTONAL ENOS 2026–2027 DEL GAD MUNICIPAL DE GUARANDA CON LOS LINEAMIENTOS ESTRATÉGICOS DE LA SNGR Provincia de Bolívar · Cantón Guaranda · Fecha de elaboración del plan: 23 de junio de 2026 · Responsable técnico: Ing. Patricio Medina Resultado global de Nivel de integración Estado técnico recomendado afinidad Borrador técnico estructurado, pendiente de fortalecimiento 72 % Medio-alto documental y validación institucional. 1. Antecedente Con base en"
f97584073cce,Bolívar,Guaranda,Informe de valoración,Informe / revisión,pdf,0.05,72,,,Informe_Afinidad_Lineamientos_ENOS_Guaranda-1.pdf,Bolívar/Guaranda/02_INFORME_VALORACION/Informe_Afinidad_Lineamientos_ENOS_Guaranda-1.pdf,Deslizamiento; Alojamiento temporal; Rutas/evacuación; Infraestructura expuesta; COE / coordinación; Recursos/maquinaria,"INFORME TÉCNICO DE AFINIDAD DEL PLAN DE ACCIÓN CANTONAL ENOS 2026–2027 DEL GAD MUNICIPAL DE GUARANDA CON LOS LINEAMIENTOS ESTRATÉGICOS DE LA SNGR Provincia de Bolívar · Cantón Guaranda · Fecha de elaboración del plan: 23 de junio de 2026 · Responsable técnico: Ing. Patricio Medina Resultado global de Nivel de integración Estado técnico recomendado afinidad Borrador técnico estructurado, pendiente de fortalecimiento 72 % Medio-alto documental y validación institucional. 1. Antecedente Con base en"
1eafe4a572d6,Bolívar,Guaranda,Plan / referencias,Plan / contingencia,pdf,0.25,,,,Plan_Accion_ENOS_GAD_Guaranda_2026_2027-signed-signed-signed (1).pdf,Bolívar/Guaranda/01_PLAN_COMPARTIDO_O_REFERENCIAS/Plan_Accion_ENOS_GAD_Guaranda_2026_2027-signed-signed-signed (1).pdf,Desbordamiento; Erosión/socavación; Alojamiento temporal; Rutas/evacuación; Infraestructura expuesta; COE / coordinación; Recursos/maquinaria; Formulario F01; Formulario F02; Seguimiento F07,"SECRETARÍA NACIONAL DE GESTIÓN DE RIESGOS Coordinación Zonal 5 de Gestión de Riesgos PLAN DE ACCIÓN TERRITORIAL ANTE EL EVENTO EL NIÑO 2026-2027 Gobierno Autónomo Descentralizado Municipal del Cantón Guaranda Provincia de Bolívar Código de caso: GADGUARANDA-ENOS-2026 Versión: Borrador técnico v0.1 con limitaciones Fecha de elaboración: 23 de junio de 2026 Nota de uso: este documento organiza la información remitida por el GAD Guaranda en los formularios F01, F02, F03, F04, F05, F06 y F07. No ree"
e591b6ed0325,Bolívar,Guaranda,Plan / referencias,Documento Word,docx,0.05,,,,Borrador.docx,Bolívar/Guaranda/01_PLAN_COMPARTIDO_O_REFERENCIAS/Borrador.docx,Deslizamiento; Alojamiento temporal; Rutas/evacuación; Infraestructura expuesta; COE / coordinación; Recursos/maquinaria,GOBIERNO AUTÓNOMO DESCENTRALIZADO MUNICIPAL DEL CANTÓN GUARANDA PLAN DE ACCIÓN CANTONAL ANTE EL EVENTO EL NIÑO 2026–2027 Provincia de Bolívar | Cantón Guaranda Versión: Borrador técnico V01 Fecha de elaboración: 23 de junio de 2026 Responsable técnico: Ing. Patricio Medina Documento elaborado con base en la estructura referencial del Plan de Acción Territorial ante el Evento El Niño para nivel provincial/cantonal y los lineamientos estratégicos aplicables a los Gobiernos Autónomos Descentralizad
9e04cad3a7c9,Bolívar,Echeandía,Plan / referencias,MD,md,0.0,,,,REFERENCIAS_ARCHIVOS_COMPARTIDOS.md,Bolívar/Echeandía/01_PLAN_COMPARTIDO_O_REFERENCIAS/REFERENCIAS_ARCHIVOS_COMPARTIDOS.md,,"# Archivos compartidos o registros localizados · Bolívar / Echeandía ## GADMCE-ENOS-2026-001 / puntos críticos Echeandía Tipo: Registro/base Fuente: File Library Nota: Puntos registrados: Malecón, San José de Camarón, Chiniví, San Gerardo. Nota: esta carpeta contiene referencias y extractos operativos. Los binarios originales no se pudieron incrustar automáticamente desde la Biblioteca de Archivos."
d3da5d288202,Bolívar,Echeandía,Informe de valoración,Informe / revisión,md,0.0,52,Registros F01 localizados; sin plan final localizado,Información base insuficiente para plan definitivo,INFORME_VALORACION_ECHEANDÍA.md,Bolívar/Echeandía/02_INFORME_VALORACION/INFORME_VALORACION_ECHEANDÍA.md,Alojamiento temporal; Rutas/evacuación; COE / coordinación; Mitigación/dragado; Mitigación/obras; Formulario F01; Formulario F02; Seguimiento F07,"# INFORME DE VALORACIÓN TÉCNICA ## Plan de Acción ENOS 2026-2027 · Bolívar / Echeandía **Estado documental:** Registros F01 localizados; sin plan final localizado **Porcentaje estimado de afinidad / concordancia con lineamientos SNGR:** 52 % **Condición técnica:** Información base insuficiente para plan definitivo ## 1. Base de valoración Se identifican puntos críticos y acciones asociadas a dragado, encauzamiento y muros de contención. ## 2. Criterios aplicados La valoración se organiza sobre d"
e11c3f4d2b47,Bolívar,Echeandía,Anexos verificables,Lista verificables,txt,0.0,,,,LISTA_VERIFICABLES_MINIMOS.txt,Bolívar/Echeandía/03_ANEXOS_VERIFICABLES/LISTA_VERIFICABLES_MINIMOS.txt,Alojamiento temporal; Rutas/evacuación; COE / coordinación; Seguimiento F07,"Verificables mínimos sugeridos: 1. Plan firmado o versión editable controlada. 2. Acta de COE o disposición institucional. 3. Matriz de acciones, responsables, plazos e indicadores. 4. Mapa, croquis, KMZ/SHP o georreferenciación de puntos críticos. 5. Fotografías por punto o sector. 6. Inventario de recursos y capacidades. 7. Registro de alojamientos temporales, rutas y puntos seguros. 8. Matriz F07 de seguimiento mensual."
0f41e6bf34cf,Bolívar,Echeandía,Seguimiento F07,Guía F07,txt,0.0,52,,,GUIA_SEGUIMIENTO_F07.txt,Bolívar/Echeandía/04_SEGUIMIENTO_F07/GUIA_SEGUIMIENTO_F07.txt,Seguimiento F07,"SEGUIMIENTO F07 · Bolívar / Echeandía Estado sugerido para seguimiento mensual: - Actualizar porcentaje de implementación cada mes. - Registrar actividades ejecutadas, actividades pendientes, brechas, apoyo requerido y verificables. - Usar criterios C1-C10 para medir avance. - Adjuntar actas, fotos, mapas, oficios, informes técnicos o enlaces Drive. Porcentaje base sugerido: 52 %"
a2fba43d134f,Bolívar,Caluma,Anexos verificables,Lista verificables,txt,0.0,,,,LISTA_VERIFICABLES_MINIMOS.txt,Bolívar/Caluma/03_ANEXOS_VERIFICABLES/LISTA_VERIFICABLES_MINIMOS.txt,Alojamiento temporal; Rutas/evacuación; COE / coordinación; Seguimiento F07,"Verificables mínimos sugeridos: 1. Plan firmado o versión editable controlada. 2. Acta de COE o disposición institucional. 3. Matriz de acciones, responsables, plazos e indicadores. 4. Mapa, croquis, KMZ/SHP o georreferenciación de puntos críticos. 5. Fotografías por punto o sector. 6. Inventario de recursos y capacidades. 7. Registro de alojamientos temporales, rutas y puntos seguros. 8. Matriz F07 de seguimiento mensual."
60da700719ea,Bolívar,Caluma,Informe de valoración,Informe / revisión,md,0.0,72,Plan localizado,Revisión técnica requerida antes de remisión formal,INFORME_VALORACION_CALUMA.md,Bolívar/Caluma/02_INFORME_VALORACION/INFORME_VALORACION_CALUMA.md,Alojamiento temporal; Rutas/evacuación; COE / coordinación; Formulario F01; Seguimiento F07,# INFORME DE VALORACIÓN TÉCNICA ## Plan de Acción ENOS 2026-2027 · Bolívar / Caluma **Estado documental:** Plan localizado **Porcentaje estimado de afinidad / concordancia con lineamientos SNGR:** 72 % **Condición técnica:** Revisión técnica requerida antes de remisión formal ## 1. Base de valoración El documento se identifica como Plan de Acción Territorial ante el Evento El Niño del cantón Caluma 2026-2027. ## 2. Criterios aplicados La valoración se organiza sobre diez criterios operativos usa
d00812dcec27,Bolívar,Caluma,Seguimiento F07,Guía F07,txt,0.0,72,,,GUIA_SEGUIMIENTO_F07.txt,Bolívar/Caluma/04_SEGUIMIENTO_F07/GUIA_SEGUIMIENTO_F07.txt,Seguimiento F07,"SEGUIMIENTO F07 · Bolívar / Caluma Estado sugerido para seguimiento mensual: - Actualizar porcentaje de implementación cada mes. - Registrar actividades ejecutadas, actividades pendientes, brechas, apoyo requerido y verificables. - Usar criterios C1-C10 para medir avance. - Adjuntar actas, fotos, mapas, oficios, informes técnicos o enlaces Drive. Porcentaje base sugerido: 72 %"
27814ed79bc1,Bolívar,Caluma,Plan / referencias,Informe / revisión,docx,0.04,85,,,Informe_individual_ENOS_Caluma.docx,Bolívar/Caluma/01_PLAN_COMPARTIDO_O_REFERENCIAS/Informe_individual_ENOS_Caluma.docx,Inundación/anegamiento; Erosión/socavación; Alojamiento temporal; Infraestructura expuesta; COE / coordinación,INFORME TÉCNICO INDIVIDUAL DE REVISIÓN Plan de Acción ante el Evento El Niño 2026-2027 GAD Municipal del Cantón Caluma Fecha de revisión: 15 de junio de 2026 GAD / jurisdicción GAD Municipal del Cantón Caluma Provincia Bolívar Documento revisado Plan de Acción Territorial ante el Evento El Niño del Cantón Caluma 2026-2027 Archivo fuente PLAN DE ACCION-CALUMA.pdf Estado técnico recomendado Favorable condicionado - requiere ajustes menores y trazabilidad Avance referencial 85% Semáforo Verde con o
c41e8d016702,Bolívar,Caluma,Plan / referencias,PDF soporte,pdf,0.57,,,,0482-SNGR-signed.pdf,Bolívar/Caluma/01_PLAN_COMPARTIDO_O_REFERENCIAS/0482-SNGR-signed.pdf,,"OFICIO - GAD-MCC-A-0482-2026-JINM Caluma, 24 de junio de 2026 Licenciado JAIRO FABRICIO JARAMILLO RUCANO Coordinador/a Zonal de Gestión de Riesgos En su despacho De mi consideración: Estimado Coordinador, en mi calidad de Alcalde del Gobierno Autónomo Descentralizado Municipal del cantón Caluma, y en cumplimiento de la Resolución Nro. SNGR-126-2026, me permito remitir el documento denominado “Plan de Acción Territorial ante el posible Fenómeno de El Niño en el cantón Caluma 2026–2027”, elaborado"
eb8a89463495,Bolívar,Caluma,Plan / referencias,Plan / contingencia,pdf,3.24,5,,,Estructura del plan de accion cantonal provincial (1)-signed-signed-signed (1).pdf,Bolívar/Caluma/01_PLAN_COMPARTIDO_O_REFERENCIAS/Estructura del plan de accion cantonal provincial (1)-signed-signed-signed (1).pdf,Inundación/anegamiento; Erosión/socavación; Deslizamiento; Infraestructura expuesta; COE / coordinación,"PLAN DE ACCIÓN TERRITORIAL ANTE EL POSIBLE FENÓMENO DE EL NIÑO EN EL CANTÓN CALUMA 2026–2027 Sr. JHERSON IVÁN NARVAÉZ MOYA Alcalde Administración 2023-2027 Fecha de elaboración: 10 de junio de 2026 Pág. 1 1. INTRODUCCIÓN El cantón Caluma, ubicado en la provincia de Bolívar, presenta condiciones geográficas, climáticas e hidrológicas que lo hacen susceptible a la ocurrencia de eventos peligrosos de origen natural, principalmente inundaciones, movimientos en masa, erosión fluvial, avenidas torrenc"
e5d0a4f78e11,Santa Elena,Gobierno Provincial Santa Elena,Otros,TXT,txt,0.0,,,,00_INDICE_PROVINCIAL.txt,Santa Elena/Gobierno Provincial Santa Elena/00_INDICE_PROVINCIAL.txt,,Provincia: Santa Elena Cantones incluidos: - Santa Elena - La Libertad - Salinas
0d1b49e6afe4,Santa Elena,Gobierno Provincial Santa Elena,Otros,PDF soporte,pdf,19.46,,,,GOBIERNO AUTÓNOMO DESCENTRALIZADO PROVINCIAL - ENOS - 2016 22 junio-signed-signed-signed-signed.pdf,Santa Elena/Gobierno Provincial Santa Elena/GOBIERNO AUTÓNOMO DESCENTRALIZADO PROVINCIAL - ENOS - 2016 22 junio-signed-signed-signed-signed.pdf,COE / coordinación,"GOBIERNO AUTÓNOMO DESCENTRALIZADO PROVINCIAL DE SANTA ELENA PLAN DE ACCIÓN PROVINCIAL ANTE EL EVENTO DEL FENÓMENO DE EL NIÑO 2026-2027 José Daniel Villao Villao Prefecto Junio, 2026 RESPONSABILIDAD Este documento se realizó como parte del trabajo articulado entre las direcciones operativas del Gobierno Autónomo Descentralizado Provincial de Santa Elena, bajo el liderazgo del prefecto Ab. Jose Daniel Villao Villao. DATOS GENERALES Provincia: Santa Elena Institución Responsable: Gobierno Autónomo "
249637029af9,Santa Elena,La Libertad,Otros,Plan / contingencia,pdf,0.67,,,,Estructura_del_plan_de_accion_cantonal_LA LIBERTAD_fenomeno_del_niÑo.pdf,Santa Elena/La Libertad/Estructura_del_plan_de_accion_cantonal_LA LIBERTAD_fenomeno_del_niÑo.pdf,Inundación/anegamiento; Infraestructura expuesta; COE / coordinación,"PLAN DE ACCIÓN TERRITORIAL ANTE EL EVENTO EL NIÑO GAD LA LIBERTAD 1. DATOS GENERALES Provincia: Santa Elena Cantón: La Libertad Fecha de elaboración: 17 de junio del 2026 2. INTRODUCCIÓN Actualmente, la posibilidad de eventos hidrometeorológicos extremos demanda mantener acciones de preparación y monitoreo, considerando los potenciales impactos sobre la población, la infraestructura, los servicios esenciales y los medios de vida. Los sectores prioritarios comprenden las zonas con antecedentes de"
dc1ff90524f4,Santa Elena,Salinas,Anexos verificables,Lista verificables,txt,0.0,,,,LISTA_VERIFICABLES_MINIMOS.txt,Santa Elena/Salinas/03_ANEXOS_VERIFICABLES/LISTA_VERIFICABLES_MINIMOS.txt,Alojamiento temporal; Rutas/evacuación; COE / coordinación; Seguimiento F07,"Verificables mínimos sugeridos: 1. Plan firmado o versión editable controlada. 2. Acta de COE o disposición institucional. 3. Matriz de acciones, responsables, plazos e indicadores. 4. Mapa, croquis, KMZ/SHP o georreferenciación de puntos críticos. 5. Fotografías por punto o sector. 6. Inventario de recursos y capacidades. 7. Registro de alojamientos temporales, rutas y puntos seguros. 8. Matriz F07 de seguimiento mensual."
ef552b61a8fc,Santa Elena,Salinas,Plan / referencias,MD,md,0.0,,,,REFERENCIAS_ARCHIVOS_COMPARTIDOS.md,Santa Elena/Salinas/01_PLAN_COMPARTIDO_O_REFERENCIAS/REFERENCIAS_ARCHIVOS_COMPARTIDOS.md,Formulario F01; Formulario F02,"# Archivos compartidos o registros localizados · Santa Elena / Salinas ## GADSALINAS_PAENOS_2026_2027 Tipo: Registro/base Fuente: File Library Nota: Registros disponibles F01, F02 y F05. Nota: esta carpeta contiene referencias y extractos operativos. Los binarios originales no se pudieron incrustar automáticamente desde la Biblioteca de Archivos."
58195100e41b,Santa Elena,Salinas,Plan / referencias,Plan / contingencia,docx,0.01,,,,Plan de Acción Territorial El Niño 2026-2027.docx,Santa Elena/Salinas/01_PLAN_COMPARTIDO_O_REFERENCIAS/Plan de Acción Territorial El Niño 2026-2027.docx,Inundación/anegamiento; Erosión/socavación; Deslizamiento; Alojamiento temporal; Rutas/evacuación; Infraestructura expuesta; COE / coordinación; Recursos/maquinaria,PLAN DE ACCIÓN TERRITORIAL ANTE EL EVENTO EL NIÑO (ENOS) 2026–2027 GOBIERNO AUTÓNOMO DESCENTRALIZADO MUNICIPAL DE SALINAS PROVINCIA DE SANTA ELENA 1. DATOS GENERALES Provincia: Santa Elena Cantón: Salinas Fecha de elaboración: 23 de junio de 2026 Responsables técnicos: Ing. Diana Vacacela De La A – Directora de Gestión de Riesgos. Ing. Carlos Rivera – Jefe de Preparación para la Respuesta. Institución responsable: Gobierno Autónomo Descentralizado Municipal de Salinas. 2. INTRODUCCIÓN El cantón 
f6107e26a986,Santa Elena,Salinas,Plan / referencias,PDF soporte,pdf,3.19,,,,ChatGPT - Asistente Técnico ENOS Guayas 2.0.pdf,Santa Elena/Salinas/01_PLAN_COMPARTIDO_O_REFERENCIAS/ChatGPT - Asistente Técnico ENOS Guayas 2.0.pdf,Inundación/anegamiento; Erosión/socavación; Deslizamiento; Infraestructura expuesta,"Asistente Técnico ENOS Guayas 2.0 Compartir Para generar el Plan de Acción Cantonal ENOS 2026–2027 con la estructura oficial SNGR, primero necesitamos completar los Datos Generales. La estructura referencial obligatoria está definida por la SNGR para los GAD cantonales. Empecemos por lo básico: ¿Para qué cantón vamos a preparar el Plan de Acción ENOS 2026–2027? Si lo conoce, puede responder en una sola línea: Provincia: Cantón: Fecha de elaboración: Responsable técnico (nombre y cargo): Con esa "
93ea44ce4d6a,Santa Elena,Salinas,Seguimiento F07,Guía F07,txt,0.0,63,,,GUIA_SEGUIMIENTO_F07.txt,Santa Elena/Salinas/04_SEGUIMIENTO_F07/GUIA_SEGUIMIENTO_F07.txt,Seguimiento F07,"SEGUIMIENTO F07 · Santa Elena / Salinas Estado sugerido para seguimiento mensual: - Actualizar porcentaje de implementación cada mes. - Registrar actividades ejecutadas, actividades pendientes, brechas, apoyo requerido y verificables. - Usar criterios C1-C10 para medir avance. - Adjuntar actas, fotos, mapas, oficios, informes técnicos o enlaces Drive. Porcentaje base sugerido: 63 %"
913ff1a95424,Santa Elena,Salinas,Informe de valoración,Informe / revisión,md,0.0,63,Registros F01-F02-F05 localizados; sin plan final localizado,"Base parcial; requiere acciones, recursos y seguimiento",INFORME_VALORACION_SALINAS.md,Santa Elena/Salinas/02_INFORME_VALORACION/INFORME_VALORACION_SALINAS.md,Alojamiento temporal; Rutas/evacuación; Infraestructura expuesta; COE / coordinación; Formulario F01; Formulario F02; Seguimiento F07,"# INFORME DE VALORACIÓN TÉCNICA ## Plan de Acción ENOS 2026-2027 · Santa Elena / Salinas **Estado documental:** Registros F01-F02-F05 localizados; sin plan final localizado **Porcentaje estimado de afinidad / concordancia con lineamientos SNGR:** 63 % **Condición técnica:** Base parcial; requiere acciones, recursos y seguimiento ## 1. Base de valoración Existe base de puntos, infraestructura y preparación, pero faltan acciones F04, capacidades F06, seguimiento F07 y plan final. ## 2. Criterios a"
5bb4699afa02,Santa Elena,Santa Elena,Informe de valoración,Informe / revisión,md,0.0,45,Registro F01 localizado; sin plan final localizado,Información inicial insuficiente,INFORME_VALORACION_SANTA ELENA.md,Santa Elena/Santa Elena/02_INFORME_VALORACION/INFORME_VALORACION_SANTA ELENA.md,Alojamiento temporal; Rutas/evacuación; COE / coordinación; Formulario F01; Formulario F02; Seguimiento F07,"# INFORME DE VALORACIÓN TÉCNICA ## Plan de Acción ENOS 2026-2027 · Santa Elena / Santa Elena **Estado documental:** Registro F01 localizado; sin plan final localizado **Porcentaje estimado de afinidad / concordancia con lineamientos SNGR:** 45 % **Condición técnica:** Información inicial insuficiente ## 1. Base de valoración Se localiza caso de la institución, pero no documento de plan ni formularios complementarios. ## 2. Criterios aplicados La valoración se organiza sobre diez criterios operat"
b06ad1879bcd,Santa Elena,Santa Elena,Anexos verificables,Lista verificables,txt,0.0,,,,LISTA_VERIFICABLES_MINIMOS.txt,Santa Elena/Santa Elena/03_ANEXOS_VERIFICABLES/LISTA_VERIFICABLES_MINIMOS.txt,Alojamiento temporal; Rutas/evacuación; COE / coordinación; Seguimiento F07,"Verificables mínimos sugeridos: 1. Plan firmado o versión editable controlada. 2. Acta de COE o disposición institucional. 3. Matriz de acciones, responsables, plazos e indicadores. 4. Mapa, croquis, KMZ/SHP o georreferenciación de puntos críticos. 5. Fotografías por punto o sector. 6. Inventario de recursos y capacidades. 7. Registro de alojamientos temporales, rutas y puntos seguros. 8. Matriz F07 de seguimiento mensual."
5d7be9a73e19,Santa Elena,Santa Elena,Seguimiento F07,Guía F07,txt,0.0,45,,,GUIA_SEGUIMIENTO_F07.txt,Santa Elena/Santa Elena/04_SEGUIMIENTO_F07/GUIA_SEGUIMIENTO_F07.txt,Seguimiento F07,"SEGUIMIENTO F07 · Santa Elena / Santa Elena Estado sugerido para seguimiento mensual: - Actualizar porcentaje de implementación cada mes. - Registrar actividades ejecutadas, actividades pendientes, brechas, apoyo requerido y verificables. - Usar criterios C1-C10 para medir avance. - Adjuntar actas, fotos, mapas, oficios, informes técnicos o enlaces Drive. Porcentaje base sugerido: 45 %"
5210a55f747e,Santa Elena,Santa Elena,Plan / referencias,Plan / contingencia,pdf,0.47,,,,Oficio remitir plan a Z5(1)-signed.pdf,Santa Elena/Santa Elena/01_PLAN_COMPARTIDO_O_REFERENCIAS/Oficio remitir plan a Z5(1)-signed.pdf,,"Oficio Nº 0405-2026-GADMSE-A Santa Elena, junio 24 del 2026 Señor Ing. Jairo Fabricio Jaramillo Rucano COORDINADOR ZONAL 5 DE GESTIÓN DE RIESGOS SECRETARÍA NACIONAL DE GESTIÓN DE RIESGOS En su despacho.- Asunto: Remisión de Plan de Acción Territorial ante el Evento ENOS 2026–2027 De mi consideración: En atención al Memorando Nro. SNGR-CZ5GR-2026-0205-M, de fecha 23 de mayo de 2026, mediante el cual se socializan las resoluciones y lineamientos estratégicos para los Gobiernos Autónomos Descentral"
9d945d498615,Santa Elena,Santa Elena,Plan / referencias,Plan / contingencia,pdf,5.1,,,,Plan de acción Enos2026_SE.v1-signed-signed (1).pdf,Santa Elena/Santa Elena/01_PLAN_COMPARTIDO_O_REFERENCIAS/Plan de acción Enos2026_SE.v1-signed-signed (1).pdf,Inundación/anegamiento; Desbordamiento; Erosión/socavación; Deslizamiento; Infraestructura expuesta; COE / coordinación,"PLAN DE ACCION TERRITORIAL ANTE EL EVENTO EL NIÑO, DEL CANTON SANTA ELENA DIRECCION CANTONAL DE GESTION DE RIESGOS 2026 - 2027 1 Contenido 1 INTRODUCCIÓN ............................................................................................. 2 2 OBJETIVOS DEL PLAN .................................................................................. 3 2.1 Objetivo General ....................................................................................... 3 2.2 Objetivos Específicos ......."
984453fdc7fe,Santa Elena,La Libertad,Plan / referencias,Sin archivo localizado,txt,0.0,,,,SIN_ARCHIVOS_COMPARTIDOS_LOCALIZADOS.txt,Santa Elena/La Libertad/01_PLAN_COMPARTIDO_O_REFERENCIAS/SIN_ARCHIVOS_COMPARTIDOS_LOCALIZADOS.txt,Seguimiento F07,Santa Elena / La Libertad No se localizaron archivos o registros específicos compartidos para este cantón en la búsqueda realizada. La carpeta queda preparada para incorporar: - Plan de Acción ENOS 2026-2027. - Informe de valoración. - Anexos verificables. - Seguimiento mensual F07.
de3cc842cbe9,Santa Elena,La Libertad,Plan / referencias,Plan / contingencia,pdf,0.67,,,,Estructura_del_plan_de_accion_cantonal_LA LIBERTAD_fenomeno_del_niÑo-1.pdf,Santa Elena/La Libertad/01_PLAN_COMPARTIDO_O_REFERENCIAS/Estructura_del_plan_de_accion_cantonal_LA LIBERTAD_fenomeno_del_niÑo-1.pdf,Inundación/anegamiento; Infraestructura expuesta; COE / coordinación,"PLAN DE ACCIÓN TERRITORIAL ANTE EL EVENTO EL NIÑO GAD LA LIBERTAD 1. DATOS GENERALES Provincia: Santa Elena Cantón: La Libertad Fecha de elaboración: 17 de junio del 2026 2. INTRODUCCIÓN Actualmente, la posibilidad de eventos hidrometeorológicos extremos demanda mantener acciones de preparación y monitoreo, considerando los potenciales impactos sobre la población, la infraestructura, los servicios esenciales y los medios de vida. Los sectores prioritarios comprenden las zonas con antecedentes de"
238a988c584f,Santa Elena,La Libertad,Anexos verificables,Lista verificables,txt,0.0,,,,LISTA_VERIFICABLES_MINIMOS.txt,Santa Elena/La Libertad/03_ANEXOS_VERIFICABLES/LISTA_VERIFICABLES_MINIMOS.txt,Alojamiento temporal; Rutas/evacuación; COE / coordinación; Seguimiento F07,"Verificables mínimos sugeridos: 1. Plan firmado o versión editable controlada. 2. Acta de COE o disposición institucional. 3. Matriz de acciones, responsables, plazos e indicadores. 4. Mapa, croquis, KMZ/SHP o georreferenciación de puntos críticos. 5. Fotografías por punto o sector. 6. Inventario de recursos y capacidades. 7. Registro de alojamientos temporales, rutas y puntos seguros. 8. Matriz F07 de seguimiento mensual."
bf41e302eafe,Santa Elena,La Libertad,Seguimiento F07,Guía F07,txt,0.0,,,,GUIA_SEGUIMIENTO_F07.txt,Santa Elena/La Libertad/04_SEGUIMIENTO_F07/GUIA_SEGUIMIENTO_F07.txt,Seguimiento F07,Registrar mensualmente: - Porcentaje anterior. - Porcentaje actual. - Actividades ejecutadas. - Actividades pendientes. - Brechas. - Apoyo requerido. - Verificables disponibles.
ef38878dc09b,Santa Elena,La Libertad,Informe de valoración,Informe pendiente,txt,0.0,,,,INFORME_VALORACION_PENDIENTE.txt,Santa Elena/La Libertad/02_INFORME_VALORACION/INFORME_VALORACION_PENDIENTE.txt,,INFORME DE VALORACIÓN PENDIENTE · Santa Elena / La Libertad No se localizó un plan o registro específico suficiente para emitir valoración técnica. Pendiente cargar o ubicar el documento base del cantón.
8ac6234afcbb,Guayas,Gobierno Provincial Del Guayas,Otros,Informe / revisión,pdf,0.06,,,,Informe_revision_plan_prefectura_guayas_ENOS_2026_2027.pdf,Guayas/Gobierno Provincial Del Guayas/Informe_revision_plan_prefectura_guayas_ENOS_2026_2027.pdf,Inundación/anegamiento; Alojamiento temporal; Rutas/evacuación; Infraestructura expuesta; COE / coordinación,"Revisión técnica - Plan ENOS / época lluviosa y seca 2026-2027 Coordinación Zonal 5 de Gestión de Riesgos INFORME DE REVISIÓN Y VALORACIÓN TÉCNICA Plan de Acción Provincial de la Prefectura del Guayas para la Época Lluviosa, ENOS y Época Seca 2026-2027 Documento revisado Plan de Acción Provincial de la Prefectura del Guayas para la Época Lluviosa, ENOS y Época Seca 2026-2027. Entidad remitente Gobierno Autónomo Descentralizado Provincial del Guayas - Prefectura del Guayas. Oficio de remisión Ofi"
c19a490f340f,Guayas,Gobierno Provincial Del Guayas,Otros,PDF soporte,pdf,0.53,,,,PCG-PG-2026-00090-O.pdf,Guayas/Gobierno Provincial Del Guayas/PCG-PG-2026-00090-O.pdf,Infraestructura expuesta; COE / coordinación,"'' OFICIO Nro. PCG-PG-2026-00090-O Guayaquil, 16 de Junio de 2026 ASUNTO: Remisión del Plan de Acción Provincial ante el Fenómeno El Niño/Oscilación del Sur (ENOS) y Época Seca. Economista Carolina Alejandra Lozano Haro SECRETARIA NACIONAL DE GESTIÓN DE RIESGOS Secretaría Nacional de Gestión de Riesgos Presente.- En atención a los lineamientos estratégicos emitidos para los Gobiernos Autónomos Descentralizados ante el Evento El Niño 2026–2027, establecidos mediante la Resolución Nro. SNGR-126-20"
97d1c4dd7a4c,Guayas,Gobierno Provincial Del Guayas,Otros,Plan / contingencia,pdf,3.77,,,,PLAN ACCION_PREFECTURA_ENOS_EPOCA LLUVIOSA Y SECA_2026_2027_firmado todos.pdf,Guayas/Gobierno Provincial Del Guayas/PLAN ACCION_PREFECTURA_ENOS_EPOCA LLUVIOSA Y SECA_2026_2027_firmado todos.pdf,Inundación/anegamiento; Alojamiento temporal; Infraestructura expuesta; COE / coordinación; Recursos/maquinaria,"PLAN DE ACCION PROVINCIAL DE LA PREFECTURA DEL GUAYAS PARA LA ÉPOCA LLUVIOSA, ENOS Y ÉPOCA SECA Dirección de Gestión de Riesgos y Seguridad Ciudadana Junio 2026 Página 1 de 54 ÍNDICE 1.INTRODUCCIÓN………….. ...................................................................................................... 3 2.ANTECEDENTES…………. ...................................................................................................... 4 3.OBJETIVOS……………….. .............................................."
da834e79127e,Guayas,Guayaquil,Otros,Informe / revisión,docx,0.04,88,,,Informe_individual_ENOS_Guayaquil_SEGURAEP_formato_revision_nuevos_documentos.docx,Guayas/Guayaquil/Informe_individual_ENOS_Guayaquil_SEGURAEP_formato_revision_nuevos_documentos.docx,Inundación/anegamiento; Desbordamiento; Deslizamiento; Alojamiento temporal; Rutas/evacuación; Infraestructura expuesta; COE / coordinación; Recursos/maquinaria,"SECRETARÍA NACIONAL DE GESTIÓN DE RIESGOS Coordinación Zonal 5 de Gestión de Riesgos INFORME TÉCNICO INDIVIDUAL DE REVISIÓN Plan de Acción Territorial ante el Evento ENOS 2026-2027 GAD Municipal de Guayaquil / SEGURA EP Fecha de revisión 16 de junio de 2026 Documento principal revisado Plan de Acción Territorial ante el Evento ENOS 2026-2027, nivel cantonal Expediente complementario Oficios AG-AAA-2026-2801 y AG-AAA-2026-2817; oficio SEGURAEP-GGRR-2026-0657; Acta COE Cantonal 012-2026; resolucio"
79f0cdf9ac52,Guayas,General Antonio Elizalde (Bucay),Seguimiento F07,Guía F07,txt,0.0,,,,GUIA_SEGUIMIENTO_F07.txt,Guayas/General Antonio Elizalde (Bucay)/04_SEGUIMIENTO_F07/GUIA_SEGUIMIENTO_F07.txt,Seguimiento F07,Registrar mensualmente: - Porcentaje anterior. - Porcentaje actual. - Actividades ejecutadas. - Actividades pendientes. - Brechas. - Apoyo requerido. - Verificables disponibles.
33631fe4a9bb,Guayas,General Antonio Elizalde (Bucay),Anexos verificables,Lista verificables,txt,0.0,,,,LISTA_VERIFICABLES_MINIMOS.txt,Guayas/General Antonio Elizalde (Bucay)/03_ANEXOS_VERIFICABLES/LISTA_VERIFICABLES_MINIMOS.txt,Alojamiento temporal; Rutas/evacuación; COE / coordinación; Seguimiento F07,"Verificables mínimos sugeridos: 1. Plan firmado o versión editable controlada. 2. Acta de COE o disposición institucional. 3. Matriz de acciones, responsables, plazos e indicadores. 4. Mapa, croquis, KMZ/SHP o georreferenciación de puntos críticos. 5. Fotografías por punto o sector. 6. Inventario de recursos y capacidades. 7. Registro de alojamientos temporales, rutas y puntos seguros. 8. Matriz F07 de seguimiento mensual."
87b90d477c7b,Guayas,General Antonio Elizalde (Bucay),Informe de valoración,Informe pendiente,txt,0.0,,,,INFORME_VALORACION_PENDIENTE.txt,Guayas/General Antonio Elizalde (Bucay)/02_INFORME_VALORACION/INFORME_VALORACION_PENDIENTE.txt,,INFORME DE VALORACIÓN PENDIENTE · Guayas / General Antonio Elizalde (Bucay) No se localizó un plan o registro específico suficiente para emitir valoración técnica. Pendiente cargar o ubicar el documento base del cantón.
2613bb32a946,Guayas,General Antonio Elizalde (Bucay),Plan / referencias,Sin archivo localizado,txt,0.0,,,,SIN_ARCHIVOS_COMPARTIDOS_LOCALIZADOS.txt,Guayas/General Antonio Elizalde (Bucay)/01_PLAN_COMPARTIDO_O_REFERENCIAS/SIN_ARCHIVOS_COMPARTIDOS_LOCALIZADOS.txt,Seguimiento F07,Guayas / General Antonio Elizalde (Bucay) No se localizaron archivos o registros específicos compartidos para este cantón en la búsqueda realizada. La carpeta queda preparada para incorporar: - Plan de Acción ENOS 2026-2027. - Informe de valoración. - Anexos verificables. - Seguimiento mensual F07.
477d841db0d1,Guayas,General Antonio Elizalde (Bucay),Plan / referencias,Informe / revisión,pdf,0.55,,,,informe_tecnico_bucay_enos_apa7_final-signed-1.pdf,Guayas/General Antonio Elizalde (Bucay)/01_PLAN_COMPARTIDO_O_REFERENCIAS/informe_tecnico_bucay_enos_apa7_final-signed-1.pdf,Rutas/evacuación; COE / coordinación,"INFORME Nº. SNGR-IASR-05-2026-016 SUBSECRETARÍA DE GESTIÓN DE LA INFORMACIÓN Y ANÁLISIS DE RIESGOS /COORDINACIÓN ZONAL DE GESTIÓN DE RIESGOS No.05 INFORME Nº. SNGR-IASR-05-2026-016 PARA: Ing. Alejandro Mauricio Rosado Mendoza / Alcalde del GAD General Antonio Elizalde - Bucay ASUNTO: Análisis técnico-administrativo de antecedentes y fortalecimiento institucional para la gestión del riesgo por movimientos en masa en el sector El Mercado, Av. Paquisha, Cerro Virgen del Carmen/Cerro Chague, vía E48"
042e27e7a6c1,Guayas,Palestina,Seguimiento F07,Guía F07,txt,0.0,,,,GUIA_SEGUIMIENTO_F07.txt,Guayas/Palestina/04_SEGUIMIENTO_F07/GUIA_SEGUIMIENTO_F07.txt,Seguimiento F07,Registrar mensualmente: - Porcentaje anterior. - Porcentaje actual. - Actividades ejecutadas. - Actividades pendientes. - Brechas. - Apoyo requerido. - Verificables disponibles.
e34cd7dd57ee,Guayas,Palestina,Anexos verificables,Lista verificables,txt,0.0,,,,LISTA_VERIFICABLES_MINIMOS.txt,Guayas/Palestina/03_ANEXOS_VERIFICABLES/LISTA_VERIFICABLES_MINIMOS.txt,Alojamiento temporal; Rutas/evacuación; COE / coordinación; Seguimiento F07,"Verificables mínimos sugeridos: 1. Plan firmado o versión editable controlada. 2. Acta de COE o disposición institucional. 3. Matriz de acciones, responsables, plazos e indicadores. 4. Mapa, croquis, KMZ/SHP o georreferenciación de puntos críticos. 5. Fotografías por punto o sector. 6. Inventario de recursos y capacidades. 7. Registro de alojamientos temporales, rutas y puntos seguros. 8. Matriz F07 de seguimiento mensual."
d7f96d4ee3fe,Guayas,Palestina,Plan / referencias,Sin archivo localizado,txt,0.0,,,,SIN_ARCHIVOS_COMPARTIDOS_LOCALIZADOS.txt,Guayas/Palestina/01_PLAN_COMPARTIDO_O_REFERENCIAS/SIN_ARCHIVOS_COMPARTIDOS_LOCALIZADOS.txt,Seguimiento F07,Guayas / Palestina No se localizaron archivos o registros específicos compartidos para este cantón en la búsqueda realizada. La carpeta queda preparada para incorporar: - Plan de Acción ENOS 2026-2027. - Informe de valoración. - Anexos verificables. - Seguimiento mensual F07.
481c2f2f8648,Guayas,Palestina,Plan / referencias,Plan / contingencia,pdf,0.48,82,,,Plan_Accion_ENOS_2026_2027_GAD_Palestina__SNGR-signed-signed.pdf,Guayas/Palestina/01_PLAN_COMPARTIDO_O_REFERENCIAS/Plan_Accion_ENOS_2026_2027_GAD_Palestina__SNGR-signed-signed.pdf,Inundación/anegamiento; Alojamiento temporal; Infraestructura expuesta; COE / coordinación,"SECRETARÍA NACIONAL DE GESTIÓN DE RIESGOS - COORDINACIÓN ZONAL 5 | PLAN ENOS 2026-2027 PLAN DE ACCIÓN TERRITORIAL ANTE EL EVENTO EL NIÑO - OSCILACIÓN DEL SUR 2026-2027 GAD MUNICIPAL DEL CANTÓN PALESTINA PROVINCIA DEL GUAYAS ESTADO DEL DOCUMENTO Borrador técnico avanzado para validación institucional. Alineación estimada con lineamientos SNGR: 82 %. Estado técnico: amarillo-verde. No debe considerarse versión final hasta completar anexos, cartografía, coordenadas, población expuesta, inventario o"
af87ec5eff03,Guayas,Palestina,Informe de valoración,Informe pendiente,txt,0.0,,,,INFORME_VALORACION_PENDIENTE.txt,Guayas/Palestina/02_INFORME_VALORACION/INFORME_VALORACION_PENDIENTE.txt,,INFORME DE VALORACIÓN PENDIENTE · Guayas / Palestina No se localizó un plan o registro específico suficiente para emitir valoración técnica. Pendiente cargar o ubicar el documento base del cantón.
433cd1aab9df,Guayas,Santa Lucía,Anexos verificables,Lista verificables,txt,0.0,,,,LISTA_VERIFICABLES_MINIMOS.txt,Guayas/Santa Lucía/03_ANEXOS_VERIFICABLES/LISTA_VERIFICABLES_MINIMOS.txt,Alojamiento temporal; Rutas/evacuación; COE / coordinación; Seguimiento F07,"Verificables mínimos sugeridos: 1. Plan firmado o versión editable controlada. 2. Acta de COE o disposición institucional. 3. Matriz de acciones, responsables, plazos e indicadores. 4. Mapa, croquis, KMZ/SHP o georreferenciación de puntos críticos. 5. Fotografías por punto o sector. 6. Inventario de recursos y capacidades. 7. Registro de alojamientos temporales, rutas y puntos seguros. 8. Matriz F07 de seguimiento mensual."
e55cbbdf0986,Guayas,Santa Lucía,Seguimiento F07,Guía F07,txt,0.0,,,,GUIA_SEGUIMIENTO_F07.txt,Guayas/Santa Lucía/04_SEGUIMIENTO_F07/GUIA_SEGUIMIENTO_F07.txt,Seguimiento F07,Registrar mensualmente: - Porcentaje anterior. - Porcentaje actual. - Actividades ejecutadas. - Actividades pendientes. - Brechas. - Apoyo requerido. - Verificables disponibles.
a4ed26cbb0e8,Guayas,Santa Lucía,Informe de valoración,Informe pendiente,txt,0.0,,,,INFORME_VALORACION_PENDIENTE.txt,Guayas/Santa Lucía/02_INFORME_VALORACION/INFORME_VALORACION_PENDIENTE.txt,,INFORME DE VALORACIÓN PENDIENTE · Guayas / Santa Lucía No se localizó un plan o registro específico suficiente para emitir valoración técnica. Pendiente cargar o ubicar el documento base del cantón.
5d25a3320336,Guayas,Santa Lucía,Plan / referencias,Sin archivo localizado,txt,0.0,,,,SIN_ARCHIVOS_COMPARTIDOS_LOCALIZADOS.txt,Guayas/Santa Lucía/01_PLAN_COMPARTIDO_O_REFERENCIAS/SIN_ARCHIVOS_COMPARTIDOS_LOCALIZADOS.txt,Seguimiento F07,Guayas / Santa Lucía No se localizaron archivos o registros específicos compartidos para este cantón en la búsqueda realizada. La carpeta queda preparada para incorporar: - Plan de Acción ENOS 2026-2027. - Informe de valoración. - Anexos verificables. - Seguimiento mensual F07.
53bb5d7594d4,Guayas,Santa Lucía,Plan / referencias,Informe / revisión,pdf,0.05,82,,,Informe_revision_Santa_Lucia_ENOS_82.pdf,Guayas/Santa Lucía/01_PLAN_COMPARTIDO_O_REFERENCIAS/Informe_revision_Santa_Lucia_ENOS_82.pdf,Inundación/anegamiento; Alojamiento temporal; COE / coordinación; Recursos/maquinaria,Revisión técnica - Plan de Acción ENOS 2026-2027 INFORME DE REVISIÓN TÉCNICA Plan de Acción Territorial del Cantón Santa Lucía para la Época Lluviosa y ENOS 2026-2027 Documento revisado Plan de Acción Territorial del Cantón Santa Lucía para la Época Lluviosa y ENOS 2026-2027-signed (1).pdf Provincia / Cantón Guayas / Santa Lucía Fecha del plan Junio de 2026 Área responsable Coordinación / Unidad de Gestión de Riesgos del GAD Santa Lucía Resultado de Observado - requiere ajustes menores/medios an
2576439cdd75,Guayas,Santa Lucía,Plan / referencias,PDF soporte,pdf,0.26,,,,Memorando N° GADMCSL-DATDU-UGR-2026-037-M-signed (2).pdf,Guayas/Santa Lucía/01_PLAN_COMPARTIDO_O_REFERENCIAS/Memorando N° GADMCSL-DATDU-UGR-2026-037-M-signed (2).pdf,Inundación/anegamiento; COE / coordinación; Recursos/maquinaria,"Memorando N° GADMCSL-DATDU-UGR-2026-03-M Santa Lucía, 22 de junio del 2026 Tecnólogo Médico. Ubaldo Urquizo Mora. Alcalde del Cantón Santa Lucía Asunto: Cumplimiento de Memorando Nro. SNGR-CZ5GR-2026-0205-M - Plan de Acción GAD Santa Lucía ante Evento El Niño 2026-2027 De mi consideración: En atención a la sumilla inserta por su autoridad en el Memorando Nro. SNGR-CZ5GR- 2026-0205-M, de fecha 23 de mayo de 2026, suscrito por el Sr. Jairo Fabricio Jaramillo Rucano, Coordinador Zonal 5 de Gestión "
699f3770512f,Guayas,Santa Lucía,Plan / referencias,PDF soporte,pdf,0.26,,,,OFICIOS 359 ALCALDIA 2026-signed-1.pdf,Guayas/Santa Lucía/01_PLAN_COMPARTIDO_O_REFERENCIAS/OFICIOS 359 ALCALDIA 2026-signed-1.pdf,,"ALCALDÍA Santa Lucía – Guayas, 23 de junio de 2026. OFICIO No. GADMCSL- A-UIUM-2026-359-OF Sr. Jairo Fabricio Jaramillo Rucano Coordinador Zonal 5 de Gestión de Riesgos SECRETARÍA NACIONAL DE GESTIÓN DE RIESGOS En su Despacho. Asunto: Remisión del Plan de Acción Territorial del Cantón Santa Lucía ante el Evento El Niño 2026-2027 (Cumplimiento de Memorando Nro. SNGR-CZ5GR-2026-0205-M) De mi consideración: En atención al Memorando Nro. SNGR-CZ5GR-2026-0205-M, de fecha 23 de mayo de 2026, mediante "
1450ab838268,Guayas,Santa Lucía,Plan / referencias,Plan / contingencia,pdf,1.34,40,,,PLAN DE ACCIÓN TERRITORIAL DEL CANTÓN SANTA LUCÍA PARA LA ÉPOCA LLUVIOSA Y ENOS 2026-2027-signed (1).pdf,Guayas/Santa Lucía/01_PLAN_COMPARTIDO_O_REFERENCIAS/PLAN DE ACCIÓN TERRITORIAL DEL CANTÓN SANTA LUCÍA PARA LA ÉPOCA LLUVIOSA Y ENOS 2026-2027-signed (1).pdf,Inundación/anegamiento; Alojamiento temporal; Infraestructura expuesta; COE / coordinación; Recursos/maquinaria,PLAN DE ACCIÓN TERRITORIAL DEL CANTÓN SANTA LUCÍA PARA LA ÉPOCA LLUVIOSA Y ENOS 2026-2027 COORDINACION DE GESTIÓN DE RIESGOS JUNIO 2026 Contenido 1. DATOS GENERALES ....................................................................................................... 3 2. INTRODUCCIÓN ............................................................................................................ 3 3. OBJETIVO GENERAL ..................................................................................
8884eb051fc3,Guayas,Naranjal,Informe de valoración,Informe pendiente,txt,0.0,,,,INFORME_VALORACION_PENDIENTE.txt,Guayas/Naranjal/02_INFORME_VALORACION/INFORME_VALORACION_PENDIENTE.txt,,INFORME DE VALORACIÓN PENDIENTE · Guayas / Naranjal No se localizó un plan o registro específico suficiente para emitir valoración técnica. Pendiente cargar o ubicar el documento base del cantón.
7bcdcd8f782f,Guayas,Naranjal,Anexos verificables,Lista verificables,txt,0.0,,,,LISTA_VERIFICABLES_MINIMOS.txt,Guayas/Naranjal/03_ANEXOS_VERIFICABLES/LISTA_VERIFICABLES_MINIMOS.txt,Alojamiento temporal; Rutas/evacuación; COE / coordinación; Seguimiento F07,"Verificables mínimos sugeridos: 1. Plan firmado o versión editable controlada. 2. Acta de COE o disposición institucional. 3. Matriz de acciones, responsables, plazos e indicadores. 4. Mapa, croquis, KMZ/SHP o georreferenciación de puntos críticos. 5. Fotografías por punto o sector. 6. Inventario de recursos y capacidades. 7. Registro de alojamientos temporales, rutas y puntos seguros. 8. Matriz F07 de seguimiento mensual."
9dd8de0d490c,Guayas,Naranjal,Seguimiento F07,Guía F07,txt,0.0,,,,GUIA_SEGUIMIENTO_F07.txt,Guayas/Naranjal/04_SEGUIMIENTO_F07/GUIA_SEGUIMIENTO_F07.txt,Seguimiento F07,Registrar mensualmente: - Porcentaje anterior. - Porcentaje actual. - Actividades ejecutadas. - Actividades pendientes. - Brechas. - Apoyo requerido. - Verificables disponibles.
98fa8c344474,Guayas,Naranjal,Plan / referencias,Sin archivo localizado,txt,0.0,,,,SIN_ARCHIVOS_COMPARTIDOS_LOCALIZADOS.txt,Guayas/Naranjal/01_PLAN_COMPARTIDO_O_REFERENCIAS/SIN_ARCHIVOS_COMPARTIDOS_LOCALIZADOS.txt,Seguimiento F07,Guayas / Naranjal No se localizaron archivos o registros específicos compartidos para este cantón en la búsqueda realizada. La carpeta queda preparada para incorporar: - Plan de Acción ENOS 2026-2027. - Informe de valoración. - Anexos verificables. - Seguimiento mensual F07.
d143a29753d0,Guayas,Naranjal,Plan / referencias,Plan / contingencia,pdf,0.4,,,,Plan_Accion_ENOS_2026_2027_GAD_Naranjal_SNGR-signed (2).pdf,Guayas/Naranjal/01_PLAN_COMPARTIDO_O_REFERENCIAS/Plan_Accion_ENOS_2026_2027_GAD_Naranjal_SNGR-signed (2).pdf,Inundación/anegamiento; Desbordamiento; Erosión/socavación; Alojamiento temporal; Infraestructura expuesta; COE / coordinación,"GAD MUNICIPAL DEL CANTÓN NARANJAL | PLAN DE ACCIÓN ENOS 2026-2027 | REVISIÓN SNGR GOBIERNO AUTÓNOMO DESCENTRALIZADO MUNICIPAL DEL CANTÓN NARANJAL PLAN DE ACCIÓN CANTONAL FRENTE AL EVENTO EL NIÑO - ENOS 2026-2027 Cantón Naranjal, Provincia del Guayas Documento final para revisión de la Secretaría Nacional de Gestión de Riesgos - SNGR Fecha: 23 de junio de 2026 Responsable técnico: Ing. Jorge Luis De La Puerta Quiroz Código: GADNARANJAL-ENOS-2026-001 Institución responsable GAD Municipal del Cantó"
eb194826198d,Guayas,Naranjal,Plan / referencias,Plan / contingencia,pdf,0.3,,,,Memo 79 Plan de Acción ENOS 2026-2027 GAD Municipal de Naranjal-signed.pdf,Guayas/Naranjal/01_PLAN_COMPARTIDO_O_REFERENCIAS/Memo 79 Plan de Acción ENOS 2026-2027 GAD Municipal de Naranjal-signed.pdf,Inundación/anegamiento; Desbordamiento; Infraestructura expuesta; COE / coordinación,"UNIDAD DE GESTIÓN DE RIESGOS MUNICIPAL Memorando No. GADMCN-UGR-2026-0790-M Naranjal, 23 de junio de 2026 PARA: Sr. Juan Carlos Rivera Gutiérrez – Alcalde del cantón Naranjal ASUNTO: Plan de Acción ENOS 2026-2027 GAD Municipal de Naranjal En cumplimiento de las competencias institucionales relacionadas con la gestión integral de riesgos y la planificación de acciones orientadas a la prevención, preparación y respuesta ante eventos adversos, la Unidad de Gestión de Riesgos del Gobierno Autónomo D"
9e070247cd89,Guayas,Colimes,Seguimiento F07,Guía F07,txt,0.0,,,,GUIA_SEGUIMIENTO_F07.txt,Guayas/Colimes/04_SEGUIMIENTO_F07/GUIA_SEGUIMIENTO_F07.txt,Seguimiento F07,Registrar mensualmente: - Porcentaje anterior. - Porcentaje actual. - Actividades ejecutadas. - Actividades pendientes. - Brechas. - Apoyo requerido. - Verificables disponibles.
a9a7fa66bd10,Guayas,Colimes,Anexos verificables,Lista verificables,txt,0.0,,,,LISTA_VERIFICABLES_MINIMOS.txt,Guayas/Colimes/03_ANEXOS_VERIFICABLES/LISTA_VERIFICABLES_MINIMOS.txt,Alojamiento temporal; Rutas/evacuación; COE / coordinación; Seguimiento F07,"Verificables mínimos sugeridos: 1. Plan firmado o versión editable controlada. 2. Acta de COE o disposición institucional. 3. Matriz de acciones, responsables, plazos e indicadores. 4. Mapa, croquis, KMZ/SHP o georreferenciación de puntos críticos. 5. Fotografías por punto o sector. 6. Inventario de recursos y capacidades. 7. Registro de alojamientos temporales, rutas y puntos seguros. 8. Matriz F07 de seguimiento mensual."
9e89fe65ab5b,Guayas,Colimes,Informe de valoración,Informe pendiente,txt,0.0,,,,INFORME_VALORACION_PENDIENTE.txt,Guayas/Colimes/02_INFORME_VALORACION/INFORME_VALORACION_PENDIENTE.txt,,INFORME DE VALORACIÓN PENDIENTE · Guayas / Colimes No se localizó un plan o registro específico suficiente para emitir valoración técnica. Pendiente cargar o ubicar el documento base del cantón.
adc5a148f2d3,Guayas,Colimes,Plan / referencias,Plan / contingencia,pdf,0.5,,,,Plan_Accion_ENOS_Colimes_2026_2027_Completo01-signed-signed-signed.pdf,Guayas/Colimes/01_PLAN_COMPARTIDO_O_REFERENCIAS/Plan_Accion_ENOS_Colimes_2026_2027_Completo01-signed-signed-signed.pdf,Alojamiento temporal; Rutas/evacuación; Infraestructura expuesta; COE / coordinación,PLAN DE ACCIÓN TERRITORIAL ANTE EL EVENTO EL NIÑO - OSCILACIÓN DEL SUR (ENOS) 2026-2027 Provincia del Guayas | Cantón Colimes INSTRUMENTO Plan de Acción Territorial ante ENOS 2026-2027 Versión completa para validación del COE VERSIÓN Cantonal Unidad de Gestión de Riesgos del GAD Municipal RESPONSABLE TÉCNICO de Colimes Comité de Operaciones de Emergencia (COE) INSTANCIA DE COORDINACIÓN Cantonal FECHA DE ELABORACIÓN / ACTUALIZACIÓN 24 de junio de 2026 NOTA DE USO INSTITUCIONAL. - Este documento i
66050657ea4a,Guayas,Durán,Seguimiento F07,Guía F07,txt,0.0,,,,GUIA_SEGUIMIENTO_F07.txt,Guayas/Durán/04_SEGUIMIENTO_F07/GUIA_SEGUIMIENTO_F07.txt,Seguimiento F07,Registrar mensualmente: - Porcentaje anterior. - Porcentaje actual. - Actividades ejecutadas. - Actividades pendientes. - Brechas. - Apoyo requerido. - Verificables disponibles.
e84c3b67393e,Guayas,Durán,Anexos verificables,Lista verificables,txt,0.0,,,,LISTA_VERIFICABLES_MINIMOS.txt,Guayas/Durán/03_ANEXOS_VERIFICABLES/LISTA_VERIFICABLES_MINIMOS.txt,Alojamiento temporal; Rutas/evacuación; COE / coordinación; Seguimiento F07,"Verificables mínimos sugeridos: 1. Plan firmado o versión editable controlada. 2. Acta de COE o disposición institucional. 3. Matriz de acciones, responsables, plazos e indicadores. 4. Mapa, croquis, KMZ/SHP o georreferenciación de puntos críticos. 5. Fotografías por punto o sector. 6. Inventario de recursos y capacidades. 7. Registro de alojamientos temporales, rutas y puntos seguros. 8. Matriz F07 de seguimiento mensual."
7baa8706e6eb,Guayas,Durán,Plan / referencias,Plan / contingencia,pdf,5.28,,,,PLAN DE ACCIÓN  ANTE EL EVENTO EL NIÑO 2026 - Cantón Eloy Alfaro-signed (3).pdf,Guayas/Durán/01_PLAN_COMPARTIDO_O_REFERENCIAS/PLAN DE ACCIÓN  ANTE EL EVENTO EL NIÑO 2026 - Cantón Eloy Alfaro-signed (3).pdf,Inundación/anegamiento; Deslizamiento; Alojamiento temporal; COE / coordinación,PLAN DE ACCIÓN ANTE EL EVENTO “EL NIÑO” 2025 - 2026 1 ÍNDICE Contenido Página MARCO LEGAL .................................................................................................... 4 Título VII: Régimen Del Buen Vivir. Título VII ........................................................ 4 Artículo 390 ............................................................................................................ 4 Artículo 24. De los Comités de Operaciones de Emergencia (COE) ..............
9ad4de108521,Guayas,Yaguachi,Informe de valoración,Informe pendiente,txt,0.0,,,,INFORME_VALORACION_PENDIENTE.txt,Guayas/Yaguachi/02_INFORME_VALORACION/INFORME_VALORACION_PENDIENTE.txt,,INFORME DE VALORACIÓN PENDIENTE · Guayas / Yaguachi No se localizó un plan o registro específico suficiente para emitir valoración técnica. Pendiente cargar o ubicar el documento base del cantón.
0ee7fc838a75,Guayas,Yaguachi,Plan / referencias,Sin archivo localizado,txt,0.0,,,,SIN_ARCHIVOS_COMPARTIDOS_LOCALIZADOS.txt,Guayas/Yaguachi/01_PLAN_COMPARTIDO_O_REFERENCIAS/SIN_ARCHIVOS_COMPARTIDOS_LOCALIZADOS.txt,Seguimiento F07,Guayas / Yaguachi No se localizaron archivos o registros específicos compartidos para este cantón en la búsqueda realizada. La carpeta queda preparada para incorporar: - Plan de Acción ENOS 2026-2027. - Informe de valoración. - Anexos verificables. - Seguimiento mensual F07.
dfaf4b665639,Guayas,Yaguachi,Plan / referencias,Plan / contingencia,pdf,4.01,,,,PLAN DE RESPUESTA INVERNAL CANTONAL 2026-signed-signed SAN JACINTO DE YAGUACHI (1).pdf,Guayas/Yaguachi/01_PLAN_COMPARTIDO_O_REFERENCIAS/PLAN DE RESPUESTA INVERNAL CANTONAL 2026-signed-signed SAN JACINTO DE YAGUACHI (1).pdf,Inundación/anegamiento; Alojamiento temporal; Infraestructura expuesta; COE / coordinación,GESTIÓN DE RIESGO Y PREVENCIÓN DE DESASTRES PLAN DE RESPUESTA POR LA ÉPOCA LLUVIOSA (ENOS) DEL CANTÓN SAN JACINTO DE YAGUACHI P á g i n a 1 | 47 GESTIÓN DE RIESGO Y PREVENCIÓN DE DESASTRES Elaborado por: Jefatura de Gestión de Riesgos y Prevención de Desastres del Gobierno Autónomo Descentralizado Municipal de San Jacinto de Yaguachi. ÍNDICE ABREVIATURAS ................................................................................................................... 3 INTRODUCCIÓN.............
88de893fbfd0,Guayas,Yaguachi,Seguimiento F07,Guía F07,txt,0.0,,,,GUIA_SEGUIMIENTO_F07.txt,Guayas/Yaguachi/04_SEGUIMIENTO_F07/GUIA_SEGUIMIENTO_F07.txt,Seguimiento F07,Registrar mensualmente: - Porcentaje anterior. - Porcentaje actual. - Actividades ejecutadas. - Actividades pendientes. - Brechas. - Apoyo requerido. - Verificables disponibles.
0a53f7c26ab4,Guayas,Yaguachi,Anexos verificables,Lista verificables,txt,0.0,,,,LISTA_VERIFICABLES_MINIMOS.txt,Guayas/Yaguachi/03_ANEXOS_VERIFICABLES/LISTA_VERIFICABLES_MINIMOS.txt,Alojamiento temporal; Rutas/evacuación; COE / coordinación; Seguimiento F07,"Verificables mínimos sugeridos: 1. Plan firmado o versión editable controlada. 2. Acta de COE o disposición institucional. 3. Matriz de acciones, responsables, plazos e indicadores. 4. Mapa, croquis, KMZ/SHP o georreferenciación de puntos críticos. 5. Fotografías por punto o sector. 6. Inventario de recursos y capacidades. 7. Registro de alojamientos temporales, rutas y puntos seguros. 8. Matriz F07 de seguimiento mensual."
d7fd429e2fc3,Guayas,Alfredo Baquerizo Moreno (Jujan),Anexos verificables,Lista verificables,txt,0.0,,,,LISTA_VERIFICABLES_MINIMOS.txt,Guayas/Alfredo Baquerizo Moreno (Jujan)/03_ANEXOS_VERIFICABLES/LISTA_VERIFICABLES_MINIMOS.txt,Alojamiento temporal; Rutas/evacuación; COE / coordinación; Seguimiento F07,"Verificables mínimos sugeridos: 1. Plan firmado o versión editable controlada. 2. Acta de COE o disposición institucional. 3. Matriz de acciones, responsables, plazos e indicadores. 4. Mapa, croquis, KMZ/SHP o georreferenciación de puntos críticos. 5. Fotografías por punto o sector. 6. Inventario de recursos y capacidades. 7. Registro de alojamientos temporales, rutas y puntos seguros. 8. Matriz F07 de seguimiento mensual."
a51ebd1349f2,Guayas,Alfredo Baquerizo Moreno (Jujan),Seguimiento F07,Guía F07,txt,0.0,,,,GUIA_SEGUIMIENTO_F07.txt,Guayas/Alfredo Baquerizo Moreno (Jujan)/04_SEGUIMIENTO_F07/GUIA_SEGUIMIENTO_F07.txt,Seguimiento F07,Registrar mensualmente: - Porcentaje anterior. - Porcentaje actual. - Actividades ejecutadas. - Actividades pendientes. - Brechas. - Apoyo requerido. - Verificables disponibles.
3e667fe9033d,Guayas,Alfredo Baquerizo Moreno (Jujan),Informe de valoración,Informe pendiente,txt,0.0,,,,INFORME_VALORACION_PENDIENTE.txt,Guayas/Alfredo Baquerizo Moreno (Jujan)/02_INFORME_VALORACION/INFORME_VALORACION_PENDIENTE.txt,,INFORME DE VALORACIÓN PENDIENTE · Guayas / Alfredo Baquerizo Moreno (Jujan) No se localizó un plan o registro específico suficiente para emitir valoración técnica. Pendiente cargar o ubicar el documento base del cantón.
b26ef4b6d59b,Guayas,Alfredo Baquerizo Moreno (Jujan),Plan / referencias,Sin archivo localizado,txt,0.0,,,,SIN_ARCHIVOS_COMPARTIDOS_LOCALIZADOS.txt,Guayas/Alfredo Baquerizo Moreno (Jujan)/01_PLAN_COMPARTIDO_O_REFERENCIAS/SIN_ARCHIVOS_COMPARTIDOS_LOCALIZADOS.txt,Seguimiento F07,Guayas / Alfredo Baquerizo Moreno (Jujan) No se localizaron archivos o registros específicos compartidos para este cantón en la búsqueda realizada. La carpeta queda preparada para incorporar: - Plan de Acción ENOS 2026-2027. - Informe de valoración. - Anexos verificables. - Seguimiento mensual F07.
1d85188496aa,Guayas,Alfredo Baquerizo Moreno (Jujan),Plan / referencias,PDF soporte,pdf,0.58,,,,Oficio N° GADMCABMJ-A-AH-2026-0317-OF -signed-2.pdf,Guayas/Alfredo Baquerizo Moreno (Jujan)/01_PLAN_COMPARTIDO_O_REFERENCIAS/Oficio N° GADMCABMJ-A-AH-2026-0317-OF -signed-2.pdf,Infraestructura expuesta; COE / coordinación,"Oficio N° GADMCABMJ-A-AH-2026-0317-OF Alfredo Baquerizo Moreno (Jujan), 23 de junio de 2026 Licenciado Jairo Jaramillo Rucano COORDINADOR DE LA SECRETARIA DE GESTIÓN DE RIESGOS ZONA 5 En su despacho. - De mi consideración: Me es grato saludarlo y desearles éxitos en sus importantes funciones, a nombre de la entidad que represento y de la comunidad del Cantón Alfredo Baquerizo Moreno - Jujan. En atención al Memorando Nro. SNGR-CZ5GR-2026-0205-M, de fecha 23 de mayo de 2026, mediante el cual se po"
34d858362ff0,Guayas,Alfredo Baquerizo Moreno (Jujan),Plan / referencias,Plan / contingencia,pdf,1.12,,,,Plan_Accion_ENOS_GAD_JUJAN V01_2026 ENVIO-signed-signed (1)-signed (1)-signed-1.pdf,Guayas/Alfredo Baquerizo Moreno (Jujan)/01_PLAN_COMPARTIDO_O_REFERENCIAS/Plan_Accion_ENOS_GAD_JUJAN V01_2026 ENVIO-signed-signed (1)-signed (1)-signed-1.pdf,Inundación/anegamiento; Desbordamiento; Rutas/evacuación; Infraestructura expuesta; COE / coordinación; Formulario F01; Formulario F02; Seguimiento F07,SNGR · Coordinación Zonal 5 | ENOS Guayas 2026–2027 PLAN DE ACCIÓN TERRITORIAL ANTE EL EVENTO EL NIÑO 2026–2027 Nivel Cantonal GAD MUNICIPAL DEL CANTÓN ALFREDO BAQUERIZO MORENO (JUJAN) Provincia de Guayas · Cantón Alfredo Baquerizo Moreno (Jujan) Tabla No. 001 Campo Detalle Código de caso GADABMJUJAN_ENOS_2026_001 Fecha de elaboración 11/06/2026 Responsable técnico Jairo Jaramillo Benalcázar Gestor de la Unidad de Gestión de Riesgos Fuente principal ENOS Plan Acción y formularios F01–F07 Estado 
eaccb8276a2f,Guayas,Alfredo Baquerizo Moreno (Jujan),Plan / referencias,Plan / contingencia,docx,0.68,97,,,Plan_Accion_ENOS_GAD_JUJAN V01_2026 ACTUAL(1).docx,Guayas/Alfredo Baquerizo Moreno (Jujan)/01_PLAN_COMPARTIDO_O_REFERENCIAS/Plan_Accion_ENOS_GAD_JUJAN V01_2026 ACTUAL(1).docx,Inundación/anegamiento; Desbordamiento; Deslizamiento; Alojamiento temporal; Rutas/evacuación; Infraestructura expuesta; COE / coordinación; Recursos/maquinaria; Formulario F01; Formulario F02; Seguimiento F07,PLAN DE ACCIÓN TERRITORIAL ANTE EL EVENTO EL NIÑO 2026–2027 Nivel Cantonal GAD MUNICIPAL DEL CANTÓN ALFREDO BAQUERIZO MORENO ( JUJAN ) Provincia de Guayas · Cantón Alfredo Baquerizo Moreno (Jujan) Tabla No. 001 Campo Detalle Código de caso GADABMJUJAN _ENOS_2026_001 Fecha de elaboración 11/06/2026 Responsable técnico Jairo Jaramillo Benalcázar Gestor de la Unidad de Gestión de Riesgos Fuente principal ENOS Plan Acción y formularios F01–F07 Estado del documento Elaborado y Revisado por parte de l
cfd78e36d543,Guayas,Simón Bolívar,Informe de valoración,Informe pendiente,txt,0.0,,,,INFORME_VALORACION_PENDIENTE.txt,Guayas/Simón Bolívar/02_INFORME_VALORACION/INFORME_VALORACION_PENDIENTE.txt,,INFORME DE VALORACIÓN PENDIENTE · Guayas / Simón Bolívar No se localizó un plan o registro específico suficiente para emitir valoración técnica. Pendiente cargar o ubicar el documento base del cantón.
7e390d035441,Guayas,Simón Bolívar,Anexos verificables,Lista verificables,txt,0.0,,,,LISTA_VERIFICABLES_MINIMOS.txt,Guayas/Simón Bolívar/03_ANEXOS_VERIFICABLES/LISTA_VERIFICABLES_MINIMOS.txt,Alojamiento temporal; Rutas/evacuación; COE / coordinación; Seguimiento F07,"Verificables mínimos sugeridos: 1. Plan firmado o versión editable controlada. 2. Acta de COE o disposición institucional. 3. Matriz de acciones, responsables, plazos e indicadores. 4. Mapa, croquis, KMZ/SHP o georreferenciación de puntos críticos. 5. Fotografías por punto o sector. 6. Inventario de recursos y capacidades. 7. Registro de alojamientos temporales, rutas y puntos seguros. 8. Matriz F07 de seguimiento mensual."
3409a0547fcf,Guayas,Simón Bolívar,Plan / referencias,Sin archivo localizado,txt,0.0,,,,SIN_ARCHIVOS_COMPARTIDOS_LOCALIZADOS.txt,Guayas/Simón Bolívar/01_PLAN_COMPARTIDO_O_REFERENCIAS/SIN_ARCHIVOS_COMPARTIDOS_LOCALIZADOS.txt,Seguimiento F07,Guayas / Simón Bolívar No se localizaron archivos o registros específicos compartidos para este cantón en la búsqueda realizada. La carpeta queda preparada para incorporar: - Plan de Acción ENOS 2026-2027. - Informe de valoración. - Anexos verificables. - Seguimiento mensual F07.
aa417e69b6eb,Guayas,Simón Bolívar,Plan / referencias,PDF soporte,pdf,0.15,87,,,OFICIO-MFVC-GADMCSB-AL-2026-0299-OF-signed.pdf,Guayas/Simón Bolívar/01_PLAN_COMPARTIDO_O_REFERENCIAS/OFICIO-MFVC-GADMCSB-AL-2026-0299-OF-signed.pdf,Infraestructura expuesta,"OFICIO-MFVC-GADMCSB-AL-2026-0299-OF Simón Bolívar, 23 de junio 2026 PARA: Lcdo. Jairo Fabricio Jaramillo Rucano COORDINADOR ZONA 5 SECRETARIA NACIONAL DE GESTIÓN DE RIESGOS ASUNTO: ENTREGA DEL PLAN DE ACCIÓN TERRITORIAL ANTE EL EVENTO ENOS 2026-2027 En su despacho De mis consideraciones: Reciba un cordial saludo de quienes conformamos el Gobierno Autónomo Descentralizado Municipal del cantón Simón Bolívar, augurándole éxitos en el desempeño de sus funciones en beneficio de la provincia del Guaya"
20f85e6dd157,Guayas,Simón Bolívar,Plan / referencias,Informe / revisión,pdf,0.05,87,,,Informe_revision_porcentaje_Simon_Bolivar_ENOS_2026.pdf,Guayas/Simón Bolívar/01_PLAN_COMPARTIDO_O_REFERENCIAS/Informe_revision_porcentaje_Simon_Bolivar_ENOS_2026.pdf,Inundación/anegamiento; Desbordamiento; Alojamiento temporal; Infraestructura expuesta; COE / coordinación,INFORME DE REVISION Y VALORACION PORCENTUAL Plan de Accion Territorial ante el Evento El Nino 2026-2027 - GAD Municipal del Canton Simon Bolivar Documento revisado PLAN DE ACCION SIMON BOLIVAR 2026.pdf Entidad GAD Municipal del Canton Simon Bolivar - Jefatura de Riesgo y Desastres Fecha declarada Actualizado: junio de 2026 Resultado 87% de integracion tecnica documental Estado sugerido Aprobable con observaciones obligatorias antes de version final 87% Integracion tecnica documental Criterio gen
ff854c47615f,Guayas,Simón Bolívar,Plan / referencias,PDF soporte,pdf,0.12,87,,,GADMCSB-GADMCSB-AL-2026-0120-QPX.pdf,Guayas/Simón Bolívar/01_PLAN_COMPARTIDO_O_REFERENCIAS/GADMCSB-GADMCSB-AL-2026-0120-QPX.pdf,Infraestructura expuesta,"Oficio Nro. GADMCSB-GADMCSB-AL-2026-0120-QPX Simón Bolívar, 23 de junio de 2026 Asunto: ENTREGA DEL PLAN DE ACCIÓN TERRITORIAL ANTE EL EVENTO ENOS 2026-2027 Señor Jairo Fabricio Jaramillo Rucano Coordinador Zonal 5 de Gestión de Riesgos SECRETARÍA NACIONAL DE GESTIÓN DE RIESGOS En su Despacho De mi consideración: Reciba un cordial saludo de quienes conformamos el Gobierno Autónomo Descentralizado Municipal del cantón Simón Bolívar, augurándole éxitos en el desempeño de sus funciones en beneficio"
159e1544ad22,Guayas,Simón Bolívar,Plan / referencias,Plan / contingencia,pdf,3.84,,,,PLAN DE ACCION SIMON BOLIVAR 2026-signed-signed-signed-1.pdf,Guayas/Simón Bolívar/01_PLAN_COMPARTIDO_O_REFERENCIAS/PLAN DE ACCION SIMON BOLIVAR 2026-signed-signed-signed-1.pdf,Rutas/evacuación; COE / coordinación,"1 PLAN DE ACCION TERRITORIAL ANTE EL EVENTO EL NIÑO 2026 - 2027 JEFATURA DE RIESGO Y DESASTRES Actualizado, junio del 2026 Tabla de contenido 1. DATOS GENERALES ...................................................................................................................... 3 2. INTRODUCCIÓN ........................................................................................................................... 4 3. OBJETIVO GENERAL ........................................................"
0900bee44646,Guayas,Simón Bolívar,Seguimiento F07,Guía F07,txt,0.0,,,,GUIA_SEGUIMIENTO_F07.txt,Guayas/Simón Bolívar/04_SEGUIMIENTO_F07/GUIA_SEGUIMIENTO_F07.txt,Seguimiento F07,Registrar mensualmente: - Porcentaje anterior. - Porcentaje actual. - Actividades ejecutadas. - Actividades pendientes. - Brechas. - Apoyo requerido. - Verificables disponibles.
6d26233c6061,Guayas,Daule,Plan / referencias,MD,md,0.0,,,,REFERENCIAS_ARCHIVOS_COMPARTIDOS.md,Guayas/Daule/01_PLAN_COMPARTIDO_O_REFERENCIAS/REFERENCIAS_ARCHIVOS_COMPARTIDOS.md,Infraestructura expuesta; Formulario F01; Seguimiento F07,"# Archivos compartidos o registros localizados · Guayas / Daule ## GADDAULE-ENOS-2026-001BORRADOR / registros F01 y F07 Tipo: Registro/base Fuente: File Library Nota: Elementos expuestos: puentes, unidades educativas, centros de salud, subestación Daule Nueva y ribera del río Daule. Nota: esta carpeta contiene referencias y extractos operativos. Los binarios originales no se pudieron incrustar automáticamente desde la Biblioteca de Archivos."
7c008926b765,Guayas,Daule,Plan / referencias,Plan / contingencia,pdf,0.74,,,,plan_accion_enos_2026_2027_daule_final_sngr-signed-signed.pdf,Guayas/Daule/01_PLAN_COMPARTIDO_O_REFERENCIAS/plan_accion_enos_2026_2027_daule_final_sngr-signed-signed.pdf,Inundación/anegamiento; Erosión/socavación; Infraestructura expuesta; COE / coordinación,"SNGR | CZ5 PLAN DE ACCIÓN ENOS 2026-2027 GAD DAULE SECRETARÍA NACIONAL DE GESTIÓN DE RIESGOS COORDINACIÓN ZONAL 5 | GAD MUNICIPAL DEL CANTÓN DAULE PLAN DE ACCIÓN ANTE EL EVENTO EL NIÑO 2026-2027 Cantón Daule, provincia del Guayas Campo Detalle Código del caso GADDAULE-ENOS-2026-001 Fecha de elaboración 22 de junio de 2026 Responsable técnico Stalin Quiñónez Arreaga Cargo Jefe de la Unidad de Gestión de Riesgos Correo institucional stalin.quinonez@daule.gob.ec Instancia de presentación Comité de "
3ccc8b0bfeab,Guayas,Daule,Informe de valoración,Informe / revisión,md,0.0,70,Registros ENOS y seguimiento localizados; plan conversacional no extraíble como archivo original,Parcialmente concordante; requiere cierre documental,INFORME_VALORACION_DAULE.md,Guayas/Daule/02_INFORME_VALORACION/INFORME_VALORACION_DAULE.md,Erosión/socavación; Alojamiento temporal; Rutas/evacuación; Infraestructura expuesta; COE / coordinación; Formulario F01; Seguimiento F07,"# INFORME DE VALORACIÓN TÉCNICA ## Plan de Acción ENOS 2026-2027 · Guayas / Daule **Estado documental:** Registros ENOS y seguimiento localizados; plan conversacional no extraíble como archivo original **Porcentaje estimado de afinidad / concordancia con lineamientos SNGR:** 70 % **Condición técnica:** Parcialmente concordante; requiere cierre documental ## 1. Base de valoración Se registran infraestructura esencial, reducción de capacidad hidráulica, brecha de resiliencia operativa de subestaci"
6e03667359fa,Guayas,Daule,Anexos verificables,Lista verificables,txt,0.0,,,,LISTA_VERIFICABLES_MINIMOS.txt,Guayas/Daule/03_ANEXOS_VERIFICABLES/LISTA_VERIFICABLES_MINIMOS.txt,Alojamiento temporal; Rutas/evacuación; COE / coordinación; Seguimiento F07,"Verificables mínimos sugeridos: 1. Plan firmado o versión editable controlada. 2. Acta de COE o disposición institucional. 3. Matriz de acciones, responsables, plazos e indicadores. 4. Mapa, croquis, KMZ/SHP o georreferenciación de puntos críticos. 5. Fotografías por punto o sector. 6. Inventario de recursos y capacidades. 7. Registro de alojamientos temporales, rutas y puntos seguros. 8. Matriz F07 de seguimiento mensual."
df86430c4fe0,Guayas,Daule,Seguimiento F07,Guía F07,txt,0.0,70,,,GUIA_SEGUIMIENTO_F07.txt,Guayas/Daule/04_SEGUIMIENTO_F07/GUIA_SEGUIMIENTO_F07.txt,Seguimiento F07,"SEGUIMIENTO F07 · Guayas / Daule Estado sugerido para seguimiento mensual: - Actualizar porcentaje de implementación cada mes. - Registrar actividades ejecutadas, actividades pendientes, brechas, apoyo requerido y verificables. - Usar criterios C1-C10 para medir avance. - Adjuntar actas, fotos, mapas, oficios, informes técnicos o enlaces Drive. Porcentaje base sugerido: 70 %"
dcfcf34c040b,Guayas,Isidro Ayora,Informe de valoración,Informe pendiente,txt,0.0,,,,INFORME_VALORACION_PENDIENTE.txt,Guayas/Isidro Ayora/02_INFORME_VALORACION/INFORME_VALORACION_PENDIENTE.txt,,INFORME DE VALORACIÓN PENDIENTE · Guayas / Isidro Ayora No se localizó un plan o registro específico suficiente para emitir valoración técnica. Pendiente cargar o ubicar el documento base del cantón.
7b6ad308beea,Guayas,Isidro Ayora,Anexos verificables,Lista verificables,txt,0.0,,,,LISTA_VERIFICABLES_MINIMOS.txt,Guayas/Isidro Ayora/03_ANEXOS_VERIFICABLES/LISTA_VERIFICABLES_MINIMOS.txt,Alojamiento temporal; Rutas/evacuación; COE / coordinación; Seguimiento F07,"Verificables mínimos sugeridos: 1. Plan firmado o versión editable controlada. 2. Acta de COE o disposición institucional. 3. Matriz de acciones, responsables, plazos e indicadores. 4. Mapa, croquis, KMZ/SHP o georreferenciación de puntos críticos. 5. Fotografías por punto o sector. 6. Inventario de recursos y capacidades. 7. Registro de alojamientos temporales, rutas y puntos seguros. 8. Matriz F07 de seguimiento mensual."
125028e11c45,Guayas,Isidro Ayora,Plan / referencias,Sin archivo localizado,txt,0.0,,,,SIN_ARCHIVOS_COMPARTIDOS_LOCALIZADOS.txt,Guayas/Isidro Ayora/01_PLAN_COMPARTIDO_O_REFERENCIAS/SIN_ARCHIVOS_COMPARTIDOS_LOCALIZADOS.txt,Seguimiento F07,Guayas / Isidro Ayora No se localizaron archivos o registros específicos compartidos para este cantón en la búsqueda realizada. La carpeta queda preparada para incorporar: - Plan de Acción ENOS 2026-2027. - Informe de valoración. - Anexos verificables. - Seguimiento mensual F07.
8d1f427cd321,Guayas,Isidro Ayora,Plan / referencias,Plan / contingencia,pdf,0.15,,,,Plan de Acción GAD ENOS 2026-2027.pdf,Guayas/Isidro Ayora/01_PLAN_COMPARTIDO_O_REFERENCIAS/Plan de Acción GAD ENOS 2026-2027.pdf,Inundación/anegamiento; Desbordamiento; Alojamiento temporal; Infraestructura expuesta; COE / coordinación,"Plan de Acción GAD ENOS 2026-2027 https://dcoellom2-creator.github.io/enos_guayas_2/plan_accion.html Plan de Acción GAD ante el Evento El Niño 2026–2027 Documento generado: 2/6/2026. Este Plan se construye a partir de los lineamientos institucionales: primero se define el escenario territorial de riesgo e impacto; luego se vinculan monitoreo, prevención, mitigación, preparación, respuesta, recuperación, comunicación, recursos y seguimiento. 1. Información general y contexto territorial Nombre de"
2137e907b9ca,Guayas,Isidro Ayora,Plan / referencias,PDF soporte,pdf,0.21,,,,matriz mitigacion gads guayas enos 240523 - 2026.pdf,Guayas/Isidro Ayora/01_PLAN_COMPARTIDO_O_REFERENCIAS/matriz mitigacion gads guayas enos 240523 - 2026.pdf,Inundación/anegamiento; Desbordamiento; Recursos/maquinaria,"MATRIZ PARA IDENTIFICAR OBRAS DE REDUCCION/MITIGACION PREVIO EPOCA LLUVIOSA Y ENOS (FENOMENO EL NIÑO 2026-2027) POBLACIÓN UBICACIÓN VIVIENDAS EN APORTES DE EL GAD CANTONAL PARA LA REQUERIMIENTO AL GAD SI APLICA, CONOCE USTED SI EXISTEN AVANCES, SECTOR / ZONAS EXPUESTA DIRECCION PROVINCIAL Nro. CANTON PARROQUIA PRIORIDAD GEOGRAFICA RIESGO IDENTIFICADO PONTENCIAL RIESGO INTERVENCIÓN (Disponibilidad de recursos PROVINCIAL PARA LA ESTUDIOS, OBRAS INICIALES U OTROS QUE SE OBSERVACIONES AVANCE % POSIB"
261469f67464,Guayas,Isidro Ayora,Plan / referencias,PDF soporte,pdf,0.26,,,,PRESUPUESTO TENTATIVO PARA EMERGENCIA 2026-signed-1.pdf,Guayas/Isidro Ayora/01_PLAN_COMPARTIDO_O_REFERENCIAS/PRESUPUESTO TENTATIVO PARA EMERGENCIA 2026-signed-1.pdf,Recursos/maquinaria,"GOBIERNO AUTÓNOMO DESCENTRALIZADO MUNICIPAL DE “ISIDRO AYORA” Registro Oficial N0567, Mayo 2 del 2002 Ley de creación del cantón N0134, Reg. Of. N0· 1002 Agosto 2 de 1996 Provincia del Guayas – Ecuador PRESUPUESTO TENTATIVO DEL GAD MUNICIPAL DE ISIDRO AYORA PARA LA EMERGENCIA ANTE EL EVENTO EL NIÑO 2026–2027 POSIBLE VALOR RECURSOS HUMANOS RECURSOS A GASTOS DE VALOR OBSERVACIONES DETALLE FAMILIAS APROXIMADOS EMPLEARSE MAQUINARES DAMNIFICADAS DE KITS KIT DE ALIMENTOS 848 88.14 74.742.72 De acuerdo"
4f85cc37d138,Guayas,Isidro Ayora,Plan / referencias,PDF soporte,pdf,4.16,,,,REUNION DEL COE20260623.pdf,Guayas/Isidro Ayora/01_PLAN_COMPARTIDO_O_REFERENCIAS/REUNION DEL COE20260623.pdf,COE / coordinación,"•38-'3ga€(r ®£8¢a1G, i' ,S=F> Xr,ga-a?11 Ra-`ypi-i \ ,, ®a-Aa)-fi®©Ec5€i,%trI0rt®WetJEB-t=I-e*WeCBiI,tetJina <- +8=7ei i?' ~ ZgEGaL<%nI5C)Cn -CSQ\i-\ 4(i`\.'0/7 ? a . 9ro, ip,\'. -a§`nrv, ^ ?i,SJ>Q`CLrZ= \Suq iDU= na\=b fo-`is=Ss``.6 CrT|5 9E =®feaVA, a +rT\ 0+-bt)S& L`i =cOI a tl l 2 a`-i= C>- 8 C±-rfe C±§QT§ho, ® 3(,Q ""`<,- C>£ =e)Pn©e+LuieaHiLI L }NA- -G5`4iuc£! ar-a0€oQcid S69ro\ QWF>-QDqu ii \\¥E= •PrJ,QVAich' 0¢¥G`uOQa Q Of'Cf€L9t, , I tdH2C) t:C}S-` -\8®iCor,i,iJ9-,3h C-a, •\Zg ,?c, 7/, ,"
77b142a1c615,Guayas,Isidro Ayora,Plan / referencias,PDF soporte,pdf,11.53,,,,ACTA DE SESIÓN COE20260623.pdf,Guayas/Isidro Ayora/01_PLAN_COMPARTIDO_O_REFERENCIAS/ACTA DE SESIÓN COE20260623.pdf,Alojamiento temporal; Infraestructura expuesta; COE / coordinación,"GOBIEEN0 AUT6NOMO DESCENTRAIIZAD0 MUNICIPAL DE I ""ISIDR0 AYORA"" Registro Chcial Nes7. Nayo 2 del ae82 Lay de creaci6n del cantch N0134, Reg. er. N8.1cO2 Agesto 2 de lse6 Provincia del Guayas - Ecuador ACTADESES]ON -CSE CANTONAL IS!DRO AYCRA REENldFT DHL CGREOE CANTONAL DE ISIDR0 AYOHAq EN CUMPLIMIENT0 A LA RESOLUC16N Nro. SNGR-126-2026 DE LA SECRETARIA NACI0NAL DH GESTloN DE RIESGo, DADo EN SAMBORONDON A Los 23 nlAs DEL MES DE RAY0 DE 2026. Asunto: 1. Plan de Acci6n del GAD Municipal de lsidro A"
bc45a95eab6a,Guayas,Isidro Ayora,Seguimiento F07,Guía F07,txt,0.0,,,,GUIA_SEGUIMIENTO_F07.txt,Guayas/Isidro Ayora/04_SEGUIMIENTO_F07/GUIA_SEGUIMIENTO_F07.txt,Seguimiento F07,Registrar mensualmente: - Porcentaje anterior. - Porcentaje actual. - Actividades ejecutadas. - Actividades pendientes. - Brechas. - Apoyo requerido. - Verificables disponibles.
9e7733d6e943,Guayas,Marcelino Maridueña,Anexos verificables,Lista verificables,txt,0.0,,,,LISTA_VERIFICABLES_MINIMOS.txt,Guayas/Marcelino Maridueña/03_ANEXOS_VERIFICABLES/LISTA_VERIFICABLES_MINIMOS.txt,Alojamiento temporal; Rutas/evacuación; COE / coordinación; Seguimiento F07,"Verificables mínimos sugeridos: 1. Plan firmado o versión editable controlada. 2. Acta de COE o disposición institucional. 3. Matriz de acciones, responsables, plazos e indicadores. 4. Mapa, croquis, KMZ/SHP o georreferenciación de puntos críticos. 5. Fotografías por punto o sector. 6. Inventario de recursos y capacidades. 7. Registro de alojamientos temporales, rutas y puntos seguros. 8. Matriz F07 de seguimiento mensual."
49d1d38d32ce,Guayas,Marcelino Maridueña,Informe de valoración,Informe pendiente,txt,0.0,,,,INFORME_VALORACION_PENDIENTE.txt,Guayas/Marcelino Maridueña/02_INFORME_VALORACION/INFORME_VALORACION_PENDIENTE.txt,,INFORME DE VALORACIÓN PENDIENTE · Guayas / Marcelino Maridueña No se localizó un plan o registro específico suficiente para emitir valoración técnica. Pendiente cargar o ubicar el documento base del cantón.
a7f82b504e7f,Guayas,Marcelino Maridueña,Informe de valoración,Informe / revisión,pdf,0.01,73,,,Revision_Tecnica_Marcelino_Mariduena_ENOS_73.pdf,Guayas/Marcelino Maridueña/02_INFORME_VALORACION/Revision_Tecnica_Marcelino_Mariduena_ENOS_73.pdf,Inundación/anegamiento; Desbordamiento; Alojamiento temporal; Rutas/evacuación; Infraestructura expuesta; COE / coordinación; Recursos/maquinaria,Revisión técnica - Plan de Acción ENOS 2026-2027 Marcelino Maridueña INFORME DE REVISIÓN TÉCNICA Plan de Acción frente al Evento El Niño 2026-2027 Gobierno Autónomo Descentralizado Municipal del cantón Crnel. Marcelino Maridueña Cantón Crnel. Marcelino Maridueña Provincia Guayas Documento revisado Plan de Acción frente al Evento El Niño 2026-2027 Extensión del documento 30 páginas Fecha de revisión 24/06/2026 PORCENTAJE DE INTEGRACIÓN DE LINEAMIENTOS 73% Estado técnico: ACEPTABLE CON OBSERVACION
8d8de2203053,Guayas,Marcelino Maridueña,Seguimiento F07,Guía F07,txt,0.0,,,,GUIA_SEGUIMIENTO_F07.txt,Guayas/Marcelino Maridueña/04_SEGUIMIENTO_F07/GUIA_SEGUIMIENTO_F07.txt,Seguimiento F07,Registrar mensualmente: - Porcentaje anterior. - Porcentaje actual. - Actividades ejecutadas. - Actividades pendientes. - Brechas. - Apoyo requerido. - Verificables disponibles.
c84a38d896d6,Guayas,Marcelino Maridueña,Plan / referencias,Sin archivo localizado,txt,0.0,,,,SIN_ARCHIVOS_COMPARTIDOS_LOCALIZADOS.txt,Guayas/Marcelino Maridueña/01_PLAN_COMPARTIDO_O_REFERENCIAS/SIN_ARCHIVOS_COMPARTIDOS_LOCALIZADOS.txt,Seguimiento F07,Guayas / Marcelino Maridueña No se localizaron archivos o registros específicos compartidos para este cantón en la búsqueda realizada. La carpeta queda preparada para incorporar: - Plan de Acción ENOS 2026-2027. - Informe de valoración. - Anexos verificables. - Seguimiento mensual F07.
ab406ad82443,Guayas,Marcelino Maridueña,Plan / referencias,PDF soporte,pdf,0.28,,,,Oficio 0247-signed.pdf,Guayas/Marcelino Maridueña/01_PLAN_COMPARTIDO_O_REFERENCIAS/Oficio 0247-signed.pdf,Infraestructura expuesta,"Oficio No.: GADMCMM-ALCALDIA-2026-0247-OF Coronel Marcelino Maridueña, 23 de junio de 2026 Señor Jairo Fabricio Jaramillo Rucano COORDINADOR ZONAL 5 DE GESTIÓN DE RIESGOS ASUNTO: REMISIÓN DEL PLAN DE ACCIÓN DEL GOBIERNO AUTÓNOMO DESCENTRALIZADO MUNICIPAL DEL CANTÓN CRNEL. MARCELINO MARIDUEÑA FRENTE AL EVENTO “EL NIÑO” 2026-2027. De mis consideraciones: Ab. PEDRO ANTONIO ORELLANA ORTIZ, en representación del Gobierno Autónomo Descentralizado Municipal del cantón Crnel. Marcelino Maridueña, me es "
e11b14283330,Guayas,Marcelino Maridueña,Plan / referencias,Plan / contingencia,pdf,5.97,,,,PLAN DE ACCIÓN FRENTE A EVENTO EL NIÑO 2026-2027-signed (1)-signed-signed (1)-signed-signed.pdf,Guayas/Marcelino Maridueña/01_PLAN_COMPARTIDO_O_REFERENCIAS/PLAN DE ACCIÓN FRENTE A EVENTO EL NIÑO 2026-2027-signed (1)-signed-signed (1)-signed-signed.pdf,Inundación/anegamiento; Desbordamiento; Infraestructura expuesta; COE / coordinación,GOBIERNO AUTONÓMO DESCENTRALIZADO MUNICIPAL DEL CANTÓN CRNEL MARCELINO MARIDUEÑA PLAN DE ACCIÓN FRENTE AL EVENTO EL NIÑO 2026-2027 UNIDAD DE GESTIÓN DE RIESGOS MARCELINO MARIDUEÑA 2026 INSTITUCIONES DE RESPUESTA GAD Municipal de Crnel Marcelino Maridueña Cuerpo de Bomberos de Marcelino Maridueña Jefatura Política del Cantón Marcelino Maridueña Dirección Distrital de Policía Nacional Marcelino Maridueña - Naranjito Destacamento CTE de Marcelino Maridueña Dirección Distrital de Educación Marcelino
bfd99edcf424,Guayas,Marcelino Maridueña,Plan / referencias,Plan / contingencia,docx,0.57,,,,PLAN DE ACCIÓN FRENTE A EVENTO EL NIÑO 2026-2027-signed (1)-signed-signed (1)-signed-signed.docx,Guayas/Marcelino Maridueña/01_PLAN_COMPARTIDO_O_REFERENCIAS/PLAN DE ACCIÓN FRENTE A EVENTO EL NIÑO 2026-2027-signed (1)-signed-signed (1)-signed-signed.docx,Inundación/anegamiento; Desbordamiento; Deslizamiento; Alojamiento temporal; Rutas/evacuación; Infraestructura expuesta; COE / coordinación; Recursos/maquinaria,GOBIERNO AUTONÓMO DESCENTRALIZADO MUNICIPAL DEL CANTÓN CRNEL MARCELINO MARIDUEÑA PLAN DE ACCIÓN FRENTE AL EVENTO EL NIÑO 2026-2027 UNIDAD DE GESTIÓN DE RIESGOS MARCELINO MARIDUEÑA 2026 INSTITUCIONES DE RESPUESTA GAD Municipal de Crnel Marcelino Maridueña Cuerpo de Bomberos de Marcelino Maridueña Jefatura Política del Cantón Marcelino Maridueña Dirección Distrital de Policía Nacional Marcelino Maridueña - Naranjito Destacamento CTE de Marcelino Maridueña Dirección Distrital de Educación Marcelino
c14b32a9ff37,Guayas,Playas,Informe de valoración,Informe / revisión,md,0.0,50,Registros base localizados; sin plan final localizado,Borrador/base en etapa inicial,INFORME_VALORACION_PLAYAS.md,Guayas/Playas/02_INFORME_VALORACION/INFORME_VALORACION_PLAYAS.md,Alojamiento temporal; Rutas/evacuación; COE / coordinación; Formulario F01; Seguimiento F07,"# INFORME DE VALORACIÓN TÉCNICA ## Plan de Acción ENOS 2026-2027 · Guayas / Playas **Estado documental:** Registros base localizados; sin plan final localizado **Porcentaje estimado de afinidad / concordancia con lineamientos SNGR:** 50 % **Condición técnica:** Borrador/base en etapa inicial ## 1. Base de valoración Se localiza registro base del caso, pero no documento final del plan. ## 2. Criterios aplicados La valoración se organiza sobre diez criterios operativos usados para revisión de plan"
caabccc7824d,Guayas,Playas,Anexos verificables,Lista verificables,txt,0.0,,,,LISTA_VERIFICABLES_MINIMOS.txt,Guayas/Playas/03_ANEXOS_VERIFICABLES/LISTA_VERIFICABLES_MINIMOS.txt,Alojamiento temporal; Rutas/evacuación; COE / coordinación; Seguimiento F07,"Verificables mínimos sugeridos: 1. Plan firmado o versión editable controlada. 2. Acta de COE o disposición institucional. 3. Matriz de acciones, responsables, plazos e indicadores. 4. Mapa, croquis, KMZ/SHP o georreferenciación de puntos críticos. 5. Fotografías por punto o sector. 6. Inventario de recursos y capacidades. 7. Registro de alojamientos temporales, rutas y puntos seguros. 8. Matriz F07 de seguimiento mensual."
7aa905228dd5,Guayas,Playas,Plan / referencias,MD,md,0.0,,,,REFERENCIAS_ARCHIVOS_COMPARTIDOS.md,Guayas/Playas/01_PLAN_COMPARTIDO_O_REFERENCIAS/REFERENCIAS_ARCHIVOS_COMPARTIDOS.md,Formulario F01,# Archivos compartidos o registros localizados · Guayas / Playas ## BORRADOR PLAYAS 2026 Tipo: Registro/base Fuente: File Library Nota: Registro F01 identificado para Playas. Nota: esta carpeta contiene referencias y extractos operativos. Los binarios originales no se pudieron incrustar automáticamente desde la Biblioteca de Archivos.
9240658ead38,Guayas,Playas,Plan / referencias,Informe / revisión,pdf,0.05,82,,,Informe_revision_porcentaje_Playas_ENOS_2026 (4).pdf,Guayas/Playas/01_PLAN_COMPARTIDO_O_REFERENCIAS/Informe_revision_porcentaje_Playas_ENOS_2026 (4).pdf,Inundación/anegamiento; Alojamiento temporal; Rutas/evacuación; Infraestructura expuesta; COE / coordinación; Recursos/maquinaria; Mitigación/dragado,"INFORME DE REVISIÓN TÉCNICA Y PORCENTAJE DE INTEGRACIÓN Plan de Acción Institucional Cantón Playas ENOS 2026-2027 Resultado Valoración Porcentaje de integración 82 % Nivel técnico Alto / validable con ajustes Condición sugerida Aprobar para seguimiento preliminar, sujeto a corrección de inconsistencias y fortalecimiento de cronograma, responsables nominales y presupuesto. 1. Síntesis de valoración El documento presenta una integración alta de los lineamientos esperados para un plan de acción ENO"
08318fd27cf3,Guayas,Playas,Seguimiento F07,Guía F07,txt,0.0,50,,,GUIA_SEGUIMIENTO_F07.txt,Guayas/Playas/04_SEGUIMIENTO_F07/GUIA_SEGUIMIENTO_F07.txt,Seguimiento F07,"SEGUIMIENTO F07 · Guayas / Playas Estado sugerido para seguimiento mensual: - Actualizar porcentaje de implementación cada mes. - Registrar actividades ejecutadas, actividades pendientes, brechas, apoyo requerido y verificables. - Usar criterios C1-C10 para medir avance. - Adjuntar actas, fotos, mapas, oficios, informes técnicos o enlaces Drive. Porcentaje base sugerido: 50 %"
dd06822db291,Guayas,Samborondón,Anexos verificables,Lista verificables,txt,0.0,,,,LISTA_VERIFICABLES_MINIMOS.txt,Guayas/Samborondón/03_ANEXOS_VERIFICABLES/LISTA_VERIFICABLES_MINIMOS.txt,Alojamiento temporal; Rutas/evacuación; COE / coordinación; Seguimiento F07,"Verificables mínimos sugeridos: 1. Plan firmado o versión editable controlada. 2. Acta de COE o disposición institucional. 3. Matriz de acciones, responsables, plazos e indicadores. 4. Mapa, croquis, KMZ/SHP o georreferenciación de puntos críticos. 5. Fotografías por punto o sector. 6. Inventario de recursos y capacidades. 7. Registro de alojamientos temporales, rutas y puntos seguros. 8. Matriz F07 de seguimiento mensual."
4667efaeaa87,Guayas,Samborondón,Informe de valoración,Informe pendiente,txt,0.0,,,,INFORME_VALORACION_PENDIENTE.txt,Guayas/Samborondón/02_INFORME_VALORACION/INFORME_VALORACION_PENDIENTE.txt,,INFORME DE VALORACIÓN PENDIENTE · Guayas / Samborondón No se localizó un plan o registro específico suficiente para emitir valoración técnica. Pendiente cargar o ubicar el documento base del cantón.
4d32a71d4550,Guayas,Samborondón,Plan / referencias,Sin archivo localizado,txt,0.0,,,,SIN_ARCHIVOS_COMPARTIDOS_LOCALIZADOS.txt,Guayas/Samborondón/01_PLAN_COMPARTIDO_O_REFERENCIAS/SIN_ARCHIVOS_COMPARTIDOS_LOCALIZADOS.txt,Seguimiento F07,Guayas / Samborondón No se localizaron archivos o registros específicos compartidos para este cantón en la búsqueda realizada. La carpeta queda preparada para incorporar: - Plan de Acción ENOS 2026-2027. - Informe de valoración. - Anexos verificables. - Seguimiento mensual F07.
ab82f560af40,Guayas,Samborondón,Plan / referencias,PDF soporte,pdf,0.16,,,,Gmail - Remisión de información solicitada – Escenarios asociados al Fenómeno El Niño (ENOS) 2026-2027.pdf,Guayas/Samborondón/01_PLAN_COMPARTIDO_O_REFERENCIAS/Gmail - Remisión de información solicitada – Escenarios asociados al Fenómeno El Niño (ENOS) 2026-2027.pdf,Infraestructura expuesta; COE / coordinación,"Sala de Situación del Cantón Samborondón <saladesituacion.samborondon@gmail.com> Remisión de información solicitada – Escenarios asociados al Fenómeno El Niño (ENOS) 2026-2027 2 mensajes 23 de junio de 2026 a las Sala de Situación del Cantón Samborondón <saladesituacion.samborondon@gmail.com> 16:11 Para: coordinacion zonal5 <coordinacion_zonal5@gestionderiesgos.gob.ec>, Direccion Zonal <direccion_zonal5@gestionderiesgos.gob.ec> Cc: freddy camacho <freddy.camacho@samborondon.gob.ec>, jose smith <"
bb99fdc3c9fe,Guayas,Samborondón,Plan / referencias,Plan / contingencia,pdf,1.98,,,,1.0 PLAN SAMBORONDON - ENOS 2026 - 2027 (2).pdf,Guayas/Samborondón/01_PLAN_COMPARTIDO_O_REFERENCIAS/1.0 PLAN SAMBORONDON - ENOS 2026 - 2027 (2).pdf,Inundación/anegamiento; COE / coordinación,Plan de Preparación y Respuesta ante Eventos Hidrometeorológicos y Posibles Efectos del Fenómeno El Niño 2026-2027 (ENOS) INDICE PLAN DE CONTINGENCIA POR EPOCAS LLUVIOSAS 2023 ................................................. 1 1. ANTECEDENTES ..................................................................................................................... 1 2. OBJETIVOS ...........................................................................................................................
1a41ff736b1a,Guayas,Samborondón,Plan / referencias,Plan / contingencia,pdf,2.3,,,,1.0 Plan de Preparación y Respuesta ante Eventos Hidrometeorológicos y Posibles Efectos del Fenómeno El Niño 2026-2027 (ENOS) -signed-2.pdf,Guayas/Samborondón/01_PLAN_COMPARTIDO_O_REFERENCIAS/1.0 Plan de Preparación y Respuesta ante Eventos Hidrometeorológicos y Posibles Efectos del Fenómeno El Niño 2026-2027 (ENOS) -signed-2.pdf,Inundación/anegamiento; COE / coordinación,Plan de Preparación y Respuesta ante Eventos Hidrometeorológicos y Posibles Efectos del Fenómeno El Niño 2026-2027 (ENOS) INDICE PLAN DE CONTINGENCIA POR ENOS 2023-2024 .............................................................. 1 1. ANTECEDENTES ................................................................................................................... 1 2. OBJETIVOS .......................................................................................................................
226b431efba6,Guayas,Samborondón,Plan / referencias,Plan / contingencia,pdf,5.88,,,,Producto Final - Plan de Gestión de Riesgos Ante Eventos Naturales y Amenazas Atropicas del Canton Samborondon (1).pdf,Guayas/Samborondón/01_PLAN_COMPARTIDO_O_REFERENCIAS/Producto Final - Plan de Gestión de Riesgos Ante Eventos Naturales y Amenazas Atropicas del Canton Samborondon (1).pdf,Inundación/anegamiento; Alojamiento temporal; Rutas/evacuación; COE / coordinación,Plan de Gestión de Riesgos Ante Eventos Naturales y/o Amenazas Antrópicas del Cantón Samborondón 1 Contenido Índice de mapas ........................................................................................................................... 3 Índice de tablas ............................................................................................................................ 4 Índice de gráficos.......................................................................................
787e350795bf,Guayas,Samborondón,Seguimiento F07,Guía F07,txt,0.0,,,,GUIA_SEGUIMIENTO_F07.txt,Guayas/Samborondón/04_SEGUIMIENTO_F07/GUIA_SEGUIMIENTO_F07.txt,Seguimiento F07,Registrar mensualmente: - Porcentaje anterior. - Porcentaje actual. - Actividades ejecutadas. - Actividades pendientes. - Brechas. - Apoyo requerido. - Verificables disponibles.
4bc9b018b2a6,Guayas,Nobol,Seguimiento F07,Guía F07,txt,0.0,,,,GUIA_SEGUIMIENTO_F07.txt,Guayas/Nobol/04_SEGUIMIENTO_F07/GUIA_SEGUIMIENTO_F07.txt,Seguimiento F07,Registrar mensualmente: - Porcentaje anterior. - Porcentaje actual. - Actividades ejecutadas. - Actividades pendientes. - Brechas. - Apoyo requerido. - Verificables disponibles.
41b6a85cfc6c,Guayas,Nobol,Anexos verificables,Lista verificables,txt,0.0,,,,LISTA_VERIFICABLES_MINIMOS.txt,Guayas/Nobol/03_ANEXOS_VERIFICABLES/LISTA_VERIFICABLES_MINIMOS.txt,Alojamiento temporal; Rutas/evacuación; COE / coordinación; Seguimiento F07,"Verificables mínimos sugeridos: 1. Plan firmado o versión editable controlada. 2. Acta de COE o disposición institucional. 3. Matriz de acciones, responsables, plazos e indicadores. 4. Mapa, croquis, KMZ/SHP o georreferenciación de puntos críticos. 5. Fotografías por punto o sector. 6. Inventario de recursos y capacidades. 7. Registro de alojamientos temporales, rutas y puntos seguros. 8. Matriz F07 de seguimiento mensual."
33666e00df25,Guayas,Nobol,Informe de valoración,Informe pendiente,txt,0.0,,,,INFORME_VALORACION_PENDIENTE.txt,Guayas/Nobol/02_INFORME_VALORACION/INFORME_VALORACION_PENDIENTE.txt,,INFORME DE VALORACIÓN PENDIENTE · Guayas / Nobol No se localizó un plan o registro específico suficiente para emitir valoración técnica. Pendiente cargar o ubicar el documento base del cantón.
c3d9eb5eb0af,Guayas,Nobol,Plan / referencias,Sin archivo localizado,txt,0.0,,,,SIN_ARCHIVOS_COMPARTIDOS_LOCALIZADOS.txt,Guayas/Nobol/01_PLAN_COMPARTIDO_O_REFERENCIAS/SIN_ARCHIVOS_COMPARTIDOS_LOCALIZADOS.txt,Seguimiento F07,Guayas / Nobol No se localizaron archivos o registros específicos compartidos para este cantón en la búsqueda realizada. La carpeta queda preparada para incorporar: - Plan de Acción ENOS 2026-2027. - Informe de valoración. - Anexos verificables. - Seguimiento mensual F07.
c6fbc52f5492,Guayas,Nobol,Plan / referencias,Plan / contingencia,pdf,0.29,,,,358 OFICIO RIESGO PLAN DE ACCION TERRITORIAL-signed-signed.pdf,Guayas/Nobol/01_PLAN_COMPARTIDO_O_REFERENCIAS/358 OFICIO RIESGO PLAN DE ACCION TERRITORIAL-signed-signed.pdf,Infraestructura expuesta; COE / coordinación,"Oficio N° ALC-GADMCN-358 -2026 Narcisa de Jesús, 23 de Junio del 2026 MGTR. ZULAY CHILIQUINGA MOSQUERA COORDINADORA REGIONAL 5, Enc ASOCIACIÓN DE MUNICIPALIDADES ECUATORIANAS – AME En su despacho. - Asunto: PLAN DE ACCION TERRITORIAL 2026-2027 NOBOL. De mi consideración: Reciba un cordial saludo en nombre del Gobierno Autónomo Descentralizado Municipal del Cantón Nobol y en el mío propio, acompañado de mis mejores deseos de éxito en las importantes funciones que desempeña. Por medio de la presen"
b785d4d6e6ea,Guayas,Nobol,Plan / referencias,Plan / contingencia,pdf,0.34,,,,OFICIO RIESGO-PLAN DE ACCION.pdf,Guayas/Nobol/01_PLAN_COMPARTIDO_O_REFERENCIAS/OFICIO RIESGO-PLAN DE ACCION.pdf,,
8582a99547b4,Guayas,Nobol,Plan / referencias,Plan / contingencia,pdf,2.36,,,,PLAN DE ACCION ENOS 2026 - 2027-signed-signed-signed-signed.pdf,Guayas/Nobol/01_PLAN_COMPARTIDO_O_REFERENCIAS/PLAN DE ACCION ENOS 2026 - 2027-signed-signed-signed-signed.pdf,Inundación/anegamiento; Desbordamiento; Erosión/socavación; Alojamiento temporal; Infraestructura expuesta; COE / coordinación; Mitigación/obras,"PLAN DE ACCION ENOS CANTÓN NOBOL PLAN DE ACCION ENOS 2026 -2027 GOBIERNO AUTONOMO DESCENTRALIZADO MUNICIPAL DEL CANTON NOBOL 2026 - 2027 PROVINCIA: GUAYAS CANTON: NOBOL JUNIO - 2026 Dirección: Av. Principal Rio Amazonas y Ángel María Villegas Teléfono: 2-708-250 Email: gobiernoautonomodenobol@gmail.com PLAN DE ACCION ENOS CANTÓN NOBOL 2.- INTRODUCCIÓN Un Plan de Contingencia es un conjunto de procedimientos operativos específicos y preestablecidos de coordinación, alerta, movilización y respuest"
7e77448ffb8e,Guayas,Naranjito,Plan / referencias,Sin archivo localizado,txt,0.0,,,,SIN_ARCHIVOS_COMPARTIDOS_LOCALIZADOS.txt,Guayas/Naranjito/01_PLAN_COMPARTIDO_O_REFERENCIAS/SIN_ARCHIVOS_COMPARTIDOS_LOCALIZADOS.txt,Seguimiento F07,Guayas / Naranjito No se localizaron archivos o registros específicos compartidos para este cantón en la búsqueda realizada. La carpeta queda preparada para incorporar: - Plan de Acción ENOS 2026-2027. - Informe de valoración. - Anexos verificables. - Seguimiento mensual F07.
1eddf3e0c5a2,Guayas,Naranjito,Seguimiento F07,Guía F07,txt,0.0,,,,GUIA_SEGUIMIENTO_F07.txt,Guayas/Naranjito/04_SEGUIMIENTO_F07/GUIA_SEGUIMIENTO_F07.txt,Seguimiento F07,Registrar mensualmente: - Porcentaje anterior. - Porcentaje actual. - Actividades ejecutadas. - Actividades pendientes. - Brechas. - Apoyo requerido. - Verificables disponibles.
2d1e4e1578f7,Guayas,Naranjito,Informe de valoración,Informe pendiente,txt,0.0,,,,INFORME_VALORACION_PENDIENTE.txt,Guayas/Naranjito/02_INFORME_VALORACION/INFORME_VALORACION_PENDIENTE.txt,,INFORME DE VALORACIÓN PENDIENTE · Guayas / Naranjito No se localizó un plan o registro específico suficiente para emitir valoración técnica. Pendiente cargar o ubicar el documento base del cantón.
1a6ee4342ed4,Guayas,Naranjito,Anexos verificables,Lista verificables,txt,0.0,,,,LISTA_VERIFICABLES_MINIMOS.txt,Guayas/Naranjito/03_ANEXOS_VERIFICABLES/LISTA_VERIFICABLES_MINIMOS.txt,Alojamiento temporal; Rutas/evacuación; COE / coordinación; Seguimiento F07,"Verificables mínimos sugeridos: 1. Plan firmado o versión editable controlada. 2. Acta de COE o disposición institucional. 3. Matriz de acciones, responsables, plazos e indicadores. 4. Mapa, croquis, KMZ/SHP o georreferenciación de puntos críticos. 5. Fotografías por punto o sector. 6. Inventario de recursos y capacidades. 7. Registro de alojamientos temporales, rutas y puntos seguros. 8. Matriz F07 de seguimiento mensual."
1d788218c510,Guayas,Lomas de Sargentillo,Anexos verificables,Lista verificables,txt,0.0,,,,LISTA_VERIFICABLES_MINIMOS.txt,Guayas/Lomas de Sargentillo/03_ANEXOS_VERIFICABLES/LISTA_VERIFICABLES_MINIMOS.txt,Alojamiento temporal; Rutas/evacuación; COE / coordinación; Seguimiento F07,"Verificables mínimos sugeridos: 1. Plan firmado o versión editable controlada. 2. Acta de COE o disposición institucional. 3. Matriz de acciones, responsables, plazos e indicadores. 4. Mapa, croquis, KMZ/SHP o georreferenciación de puntos críticos. 5. Fotografías por punto o sector. 6. Inventario de recursos y capacidades. 7. Registro de alojamientos temporales, rutas y puntos seguros. 8. Matriz F07 de seguimiento mensual."
8f95812c3251,Guayas,Lomas de Sargentillo,Seguimiento F07,Guía F07,txt,0.0,,,,GUIA_SEGUIMIENTO_F07.txt,Guayas/Lomas de Sargentillo/04_SEGUIMIENTO_F07/GUIA_SEGUIMIENTO_F07.txt,Seguimiento F07,Registrar mensualmente: - Porcentaje anterior. - Porcentaje actual. - Actividades ejecutadas. - Actividades pendientes. - Brechas. - Apoyo requerido. - Verificables disponibles.
e3a1ea5f106b,Guayas,Lomas de Sargentillo,Informe de valoración,Informe pendiente,txt,0.0,,,,INFORME_VALORACION_PENDIENTE.txt,Guayas/Lomas de Sargentillo/02_INFORME_VALORACION/INFORME_VALORACION_PENDIENTE.txt,,INFORME DE VALORACIÓN PENDIENTE · Guayas / Lomas de Sargentillo No se localizó un plan o registro específico suficiente para emitir valoración técnica. Pendiente cargar o ubicar el documento base del cantón.
955c2421a290,Guayas,Lomas de Sargentillo,Plan / referencias,PDF soporte,pdf,9.34,,,,GESTION DE RIESGO20260622_13340049.pdf,Guayas/Lomas de Sargentillo/01_PLAN_COMPARTIDO_O_REFERENCIAS/GESTION DE RIESGO20260622_13340049.pdf,,
32f43f46d74b,Guayas,Pedro Carbo,Plan / referencias,MD,md,0.0,,,,REFERENCIAS_ARCHIVOS_COMPARTIDOS.md,Guayas/Pedro Carbo/01_PLAN_COMPARTIDO_O_REFERENCIAS/REFERENCIAS_ARCHIVOS_COMPARTIDOS.md,,"# Archivos compartidos o registros localizados · Guayas / Pedro Carbo ## Plan_Accion_ENOS_GAD_Cantonal_Pedro_Carbo_Final.docx Tipo: DOCX Fuente: File Library Nota: Plan final para revisión, aprobación y firma institucional. ## Plan_Accion_ENOS_GAD_Cantonal_Pedro_Carbo_Final_REVISADO.pdf Tipo: PDF Fuente: File Library Nota: Versión revisada. Nota: esta carpeta contiene referencias y extractos operativos. Los binarios originales no se pudieron incrustar automáticamente desde la Biblioteca de Archi"
6a569cd3cfe0,Guayas,Pedro Carbo,Plan / referencias,Plan / contingencia,pdf,0.42,,,,PLAN DE ACCIÓN TERRITORIAL ANTE EL EVENTO EL NIÑO 2026-signed-signed-signed.pdf,Guayas/Pedro Carbo/01_PLAN_COMPARTIDO_O_REFERENCIAS/PLAN DE ACCIÓN TERRITORIAL ANTE EL EVENTO EL NIÑO 2026-signed-signed-signed.pdf,Inundación/anegamiento; Infraestructura expuesta; COE / coordinación; Formulario F01; Seguimiento F07,"PLAN DE ACCIÓN TERRITORIAL ANTE EL EVENTO EL NIÑO 2026-2027 GAD Municipal del Cantón Pedro Carbo Provincia del Guayas Campo Detalle Nivel territorial Cantonal Tipo de documento Plan de Acción Territorial ante el Evento El Niño 2026-2027 Versión Versión final para revisión, aprobación y firma institucional Fecha de elaboración 20 de junio de 2026 Responsable técnico Narciso Gregorio Jaramillo Pin, Jefe de Gestión de Riesgos Coordinación general Alcaldía del GAD Municipal de Pedro Carbo Fuente bas"
1f34d6130bcd,Guayas,Pedro Carbo,Anexos verificables,Lista verificables,txt,0.0,,,,LISTA_VERIFICABLES_MINIMOS.txt,Guayas/Pedro Carbo/03_ANEXOS_VERIFICABLES/LISTA_VERIFICABLES_MINIMOS.txt,Alojamiento temporal; Rutas/evacuación; COE / coordinación; Seguimiento F07,"Verificables mínimos sugeridos: 1. Plan firmado o versión editable controlada. 2. Acta de COE o disposición institucional. 3. Matriz de acciones, responsables, plazos e indicadores. 4. Mapa, croquis, KMZ/SHP o georreferenciación de puntos críticos. 5. Fotografías por punto o sector. 6. Inventario de recursos y capacidades. 7. Registro de alojamientos temporales, rutas y puntos seguros. 8. Matriz F07 de seguimiento mensual."
42007cb08b99,Guayas,Pedro Carbo,Informe de valoración,Informe / revisión,md,0.0,86,Plan final y revisión localizados,Alta concordancia; apto para revisión y firma con anexos,INFORME_VALORACION_PEDRO CARBO.md,Guayas/Pedro Carbo/02_INFORME_VALORACION/INFORME_VALORACION_PEDRO CARBO.md,Alojamiento temporal; Rutas/evacuación; COE / coordinación; Formulario F01; Seguimiento F07,"# INFORME DE VALORACIÓN TÉCNICA ## Plan de Acción ENOS 2026-2027 · Guayas / Pedro Carbo **Estado documental:** Plan final y revisión localizados **Porcentaje estimado de afinidad / concordancia con lineamientos SNGR:** 86 % **Condición técnica:** Alta concordancia; apto para revisión y firma con anexos ## 1. Base de valoración El plan contiene estructura completa: datos generales, caracterización territorial, amenazas, zonas expuestas, COE, fases operativas, recursos, seguimiento, comunicación, "
9e89f5ad9001,Guayas,Pedro Carbo,Seguimiento F07,Guía F07,txt,0.0,86,,,GUIA_SEGUIMIENTO_F07.txt,Guayas/Pedro Carbo/04_SEGUIMIENTO_F07/GUIA_SEGUIMIENTO_F07.txt,Seguimiento F07,"SEGUIMIENTO F07 · Guayas / Pedro Carbo Estado sugerido para seguimiento mensual: - Actualizar porcentaje de implementación cada mes. - Registrar actividades ejecutadas, actividades pendientes, brechas, apoyo requerido y verificables. - Usar criterios C1-C10 para medir avance. - Adjuntar actas, fotos, mapas, oficios, informes técnicos o enlaces Drive. Porcentaje base sugerido: 86 %"
5c41dca58782,Guayas,Milagro,Seguimiento F07,Guía F07,txt,0.0,,,,GUIA_SEGUIMIENTO_F07.txt,Guayas/Milagro/04_SEGUIMIENTO_F07/GUIA_SEGUIMIENTO_F07.txt,Seguimiento F07,Registrar mensualmente: - Porcentaje anterior. - Porcentaje actual. - Actividades ejecutadas. - Actividades pendientes. - Brechas. - Apoyo requerido. - Verificables disponibles.
82ab7a37a534,Guayas,Milagro,Anexos verificables,Lista verificables,txt,0.0,,,,LISTA_VERIFICABLES_MINIMOS.txt,Guayas/Milagro/03_ANEXOS_VERIFICABLES/LISTA_VERIFICABLES_MINIMOS.txt,Alojamiento temporal; Rutas/evacuación; COE / coordinación; Seguimiento F07,"Verificables mínimos sugeridos: 1. Plan firmado o versión editable controlada. 2. Acta de COE o disposición institucional. 3. Matriz de acciones, responsables, plazos e indicadores. 4. Mapa, croquis, KMZ/SHP o georreferenciación de puntos críticos. 5. Fotografías por punto o sector. 6. Inventario de recursos y capacidades. 7. Registro de alojamientos temporales, rutas y puntos seguros. 8. Matriz F07 de seguimiento mensual."
27d8024e86f7,Guayas,Milagro,Informe de valoración,Informe / revisión,pdf,0.01,72,,,Informe_Revision_Plan_ENOS_Milagro_SNGR_72.pdf,Guayas/Milagro/02_INFORME_VALORACION/Informe_Revision_Plan_ENOS_Milagro_SNGR_72.pdf,Inundación/anegamiento; Desbordamiento; Alojamiento temporal; Rutas/evacuación; COE / coordinación; Mitigación/obras; Formulario F01; Seguimiento F07,Informe de revision tecnica - Plan de Accion ENOS Milagro Pagina 1 INFORME DE REVISION TECNICA Plan de Accion Territorial ante el Evento El Nino Oscilacion del Sur (ENOS) 2026-2027 Gobierno Autonomo Descentralizado Municipal de San Francisco de Milagro Resultado de integracion Estado tecnico Uso recomendado Version preliminar institucional con Apta para revision interna CZ/SNGR y 72 % observaciones devolucion al GAD para completar anexos y evidencias Fecha de revision: 23 de junio de 2026 Base r
b3757fbdc14c,Guayas,El Triunfo,Anexos verificables,Lista verificables,txt,0.0,,,,LISTA_VERIFICABLES_MINIMOS.txt,Guayas/El Triunfo/03_ANEXOS_VERIFICABLES/LISTA_VERIFICABLES_MINIMOS.txt,Alojamiento temporal; Rutas/evacuación; COE / coordinación; Seguimiento F07,"Verificables mínimos sugeridos: 1. Plan firmado o versión editable controlada. 2. Acta de COE o disposición institucional. 3. Matriz de acciones, responsables, plazos e indicadores. 4. Mapa, croquis, KMZ/SHP o georreferenciación de puntos críticos. 5. Fotografías por punto o sector. 6. Inventario de recursos y capacidades. 7. Registro de alojamientos temporales, rutas y puntos seguros. 8. Matriz F07 de seguimiento mensual."
c876b476632a,Guayas,El Triunfo,Informe de valoración,Informe pendiente,txt,0.0,,,,INFORME_VALORACION_PENDIENTE.txt,Guayas/El Triunfo/02_INFORME_VALORACION/INFORME_VALORACION_PENDIENTE.txt,,INFORME DE VALORACIÓN PENDIENTE · Guayas / El Triunfo No se localizó un plan o registro específico suficiente para emitir valoración técnica. Pendiente cargar o ubicar el documento base del cantón.
eceaf8cd3898,Guayas,El Triunfo,Seguimiento F07,Guía F07,txt,0.0,,,,GUIA_SEGUIMIENTO_F07.txt,Guayas/El Triunfo/04_SEGUIMIENTO_F07/GUIA_SEGUIMIENTO_F07.txt,Seguimiento F07,Registrar mensualmente: - Porcentaje anterior. - Porcentaje actual. - Actividades ejecutadas. - Actividades pendientes. - Brechas. - Apoyo requerido. - Verificables disponibles.
55af2df53b89,Guayas,El Triunfo,Plan / referencias,Sin archivo localizado,txt,0.0,,,,SIN_ARCHIVOS_COMPARTIDOS_LOCALIZADOS.txt,Guayas/El Triunfo/01_PLAN_COMPARTIDO_O_REFERENCIAS/SIN_ARCHIVOS_COMPARTIDOS_LOCALIZADOS.txt,Seguimiento F07,Guayas / El Triunfo No se localizaron archivos o registros específicos compartidos para este cantón en la búsqueda realizada. La carpeta queda preparada para incorporar: - Plan de Acción ENOS 2026-2027. - Informe de valoración. - Anexos verificables. - Seguimiento mensual F07.
8898ec89224c,Guayas,Balao,Anexos verificables,Lista verificables,txt,0.0,,,,LISTA_VERIFICABLES_MINIMOS.txt,Guayas/Balao/03_ANEXOS_VERIFICABLES/LISTA_VERIFICABLES_MINIMOS.txt,Alojamiento temporal; Rutas/evacuación; COE / coordinación; Seguimiento F07,"Verificables mínimos sugeridos: 1. Plan firmado o versión editable controlada. 2. Acta de COE o disposición institucional. 3. Matriz de acciones, responsables, plazos e indicadores. 4. Mapa, croquis, KMZ/SHP o georreferenciación de puntos críticos. 5. Fotografías por punto o sector. 6. Inventario de recursos y capacidades. 7. Registro de alojamientos temporales, rutas y puntos seguros. 8. Matriz F07 de seguimiento mensual."
0f0967544d53,Guayas,Balao,Plan / referencias,Sin archivo localizado,txt,0.0,,,,SIN_ARCHIVOS_COMPARTIDOS_LOCALIZADOS.txt,Guayas/Balao/01_PLAN_COMPARTIDO_O_REFERENCIAS/SIN_ARCHIVOS_COMPARTIDOS_LOCALIZADOS.txt,Seguimiento F07,Guayas / Balao No se localizaron archivos o registros específicos compartidos para este cantón en la búsqueda realizada. La carpeta queda preparada para incorporar: - Plan de Acción ENOS 2026-2027. - Informe de valoración. - Anexos verificables. - Seguimiento mensual F07.
378a4e51c2e6,Guayas,Balao,Plan / referencias,Plan / contingencia,pdf,1.68,,,,PLAN DE RESPUESTA ANTE EL FENÓMENO EL NIÑO EL CANTON BALAO 2026-signed-signed.pdf,Guayas/Balao/01_PLAN_COMPARTIDO_O_REFERENCIAS/PLAN DE RESPUESTA ANTE EL FENÓMENO EL NIÑO EL CANTON BALAO 2026-signed-signed.pdf,Inundación/anegamiento; Infraestructura expuesta,PLAN DE RESPUESTA Y PLANIFICACIÓN ANTE AFECTACIÓN POR EL FENÓMENO “EL NIÑO” INDICE 1. Introducción .......................................................................................................................... 4 2. Alcance del Plan de Respuesta. ............................................................................................ 4 3. Objetivos del plan ................................................................................................................. 5 3.1 Objet
6df1ab267292,Guayas,Balao,Seguimiento F07,Guía F07,txt,0.0,,,,GUIA_SEGUIMIENTO_F07.txt,Guayas/Balao/04_SEGUIMIENTO_F07/GUIA_SEGUIMIENTO_F07.txt,Seguimiento F07,Registrar mensualmente: - Porcentaje anterior. - Porcentaje actual. - Actividades ejecutadas. - Actividades pendientes. - Brechas. - Apoyo requerido. - Verificables disponibles.
b02dda79a10a,Guayas,Balao,Informe de valoración,Informe pendiente,txt,0.0,,,,INFORME_VALORACION_PENDIENTE.txt,Guayas/Balao/02_INFORME_VALORACION/INFORME_VALORACION_PENDIENTE.txt,,INFORME DE VALORACIÓN PENDIENTE · Guayas / Balao No se localizó un plan o registro específico suficiente para emitir valoración técnica. Pendiente cargar o ubicar el documento base del cantón.
373bb7e7549d,Guayas,Salitre,Anexos verificables,Lista verificables,txt,0.0,,,,LISTA_VERIFICABLES_MINIMOS.txt,Guayas/Salitre/03_ANEXOS_VERIFICABLES/LISTA_VERIFICABLES_MINIMOS.txt,Alojamiento temporal; Rutas/evacuación; COE / coordinación; Seguimiento F07,"Verificables mínimos sugeridos: 1. Plan firmado o versión editable controlada. 2. Acta de COE o disposición institucional. 3. Matriz de acciones, responsables, plazos e indicadores. 4. Mapa, croquis, KMZ/SHP o georreferenciación de puntos críticos. 5. Fotografías por punto o sector. 6. Inventario de recursos y capacidades. 7. Registro de alojamientos temporales, rutas y puntos seguros. 8. Matriz F07 de seguimiento mensual."
c22513252985,Guayas,Salitre,Seguimiento F07,Guía F07,txt,0.0,55,,,GUIA_SEGUIMIENTO_F07.txt,Guayas/Salitre/04_SEGUIMIENTO_F07/GUIA_SEGUIMIENTO_F07.txt,Seguimiento F07,"SEGUIMIENTO F07 · Guayas / Salitre Estado sugerido para seguimiento mensual: - Actualizar porcentaje de implementación cada mes. - Registrar actividades ejecutadas, actividades pendientes, brechas, apoyo requerido y verificables. - Usar criterios C1-C10 para medir avance. - Adjuntar actas, fotos, mapas, oficios, informes técnicos o enlaces Drive. Porcentaje base sugerido: 55 %"
5230158ef6cc,Guayas,Salitre,Plan / referencias,Plan / contingencia,pdf,0.39,,,,Plan Cantonal de Preparación y Respuesta ante el Fenómeno ENOS-signed.pdf,Guayas/Salitre/01_PLAN_COMPARTIDO_O_REFERENCIAS/Plan Cantonal de Preparación y Respuesta ante el Fenómeno ENOS-signed.pdf,Inundación/anegamiento; Desbordamiento; Erosión/socavación; Infraestructura expuesta; COE / coordinación,"Plan Cantonal de Preparación y Respuesta ante el Fenómeno ENOS Gobierno Autónomo Descentralizado Municipal del Cantón Salitre (Guayas) Período 2026–2030 1. Introducción El cantón Salitre se encuentra ubicado en una zona altamente expuesta a los efectos del fenómeno El Niño–Oscilación del Sur (ENOS), especialmente por inundaciones, desbordamientos de ríos, afectaciones a la producción agrícola, daños en infraestructura vial y riesgos para la salud pública. Este plan establece las acciones estraté"
de56b7a66609,Guayas,Salitre,Informe de valoración,Informe / revisión,md,0.0,55,Registros base localizados; sin plan final localizado,Requiere consolidación documental,INFORME_VALORACION_SALITRE.md,Guayas/Salitre/02_INFORME_VALORACION/INFORME_VALORACION_SALITRE.md,Alojamiento temporal; Rutas/evacuación; COE / coordinación; Formulario F01; Seguimiento F07,"# INFORME DE VALORACIÓN TÉCNICA ## Plan de Acción ENOS 2026-2027 · Guayas / Salitre **Estado documental:** Registros base localizados; sin plan final localizado **Porcentaje estimado de afinidad / concordancia con lineamientos SNGR:** 55 % **Condición técnica:** Requiere consolidación documental ## 1. Base de valoración Existe registro institucional, pero no plan final localizado. ## 2. Criterios aplicados La valoración se organiza sobre diez criterios operativos usados para revisión de planes E"
56f2323826ed,Guayas,Guayaquil,Anexos verificables,Lista verificables,txt,0.0,,,,LISTA_VERIFICABLES_MINIMOS.txt,Guayas/Guayaquil/03_ANEXOS_VERIFICABLES/LISTA_VERIFICABLES_MINIMOS.txt,Alojamiento temporal; Rutas/evacuación; COE / coordinación; Seguimiento F07,"Verificables mínimos sugeridos: 1. Plan firmado o versión editable controlada. 2. Acta de COE o disposición institucional. 3. Matriz de acciones, responsables, plazos e indicadores. 4. Mapa, croquis, KMZ/SHP o georreferenciación de puntos críticos. 5. Fotografías por punto o sector. 6. Inventario de recursos y capacidades. 7. Registro de alojamientos temporales, rutas y puntos seguros. 8. Matriz F07 de seguimiento mensual."
545c046f0ca2,Guayas,Guayaquil,Informe de valoración,Informe pendiente,txt,0.0,,,,INFORME_VALORACION_PENDIENTE.txt,Guayas/Guayaquil/02_INFORME_VALORACION/INFORME_VALORACION_PENDIENTE.txt,,INFORME DE VALORACIÓN PENDIENTE · Guayas / Guayaquil No se localizó un plan o registro específico suficiente para emitir valoración técnica. Pendiente cargar o ubicar el documento base del cantón.
e83824a5a803,Guayas,Guayaquil,Plan / referencias,Sin archivo localizado,txt,0.0,,,,SIN_ARCHIVOS_COMPARTIDOS_LOCALIZADOS.txt,Guayas/Guayaquil/01_PLAN_COMPARTIDO_O_REFERENCIAS/SIN_ARCHIVOS_COMPARTIDOS_LOCALIZADOS.txt,Seguimiento F07,Guayas / Guayaquil No se localizaron archivos o registros específicos compartidos para este cantón en la búsqueda realizada. La carpeta queda preparada para incorporar: - Plan de Acción ENOS 2026-2027. - Informe de valoración. - Anexos verificables. - Seguimiento mensual F07.
070416e2d716,Guayas,Guayaquil,Plan / referencias,Plan / contingencia,pdf,0.26,,,,SEGURAEP-GGRR-2026-0657 - Plan de acción Fenómeno El Niño-signed.pdf,Guayas/Guayaquil/01_PLAN_COMPARTIDO_O_REFERENCIAS/SEGURAEP-GGRR-2026-0657 - Plan de acción Fenómeno El Niño-signed.pdf,Infraestructura expuesta; COE / coordinación,"Guayaquil, 15 de junio de 2026 SEGURAEP-GGRR-2026-0657 Señorita Silvia Tatiana Coronel Flores Alcaldesa (S) Gobierno Autónomo Descentralizado Municipal de Guayaquil Ciudad. - Asunto: Remisión del Plan de Acción Territorial ante el Evento El Niño 2026 – 2027. De mi consideración: Reciba un cordial saludo. En atención al oficio Nro. AG-AAA-2026-2801, y de conformidad con las disposiciones emitidas por la Secretaría Nacional de Gestión de Riesgos mediante Resolución Nro. SNGR-126-2026, de 23 de may"
880825690d06,Guayas,Guayaquil,Plan / referencias,PDF soporte,pdf,0.13,,,,SNGR-CZ5GR-2026-0205-M.pdf,Guayas/Guayaquil/01_PLAN_COMPARTIDO_O_REFERENCIAS/SNGR-CZ5GR-2026-0205-M.pdf,Inundación/anegamiento; Erosión/socavación; Deslizamiento; Infraestructura expuesta; COE / coordinación,"REPÚBLICA DEL ECUADOR Memorando Nro. SNGR-CZ5GR-2026-0205-M Guayaquil, 23 de mayo de 2026 PARA: Sr. Carlos Eduardo Encalada Villacis Sr. Tlgo. Ubaldo Isidro Urquizo Mora Sr. Alcalde Juan José Yúnez Nowak Msc María Belén Candado Véliz Sr. Isidro Moran Espinoza Sr. Luis Felipe Vargas Matamoros Sra. Silvia Tatiana Coronel Flores Sr. Md. Alex Isidro Quinto Castro Sr. Ing. Hugo Rolando Caiza Carrillo Sr. Dennis Cordova Secaira Sra. María del Carmen Aquino Merchan Mgs. Francisco Eugenio Tamariz Guerre"
f132975d064a,Guayas,Guayaquil,Plan / referencias,Plan / contingencia,pdf,3.54,,,,PLAN DE ACCIÓN TERRITORIAL ANTE EL EVENTO ENOS 2026-2027_SEGURAEP_GADMGUAYAQUIL_V1-signed-signed-signed-signed-signed.pdf,Guayas/Guayaquil/01_PLAN_COMPARTIDO_O_REFERENCIAS/PLAN DE ACCIÓN TERRITORIAL ANTE EL EVENTO ENOS 2026-2027_SEGURAEP_GADMGUAYAQUIL_V1-signed-signed-signed-signed-signed.pdf,Inundación/anegamiento; Desbordamiento; Infraestructura expuesta; COE / coordinación,"PLAN DE ACCIÓN TERRITORIAL ANTE EL EVENTO ENOS 2026-2027 (Nivel Cantonal) 1. DATOS GENERALES Provincia: Guayas Cantón: Guayaquil Fecha de elaboración: Junio 2026 2. INTRODUCCIÓN El cantón Guayaquil constituye el principal centro urbano, económico, industrial y logístico del Ecuador, concentrando una población superior a los 2,8 millones de habitantes y una importante infraestructura estratégica para el desarrollo nacional. Debido a sus características geográficas, climáticas y socioeconómicas, e"
4348be795684,Guayas,Guayaquil,Seguimiento F07,Guía F07,txt,0.0,,,,GUIA_SEGUIMIENTO_F07.txt,Guayas/Guayaquil/04_SEGUIMIENTO_F07/GUIA_SEGUIMIENTO_F07.txt,Seguimiento F07,Registrar mensualmente: - Porcentaje anterior. - Porcentaje actual. - Actividades ejecutadas. - Actividades pendientes. - Brechas. - Apoyo requerido. - Verificables disponibles.
0c07b7e0f02c,Guayas,Guayaquil,Plan / referencias,PDF soporte,pdf,0.26,,,,AG-AAA-2026-2817.pdf,Guayas/Guayaquil/01_PLAN_COMPARTIDO_O_REFERENCIAS/Anexos/AG-AAA-2026-2817.pdf,COE / coordinación,"Guayaquil, 15 de junio de 2026 AG-AAA-2026-2817 Señores Mgtr. Carolina Alejandra Lozano Haro SECRETARIA NACIONAL DE GESTIÓN DE RIESGOS Jairo Jaramillo Rucano COORDINADOR ZONAL 5 DE GESTIÓN DE RIESGOS SECRETARÍA NACIONAL DE GESTIÓN DE RIESGOS Presente.- Referencia: REMISIÓN DEL PLAN DE ACCIÓN TERRITORIAL ANTE EL EVENTO EL NIÑO 2026 - 2027 De mis consideraciones: En atención al memorando Nro. SNGR-CZ5GR-2026-0205-M, traslado para vuestro conocimiento y fines pertinentes, el oficio SEGURAEP-GGRR-20"
bbd31e2064ff,Guayas,Guayaquil,Plan / referencias,PDF soporte,pdf,0.41,,,,resoluciones_coe_nacional_22052026_a-signed-signed.pdf,Guayas/Guayaquil/01_PLAN_COMPARTIDO_O_REFERENCIAS/Anexos/resoluciones_coe_nacional_22052026_a-signed-signed.pdf,Infraestructura expuesta; COE / coordinación,"RESOLUCIONES COE NACIONAL – VIERNES 22 DE MAYO DE 2026 El Comité de Operaciones de Emergencia (COE) Nacional, en sesión permanente del día viernes 22 de mayo de 2026, en el marco de la continuidad de los procesos de articulación y coordinación interinstitucional para la atención de eventos adversos y amenazas presentes a nivel nacional, así como la actual evolución de la amenaza asociada al evento El Niño; por unanimidad de los miembros de la Plenaria, y en ejercicio de las funciones principales"
0d1f141ae68d,Guayas,Guayaquil,Plan / referencias,PDF soporte,pdf,0.5,,,,AG-AAA-2026-2801.pdf,Guayas/Guayaquil/01_PLAN_COMPARTIDO_O_REFERENCIAS/Anexos/AG-AAA-2026-2801.pdf,COE / coordinación,"Guayaquil, 15 de junio de 2026 AG-AAA-2026-2801 ALTA PRIORIDAD Señores Ing. Katherine Villamarín Uquillas SECRETARIA DEL COE CANTONAL Ing. Alex Anchundia Peláez VICEPRESIDENTE DEL COE CANTONAL En sus despachos.- REF.: CUMPLIMIENTO DE LOS LINEAMIENTOS ESTRATÉGICOS PARA LOS GOBIERNOS AUTÓNOMOS DESCENTRALIZADOS ANTE EL EVENTO EL NIÑO 2026-2027 De mis consideraciones: En atención al memorando Nro. SNGR-CZ5GR-2026-0205-M, emitido por la Coordinación Zonal 5 de Gestión de Riesgos de la Secretaría Naci"
612df5384382,Guayas,Guayaquil,Plan / referencias,PDF soporte,pdf,0.54,,,,resolucion_126_de_institucionalizacion_linemientos_para_los_gad_vf-signed_f-signed-signed-signed.pdf,Guayas/Guayaquil/01_PLAN_COMPARTIDO_O_REFERENCIAS/Anexos/resolucion_126_de_institucionalizacion_linemientos_para_los_gad_vf-signed_f-signed-signed-signed.pdf,Infraestructura expuesta; COE / coordinación,"RESOLUCIÓN Nro. SNGR-126-2026 Mgs. Carolina Alejandra Lozano Haro SECRETARIA NACIONAL DE GESTIÓN DE RIESGOS SECRETARÍA NACIONAL DE GESTIÓN DE RIESGOS CONSIDERANDO: Que, el artículo 226 de la Constitución de la República del Ecuador, dispone que “Las instituciones del Estado, sus organismos, dependencias, las servidoras o servidores públicos y las personas que actúen en virtud de una potestad estatal ejercerán solamente las competencias y facultades que les sean atribuidas en la Constitución y la"
d5d6cff4461e,Guayas,Guayaquil,Plan / referencias,PDF soporte,pdf,0.4,,,,Acta 012-2026 Reunión 27 mayo 2026 - COE Cantonal Fenómeno de El Niño-signed.pdf,Guayas/Guayaquil/01_PLAN_COMPARTIDO_O_REFERENCIAS/Anexos/Acta 012-2026 Reunión 27 mayo 2026 - COE Cantonal Fenómeno de El Niño-signed.pdf,Infraestructura expuesta; COE / coordinación; Recursos/maquinaria; Formulario F01,"EMPRESA PÚBLICA MUNICIPAL PARA LA GESTIÓN DE RIESGOS Y CONTROLDE SEGURIDAD DE GUAYAQUIL SEGURA EP ACTA DE REUNIÓN Código: GPGE-PA-P03-S01-F01 Versión: 1.0 DATOS GENERALES DE LA REUNIÓN CONVOCATORIA / REUNIÓN: Convocatoria Comité de Operaciones de Emergencia (COE) Cantonal de Guayaquil. De conformidad con la Resolución Nro. SNGR-117-2026 emitida por la Secretaría Nacional de Gestión de Riesgos el 18 de mayo de 2026, mediante la cual se declara la Alerta Amarilla ante la posible evolución del fenó"
95357a7155e0,Guayas,Balzar,Seguimiento F07,Guía F07,txt,0.0,55,,,GUIA_SEGUIMIENTO_F07.txt,Guayas/Balzar/04_SEGUIMIENTO_F07/GUIA_SEGUIMIENTO_F07.txt,Seguimiento F07,"SEGUIMIENTO F07 · Guayas / Balzar Estado sugerido para seguimiento mensual: - Actualizar porcentaje de implementación cada mes. - Registrar actividades ejecutadas, actividades pendientes, brechas, apoyo requerido y verificables. - Usar criterios C1-C10 para medir avance. - Adjuntar actas, fotos, mapas, oficios, informes técnicos o enlaces Drive. Porcentaje base sugerido: 55 %"
396932a13072,Guayas,Balzar,Informe de valoración,Informe / revisión,md,0.0,55,Registros base localizados; sin plan final localizado,Requiere plan cantonal estructurado,INFORME_VALORACION_BALZAR.md,Guayas/Balzar/02_INFORME_VALORACION/INFORME_VALORACION_BALZAR.md,Alojamiento temporal; Rutas/evacuación; COE / coordinación; Formulario F01; Seguimiento F07,# INFORME DE VALORACIÓN TÉCNICA ## Plan de Acción ENOS 2026-2027 · Guayas / Balzar **Estado documental:** Registros base localizados; sin plan final localizado **Porcentaje estimado de afinidad / concordancia con lineamientos SNGR:** 55 % **Condición técnica:** Requiere plan cantonal estructurado ## 1. Base de valoración Existe trazabilidad de registros pero no se localizó un plan cantonal final en los archivos compartidos. ## 2. Criterios aplicados La valoración se organiza sobre diez criterios
c91bb438bee5,Guayas,Balzar,Informe de valoración,Informe / revisión,pdf,0.05,82,,,Informe_valoracion_integracion_lineamientos_ENOS_Balzar-1.pdf,Guayas/Balzar/02_INFORME_VALORACION/Informe_valoracion_integracion_lineamientos_ENOS_Balzar-1.pdf,Inundación/anegamiento; Alojamiento temporal; Rutas/evacuación; COE / coordinación; Recursos/maquinaria; Formulario F01; Formulario F02; Seguimiento F07,"CZ5GR - Área de Análisis de Riesgos Valoración de integración de lineamientos ENOS INFORME TÉCNICO DE VALORACIÓN Porcentaje de integración de los Lineamientos Estratégicos SNGR ante el Evento El Niño 2026-2027 Plan evaluado: Plan de Acción Cantonal ENOS 2026-2027 - GAD Municipal de Balzar, sector San Juan del Cerrito Resultado de integración de lineamientos Categoría: integración alta, aceptable para remisión con observaciones 82% Criterio: valoración ponderada sobre 100 puntos, con cumplimiento"
6cb7ea1b1540,Guayas,Balzar,Anexos verificables,Lista verificables,txt,0.0,,,,LISTA_VERIFICABLES_MINIMOS.txt,Guayas/Balzar/03_ANEXOS_VERIFICABLES/LISTA_VERIFICABLES_MINIMOS.txt,Alojamiento temporal; Rutas/evacuación; COE / coordinación; Seguimiento F07,"Verificables mínimos sugeridos: 1. Plan firmado o versión editable controlada. 2. Acta de COE o disposición institucional. 3. Matriz de acciones, responsables, plazos e indicadores. 4. Mapa, croquis, KMZ/SHP o georreferenciación de puntos críticos. 5. Fotografías por punto o sector. 6. Inventario de recursos y capacidades. 7. Registro de alojamientos temporales, rutas y puntos seguros. 8. Matriz F07 de seguimiento mensual."
2262a20daad7,Guayas,Balzar,Plan / referencias,Plan / contingencia,pdf,5.59,,,,Plan_Accion_ENOS_Balzar_Consolidado_SNGR.2026-signed-signed.pdf,Guayas/Balzar/01_PLAN_COMPARTIDO_O_REFERENCIAS/Plan_Accion_ENOS_Balzar_Consolidado_SNGR.2026-signed-signed.pdf,Inundación/anegamiento; Desbordamiento; Alojamiento temporal; Rutas/evacuación; Infraestructura expuesta; COE / coordinación; Recursos/maquinaria; Formulario F01,PLAN DE ACCIÓN CANTONAL ENOS 2026-2027 | GAD MUNICIPAL DE BALZAR | PLAN DE ACCIÓN CANTONAL ANTE EL EVENTO EL NIÑO (ENOS) 2026-2027 GAD Municipal de Balzar - Provincia del Guayas Sector priorizado: Rcto. San Juan del Cerrito Responsable técnico declarado: Ing. DANIEL ULISES TRIVIÑO LARA Jefe de Gestión de Riesgos Fecha de actualización del paquete: 18 de junio de 2026 Página 1 PLAN DE ACCIÓN CANTONAL ENOS 2026-2027 | GAD MUNICIPAL DE BALZAR | Índice de contenido 1. Resumen ejecutivo 2. Antecedent
64c353d776f4,Guayas,Gobierno Provincial Del Guayas,Anexos,PDF soporte,pdf,0.53,,,,125758.pdf,Guayas/Gobierno Provincial Del Guayas/Anexos/125758.pdf,Infraestructura expuesta; COE / coordinación,"'' OFICIO Nro. PCG-PG-2026-00090-O Guayaquil, 16 de Junio de 2026 ASUNTO: Remisión del Plan de Acción Provincial ante el Fenómeno El Niño/Oscilación del Sur (ENOS) y Época Seca. Economista Carolina Alejandra Lozano Haro SECRETARIA NACIONAL DE GESTIÓN DE RIESGOS Secretaría Nacional de Gestión de Riesgos Presente.- En atención a los lineamientos estratégicos emitidos para los Gobiernos Autónomos Descentralizados ante el Evento El Niño 2026–2027, establecidos mediante la Resolución Nro. SNGR-126-20"
eadad42b56f1,Guayas,Gobierno Provincial Del Guayas,Anexos,Plan / contingencia,xlsx,0.02,,,,INVERSION PLAN ENOS 2026-2027.xlsx,Guayas/Gobierno Provincial Del Guayas/Anexos/INVERSION PLAN ENOS 2026-2027.xlsx,Alojamiento temporal; Infraestructura expuesta; Recursos/maquinaria; Mitigación/dragado; Mitigación/obras,"sheet1: PLAN DE ACCIÓN PROVINCIAL DE LA PREFECTURA DEL GUAYAS PARA LA ÉPOCA LLUVIOSA, ENOS Y ÉPOCA SECA | INVERSIÓN PROYECTADA 2026 - 2027 | PROYECTO | INVERSION | FUENTE | Agua Segura, Saneamiento y Gestión de Residuos | Kit de Agua Segura (Tanques y Pastillas Potabilizadoras) | 2911565 | Memorando Nro. PCG-DGA-2026-0359-M | Insumos para huertos semilleros (unidades educativas) | 27600 | Insumos para actividades ecológicas | 5000 | TOTAL | 2944165 | Salud y Atención Prehospitalaria | Servicio d"
faad1bcec3c3,Guayas,Gobierno Provincial Del Guayas,Anexos,PDF soporte,pdf,0.54,,,,resolucion_126_de_institucionalizacion_linemientos_para_los_gad_vf-signed_f-si.pdf,Guayas/Gobierno Provincial Del Guayas/Anexos/resolucion_126_de_institucionalizacion_linemientos_para_los_gad_vf-signed_f-si.pdf,Infraestructura expuesta; COE / coordinación,"RESOLUCIÓN Nro. SNGR-126-2026 Mgs. Carolina Alejandra Lozano Haro SECRETARIA NACIONAL DE GESTIÓN DE RIESGOS SECRETARÍA NACIONAL DE GESTIÓN DE RIESGOS CONSIDERANDO: Que, el artículo 226 de la Constitución de la República del Ecuador, dispone que “Las instituciones del Estado, sus organismos, dependencias, las servidoras o servidores públicos y las personas que actúen en virtud de una potestad estatal ejercerán solamente las competencias y facultades que les sean atribuidas en la Constitución y la"
c10628b76b3a,Guayas,El Empalme,Anexos verificables,Lista verificables,txt,0.0,,,,LISTA_VERIFICABLES_MINIMOS.txt,Guayas/El Empalme/03_ANEXOS_VERIFICABLES/LISTA_VERIFICABLES_MINIMOS.txt,Alojamiento temporal; Rutas/evacuación; COE / coordinación; Seguimiento F07,"Verificables mínimos sugeridos: 1. Plan firmado o versión editable controlada. 2. Acta de COE o disposición institucional. 3. Matriz de acciones, responsables, plazos e indicadores. 4. Mapa, croquis, KMZ/SHP o georreferenciación de puntos críticos. 5. Fotografías por punto o sector. 6. Inventario de recursos y capacidades. 7. Registro de alojamientos temporales, rutas y puntos seguros. 8. Matriz F07 de seguimiento mensual."
0efd9859e6f4,Guayas,El Empalme,Seguimiento F07,Guía F07,txt,0.0,74,,,GUIA_SEGUIMIENTO_F07.txt,Guayas/El Empalme/04_SEGUIMIENTO_F07/GUIA_SEGUIMIENTO_F07.txt,Seguimiento F07,"SEGUIMIENTO F07 · Guayas / El Empalme Estado sugerido para seguimiento mensual: - Actualizar porcentaje de implementación cada mes. - Registrar actividades ejecutadas, actividades pendientes, brechas, apoyo requerido y verificables. - Usar criterios C1-C10 para medir avance. - Adjuntar actas, fotos, mapas, oficios, informes técnicos o enlaces Drive. Porcentaje base sugerido: 74 %"
4095bb2ec09f,Guayas,El Empalme,Informe de valoración,Informe / revisión,pdf,0.02,,,,Informe_revision_validacion_GAD_El_Empalme_ENOS_actualizado (3).pdf,Guayas/El Empalme/02_INFORME_VALORACION/Informe_revision_validacion_GAD_El_Empalme_ENOS_actualizado (3).pdf,Inundación/anegamiento; Deslizamiento; Alojamiento temporal; Rutas/evacuación; Infraestructura expuesta; COE / coordinación; Recursos/maquinaria; Formulario F01; Formulario F02; Seguimiento F07,"INFORME DE REVISION Y VALIDACION TECNICA Plan de Accion Territorial ante el Evento El Niño 2026-2027 GAD Municipal El Empalme - Provincia del Guayas Campo Detalle Documento recibido Plan de Accion Territorial ante el Evento El Niño 2026-2027 - Nivel Cantonal - GAD Municipal El Empalme - Version V01. Condicion de recepcion El tecnico del GAD remite el documento en formato final para revision; sin embargo, queda pendiente la validacion tecnica de la Coordinacion Zonal mediante el presente informe."
b1a258c5a662,Guayas,El Empalme,Plan / referencias,Plan / contingencia,pdf,0.47,,,,Plan_Accion_ENOS_GAD_El_Empalme_V01_2026-signed-signed-signed-signed-signed-signed-signed-signed-signed.pdf,Guayas/El Empalme/01_PLAN_COMPARTIDO_O_REFERENCIAS/Plan_Accion_ENOS_GAD_El_Empalme_V01_2026-signed-signed-signed-signed-signed-signed-signed-signed-signed.pdf,Inundación/anegamiento; Desbordamiento; Deslizamiento; Alojamiento temporal; Rutas/evacuación; Infraestructura expuesta; COE / coordinación; Formulario F01; Formulario F02; Seguimiento F07,"SNGR · Coordinación Zonal 5 | ENOS Guayas 2026–2027 PLAN DE ACCIÓN TERRITORIAL ANTE EL EVENTO EL NIÑO 2026–2027 Nivel Cantonal GAD MUNICIPAL EL EMPALME Provincia de Guayas · Cantón El Empalme Campo Detalle Código de caso GADMELEMPALME_ENOS_2026_001 Fecha de elaboración 11/06/2026 Responsable técnico Ing. Dustyn Escalante Basurto, Técnico de preparación y respuesta de la Unidad de Gestión de Riesgos Fuente principal Paquete GPT CZ5 ENOS Plan Acción y formularios F01–F07 del caso activo Estado del"
87958bbe9fca,Galápagos,Isabela,Anexos verificables,Lista verificables,txt,0.0,,,,LISTA_VERIFICABLES_MINIMOS.txt,Galápagos/Isabela/03_ANEXOS_VERIFICABLES/LISTA_VERIFICABLES_MINIMOS.txt,Alojamiento temporal; Rutas/evacuación; COE / coordinación; Seguimiento F07,"Verificables mínimos sugeridos: 1. Plan firmado o versión editable controlada. 2. Acta de COE o disposición institucional. 3. Matriz de acciones, responsables, plazos e indicadores. 4. Mapa, croquis, KMZ/SHP o georreferenciación de puntos críticos. 5. Fotografías por punto o sector. 6. Inventario de recursos y capacidades. 7. Registro de alojamientos temporales, rutas y puntos seguros. 8. Matriz F07 de seguimiento mensual."
778eeeed8a79,Galápagos,Isabela,Seguimiento F07,Guía F07,txt,0.0,,,,GUIA_SEGUIMIENTO_F07.txt,Galápagos/Isabela/04_SEGUIMIENTO_F07/GUIA_SEGUIMIENTO_F07.txt,Seguimiento F07,Registrar mensualmente: - Porcentaje anterior. - Porcentaje actual. - Actividades ejecutadas. - Actividades pendientes. - Brechas. - Apoyo requerido. - Verificables disponibles.
231d27d78f35,Galápagos,Isabela,Informe de valoración,Informe pendiente,txt,0.0,,,,INFORME_VALORACION_PENDIENTE.txt,Galápagos/Isabela/02_INFORME_VALORACION/INFORME_VALORACION_PENDIENTE.txt,,INFORME DE VALORACIÓN PENDIENTE · Galápagos / Isabela No se localizó un plan o registro específico suficiente para emitir valoración técnica. Pendiente cargar o ubicar el documento base del cantón.
6107db8c4b78,Galápagos,Isabela,Plan / referencias,Sin archivo localizado,txt,0.0,,,,SIN_ARCHIVOS_COMPARTIDOS_LOCALIZADOS.txt,Galápagos/Isabela/01_PLAN_COMPARTIDO_O_REFERENCIAS/SIN_ARCHIVOS_COMPARTIDOS_LOCALIZADOS.txt,Seguimiento F07,Galápagos / Isabela No se localizaron archivos o registros específicos compartidos para este cantón en la búsqueda realizada. La carpeta queda preparada para incorporar: - Plan de Acción ENOS 2026-2027. - Informe de valoración. - Anexos verificables. - Seguimiento mensual F07.
ba389515e117,Galápagos,San Cristóbal,Anexos verificables,Lista verificables,txt,0.0,,,,LISTA_VERIFICABLES_MINIMOS.txt,Galápagos/San Cristóbal/03_ANEXOS_VERIFICABLES/LISTA_VERIFICABLES_MINIMOS.txt,Alojamiento temporal; Rutas/evacuación; COE / coordinación; Seguimiento F07,"Verificables mínimos sugeridos: 1. Plan firmado o versión editable controlada. 2. Acta de COE o disposición institucional. 3. Matriz de acciones, responsables, plazos e indicadores. 4. Mapa, croquis, KMZ/SHP o georreferenciación de puntos críticos. 5. Fotografías por punto o sector. 6. Inventario de recursos y capacidades. 7. Registro de alojamientos temporales, rutas y puntos seguros. 8. Matriz F07 de seguimiento mensual."
731671fac257,Galápagos,San Cristóbal,Plan / referencias,Sin archivo localizado,txt,0.0,,,,SIN_ARCHIVOS_COMPARTIDOS_LOCALIZADOS.txt,Galápagos/San Cristóbal/01_PLAN_COMPARTIDO_O_REFERENCIAS/SIN_ARCHIVOS_COMPARTIDOS_LOCALIZADOS.txt,Seguimiento F07,Galápagos / San Cristóbal No se localizaron archivos o registros específicos compartidos para este cantón en la búsqueda realizada. La carpeta queda preparada para incorporar: - Plan de Acción ENOS 2026-2027. - Informe de valoración. - Anexos verificables. - Seguimiento mensual F07.
e92d9c3e428c,Galápagos,San Cristóbal,Seguimiento F07,Guía F07,txt,0.0,,,,GUIA_SEGUIMIENTO_F07.txt,Galápagos/San Cristóbal/04_SEGUIMIENTO_F07/GUIA_SEGUIMIENTO_F07.txt,Seguimiento F07,Registrar mensualmente: - Porcentaje anterior. - Porcentaje actual. - Actividades ejecutadas. - Actividades pendientes. - Brechas. - Apoyo requerido. - Verificables disponibles.
7db39662b2bb,Galápagos,San Cristóbal,Informe de valoración,Informe pendiente,txt,0.0,,,,INFORME_VALORACION_PENDIENTE.txt,Galápagos/San Cristóbal/02_INFORME_VALORACION/INFORME_VALORACION_PENDIENTE.txt,,INFORME DE VALORACIÓN PENDIENTE · Galápagos / San Cristóbal No se localizó un plan o registro específico suficiente para emitir valoración técnica. Pendiente cargar o ubicar el documento base del cantón.
aae5903e410e,Galápagos,Santa Cruz,Anexos verificables,Lista verificables,txt,0.0,,,,LISTA_VERIFICABLES_MINIMOS.txt,Galápagos/Santa Cruz/03_ANEXOS_VERIFICABLES/LISTA_VERIFICABLES_MINIMOS.txt,Alojamiento temporal; Rutas/evacuación; COE / coordinación; Seguimiento F07,"Verificables mínimos sugeridos: 1. Plan firmado o versión editable controlada. 2. Acta de COE o disposición institucional. 3. Matriz de acciones, responsables, plazos e indicadores. 4. Mapa, croquis, KMZ/SHP o georreferenciación de puntos críticos. 5. Fotografías por punto o sector. 6. Inventario de recursos y capacidades. 7. Registro de alojamientos temporales, rutas y puntos seguros. 8. Matriz F07 de seguimiento mensual."
20f187e94706,Galápagos,Santa Cruz,Informe de valoración,Informe pendiente,txt,0.0,,,,INFORME_VALORACION_PENDIENTE.txt,Galápagos/Santa Cruz/02_INFORME_VALORACION/INFORME_VALORACION_PENDIENTE.txt,,INFORME DE VALORACIÓN PENDIENTE · Galápagos / Santa Cruz No se localizó un plan o registro específico suficiente para emitir valoración técnica. Pendiente cargar o ubicar el documento base del cantón.
d5b260457b80,Galápagos,Santa Cruz,Seguimiento F07,Guía F07,txt,0.0,,,,GUIA_SEGUIMIENTO_F07.txt,Galápagos/Santa Cruz/04_SEGUIMIENTO_F07/GUIA_SEGUIMIENTO_F07.txt,Seguimiento F07,Registrar mensualmente: - Porcentaje anterior. - Porcentaje actual. - Actividades ejecutadas. - Actividades pendientes. - Brechas. - Apoyo requerido. - Verificables disponibles.
a68c925478d8,Galápagos,Santa Cruz,Plan / referencias,PDF soporte,pdf,0.1,,,,GADMSC-DSC-2026-0003-O.pdf,Galápagos/Santa Cruz/01_PLAN_COMPARTIDO_O_REFERENCIAS/GADMSC-DSC-2026-0003-O.pdf,Rutas/evacuación,"Oficio Nro. GADMSC-DSC-2026-0003-O Puerto Ayora, 24 de junio de 2026 Asunto: Entrega del Plan de Acción Territorial ante el evento ENOS 2026-2027 del Cantón Santa Cruz. Señor Jairo Fabricio Jaramillo Rucano Coordinador Zonal 5 de Gestión de Riesgos SECRETARÍA NACIONAL DE GESTIÓN DE RIESGOS En su Despacho De mi consideración: En atención al Oficio Nro. SNGR-CZ5GR-2026-0324-O, emitido el 17 de junio de 2026, mediante el cual se solicita de manera formal a los Gobiernos Autónomos Descentralizados M"
ff576e08ac2f,Galápagos,Santa Cruz,Plan / referencias,Plan / contingencia,pdf,1.46,,,,Plan Contingencia ante El Fenómeno de el Niño 2026 - 2027-signed-signed-signed.pdf,Galápagos/Santa Cruz/01_PLAN_COMPARTIDO_O_REFERENCIAS/Plan Contingencia ante El Fenómeno de el Niño 2026 - 2027-signed-signed-signed.pdf,Inundación/anegamiento; Alojamiento temporal; Infraestructura expuesta; COE / coordinación; Recursos/maquinaria,1 PLAN DE CONTINGENCIA ANTE EL FENÓMENO DEL NIÑO 2026-2027 GOBIERNO AUTÓNOMO DESCENTRALIZADO MUNICIPAL DEL CANTÓN SANTA CRUZ. SANTA CRUZ - GALÁPAGOS JUNIO - 2026 2 Contenido 1. ANTECEDENTES...................................................................................................................................................6 2. Objetivo General ..............................................................................................................................................
