{
"type": "FeatureCollection",
"name": "provincias_zonal5_wgs84_v0.5.2",
"crs": { "type": "name", "properties": { "name": "urn:ogc:def:crs:OGC:1.3:CRS84" } },
"features": [
{ "type": "Feature", "properties": { "DPA_PROVIN": "24", "DPA_DESPRO": "SANTA ELENA", "AREA_KM2": 3699.6893608670234, "TOTPOP": 412776.0, "provincia": "Santa Elena", "provincia_id": "SANTA_ELENA", "zona": "CZ5", "fuente_cartografica": "GeoJSON usuario reproyectado EPSG:3857 a EPSG:4326 · v0.5.2" }, "geometry": { "type": "MultiPolygon", "coordinates": [ [ [ [ -80.748420663303534, -1.668629088777246 ], [ -80.743897891088054, -1.66906098617595 ], [ -80.745454734357509, -1.672436495572426 ], [ -80.741589731050965, -1.672343966307953 ], [ -80.744543549808654, -1.673480254861744 ], [ -80.743835097053079, -1.67665632087198 ], [ -80.742911964012606, -1.678337522950818 ], [ -80.740327452549693, -1.677205822945212 ], [ -80.738085282753374, -1.683159821751754 ], [ -80.736747711058257, -1.681222175435624 ], [ -80.737844323153141, -1.677703761222945 ], [ -80.736150910807666, -1.677297964074208 ], [ -80.736293687242295, -1.680699993976169 ], [ -80.731854523026939, -1.682273600140008 ], [ -80.730713915941038, -1.685236250601648 ], [ -80.728548852138786, -1.686374033889822 ], [ -80.728003750831135, -1.683889286400593 ], [ -80.724548997335035, -1.683437096416294 ], [ -80.723691211341588, -1.687046921718317 ], [ -80.722222511666146, -1.681614149957575 ], [ -80.714105610541623, -1.680503867454302 ], [ -80.714678195805405, -1.677010839138311 ], [ -80.708203834533506, -1.673764937042168 ], [ -80.705357532437247, -1.676234646292343 ], [ -80.705085993286417, -1.673606067721392 ], [ -80.702531208872898, -1.673294974637624 ], [ -80.702167571744198, -1.675890226017894 ], [ -80.69826869296827, -1.67610894674081 ], [ -80.698462907834397, -1.672940998050101 ], [ -80.695575294014844, -1.671709911711104 ], [ -80.693444014952121, -1.673244828714019 ], [ -80.691482751938395, -1.671550870718724 ], [ -80.690368439439155, -1.673847476746468 ], [ -80.68892180148876, -1.672001291829268 ], [ -80.686705434900645, -1.675595370586102 ], [ -80.678309402962853, -1.673984714868169 ], [ -80.677041054545214, -1.677582300894495 ], [ -80.674727758839637, -1.675702679643431 ], [ -80.671776192158376, -1.678735194517765 ], [ -80.669113227228436, -1.678824816881947 ], [ -80.667769644007436, -1.67672773239996 ], [ -80.663323355253581, -1.678249351619102 ], [ -80.663168545885725, -1.675544212752934 ], [ -80.66017199696492, -1.676563279088267 ], [ -80.659505311378496, -1.674274584327189 ], [ -80.653713484669581, -1.673680548492302 ], [ -80.652845611493817, -1.668791611297304 ], [ -80.646222916808924, -1.670967974717553 ], [ -80.647091043309601, -1.672746874038108 ], [ -80.644069416121027, -1.675749745600466 ], [ -80.644868814315942, -1.681365221739567 ], [ -80.643009407679031, -1.680799549138402 ], [ -80.643308255614485, -1.683238106678241 ], [ -80.641357860419063, -1.683225989144463 ], [ -80.637684217132659, -1.68936741228261 ], [ -80.635741886113536, -1.689965500165271 ], [ -80.635600535305258, -1.692586339031713 ], [ -80.633772357700863, -1.693772135334537 ], [ -80.635020437430768, -1.696344083508897 ], [ -80.631622108015989, -1.697632553881434 ], [ -80.630552247750259, -1.701209965706968 ], [ -80.627761781338805, -1.701752205649438 ], [ -80.624596499163246, -1.705712880457916 ], [ -80.623277945701005, -1.704579176104597 ], [ -80.62166801738816, -1.706304382449639 ], [ -80.619132493752645, -1.705490912610109 ], [ -80.619281586242039, -1.707649070994646 ], [ -80.616269264701472, -1.710342394291785 ], [ -80.615820406198424, -1.712086422927497 ], [ -80.618693258002892, -1.711907634721664 ], [ -80.617400470019632, -1.717923282319582 ], [ -80.618522107381722, -1.723406568674669 ], [ -80.620478248201692, -1.724586570604135 ], [ -80.619091026620808, -1.725178980830902 ], [ -80.620639932376406, -1.726247970654399 ], [ -80.619056919386097, -1.726737924646427 ], [ -80.620228848929358, -1.72835207407364 ], [ -80.616191513717013, -1.7300897964157 ], [ -80.615604603917717, -1.732038156678151 ], [ -80.613258642773459, -1.731760924941462 ], [ -80.614320483778613, -1.734050216730628 ], [ -80.610862703858345, -1.73414733670807 ], [ -80.61025669946936, -1.737137883952647 ], [ -80.613203649708382, -1.737972733700599 ], [ -80.610276209080709, -1.742519028933739 ], [ -80.612539870171915, -1.744402961105204 ], [ -80.611484022726287, -1.749881454996772 ], [ -80.610059794148981, -1.750641482806889 ], [ -80.609995543046594, -1.752273242853538 ], [ -80.611341230122008, -1.752246710947706 ], [ -80.610195075040878, -1.756101908120235 ], [ -80.606222952128277, -1.759089521128715 ], [ -80.604178160166157, -1.764376955026401 ], [ -80.598278420638792, -1.769246786433917 ], [ -80.594018690409868, -1.778336453494236 ], [ -80.588742850610259, -1.7805703490935 ], [ -80.586712840426145, -1.784472328014527 ], [ -80.57620655449486, -1.786048312608671 ], [ -80.564620880765929, -1.782162030189285 ], [ -80.549042248599719, -1.780652099409854 ], [ -80.549301444000221, -1.782155201806068 ], [ -80.551939254305566, -1.782908098017932 ], [ -80.552237318910088, -1.788831910063841 ], [ -80.555301528938088, -1.790864318414296 ], [ -80.554705020639958, -1.799513579178413 ], [ -80.558284213260777, -1.805410639300589 ], [ -80.557710357779186, -1.809890525069088 ], [ -80.559154810128504, -1.810195808848158 ], [ -80.564277797090938, -1.819630408911486 ], [ -80.570451257776966, -1.823094245204075 ], [ -80.56118004486855, -1.826310183170234 ], [ -80.560941384955441, -1.830435237028401 ], [ -80.566919894156825, -1.829085754001795 ], [ -80.567153036617455, -1.834749076015543 ], [ -80.565114761932747, -1.839506502075156 ], [ -80.558204850698701, -1.846197438760101 ], [ -80.551902644364475, -1.857915200116189 ], [ -80.545639938749929, -1.863562600451809 ], [ -80.54120304098403, -1.873806310958083 ], [ -80.534807442199607, -1.877825946529991 ], [ -80.53427311887873, -1.883206708952047 ], [ -80.528466775394804, -1.889792453525971 ], [ -80.526771659843575, -1.894550530756512 ], [ -80.516663668942954, -1.902839330161326 ], [ -80.519703804121335, -1.920543588977685 ], [ -80.516315568177106, -1.922562842085777 ], [ -80.511824232504992, -1.922025393419002 ], [ -80.504485098143363, -1.926116854520358 ], [ -80.48868569152134, -1.922235410890948 ], [ -80.483982078557716, -1.922803776459101 ], [ -80.481299761221621, -1.926089525252678 ], [ -80.473522335239593, -1.925763911898164 ], [ -80.471441713074071, -1.928358772331568 ], [ -80.472353480629565, -1.932578896922071 ], [ -80.46983700846458, -1.937638815789271 ], [ -80.467123372264439, -1.937933337797826 ], [ -80.465024759538721, -1.940757963471941 ], [ -80.466364798905914, -1.943118067016196 ], [ -80.464896539404947, -1.943379635271045 ], [ -80.466963920403202, -1.945036345801314 ], [ -80.465880992345035, -1.94684647291423 ], [ -80.463936747016049, -1.947065535307613 ], [ -80.455276261838378, -1.940623356313997 ], [ -80.446453153746518, -1.945512886886038 ], [ -80.440371773072073, -1.943006222837073 ], [ -80.439136625489013, -1.943911791838883 ], [ -80.439152187903005, -1.948296868330671 ], [ -80.442086227554739, -1.951542774742515 ], [ -80.441821591956895, -1.956558952904675 ], [ -80.434931878443692, -1.956220688350887 ], [ -80.434892495403318, -1.959485230138223 ], [ -80.431371347424587, -1.96024338938031 ], [ -80.430079941948563, -1.962627501162686 ], [ -80.42721425331014, -1.962579752290568 ], [ -80.4252013209979, -1.965397373326297 ], [ -80.420482128552294, -1.967297005672082 ], [ -80.417747153770875, -1.969918842503924 ], [ -80.418859128853754, -1.97196116786806 ], [ -80.417667952905546, -1.975632809279933 ], [ -80.414406649809251, -1.976821821438937 ], [ -80.415492938464908, -1.981366147510945 ], [ -80.413280864027229, -1.982702561649338 ], [ -80.406456407729536, -1.982708518402888 ], [ -80.403485264961589, -1.984327689811746 ], [ -80.399455355223381, -1.982245767916351 ], [ -80.395403281352174, -1.983577543428544 ], [ -80.392281775877038, -1.981266999576524 ], [ -80.384242071476464, -1.985202589033655 ], [ -80.375965769694673, -1.985800540142366 ], [ -80.369533221405987, -1.990716586998154 ], [ -80.36825159319352, -1.995364828612452 ], [ -80.36356703080213, -1.993955121697949 ], [ -80.350865377300792, -1.997692798169552 ], [ -80.345469016827721, -1.997595888457858 ], [ -80.345049341893272, -2.000008421912336 ], [ -80.342764198490386, -2.001211080529073 ], [ -80.34441402367996, -2.01574794744342 ], [ -80.34284733667161, -2.025481165406505 ], [ -80.341115777367591, -2.025412296898369 ], [ -80.338073599420269, -2.030515340196823 ], [ -80.333474599763051, -2.030314578769998 ], [ -80.332235385506706, -2.037369889701449 ], [ -80.330122563229807, -2.039962387340109 ], [ -80.324348965134647, -2.041305206473523 ], [ -80.319780442620072, -2.048182716432249 ], [ -80.314433039431663, -2.051525395489986 ], [ -80.312202118339314, -2.0558747650759 ], [ -80.302745952195366, -2.062460320687345 ], [ -80.303029393125399, -2.067084766443962 ], [ -80.308682109424353, -2.067048973919269 ], [ -80.311098235280525, -2.069510569483603 ], [ -80.310221259475981, -2.072851573501358 ], [ -80.305022493331109, -2.079292722637858 ], [ -80.293484237174468, -2.089110691567462 ], [ -80.286002819553303, -2.09231464728232 ], [ -80.28160700713525, -2.090608434039705 ], [ -80.276471880340054, -2.082372309985018 ], [ -80.263970674216282, -2.080974700659038 ], [ -80.264609927948882, -2.084088445700702 ], [ -80.262088203334429, -2.088345935113217 ], [ -80.262366708021986, -2.09312297154759 ], [ -80.257313102440492, -2.096345660640611 ], [ -80.258508334282226, -2.099386398366492 ], [ -80.256515422722714, -2.107282208925401 ], [ -80.254181281610954, -2.109977929689579 ], [ -80.249122419986747, -2.110640557034238 ], [ -80.247880426342917, -2.114102570117611 ], [ -80.244844588704865, -2.115046364479492 ], [ -80.246588526793474, -2.122787869042454 ], [ -80.245666668462405, -2.127829245749057 ], [ -80.242993364821857, -2.129679104087719 ], [ -80.245474016664872, -2.13200761760401 ], [ -80.245268799233173, -2.136869788697139 ], [ -80.24749356057761, -2.141216845687633 ], [ -80.245609093639217, -2.143079047263527 ], [ -80.246703083551765, -2.144704046529122 ], [ -80.247554809510305, -2.14396730377068 ], [ -80.247954177129429, -2.147050205475027 ], [ -80.25169085070776, -2.149236885584838 ], [ -80.249437848127414, -2.151162949278865 ], [ -80.249286007691566, -2.15312048413698 ], [ -80.250727253055302, -2.152953597138663 ], [ -80.24939263681749, -2.157399423041215 ], [ -80.240838728663434, -2.164628017962593 ], [ -80.242396924795699, -2.165284864933892 ], [ -80.2400201568271, -2.169373705587558 ], [ -80.241318040054637, -2.169654095035976 ], [ -80.238568473938059, -2.179080925644526 ], [ -80.239695138272467, -2.179025521717639 ], [ -80.238680900790825, -2.180293000038113 ], [ -80.239669718644862, -2.181492239549876 ], [ -80.236332185411911, -2.188228663175857 ], [ -80.238724006449715, -2.191706128393202 ], [ -80.231721553470067, -2.19464641459364 ], [ -80.228263041422849, -2.192310999943797 ], [ -80.22246931208214, -2.192824424194034 ], [ -80.222655768199147, -2.19431135982813 ], [ -80.219573996107343, -2.194877252297043 ], [ -80.214745708660388, -2.2022424846519 ], [ -80.212999882313028, -2.202004247845053 ], [ -80.20178737683797, -2.209258341340378 ], [ -80.198285595638453, -2.208548166400587 ], [ -80.200214073737584, -2.209598687069235 ], [ -80.203219331825053, -2.218365737871836 ], [ -80.207388167818578, -2.218688778564854 ], [ -80.206819951062016, -2.222301334692347 ], [ -80.208247183605636, -2.225007464447967 ], [ -80.216112600468051, -2.231661825828383 ], [ -80.218232457451933, -2.232592854167136 ], [ -80.222679066006037, -2.231250308175898 ], [ -80.227791127657994, -2.23337562079333 ], [ -80.230614980855322, -2.231241339014885 ], [ -80.23337206587081, -2.233388779194109 ], [ -80.232104693023572, -2.242866819389025 ], [ -80.235183060500447, -2.252388476427857 ], [ -80.240386701802379, -2.250247613179584 ], [ -80.244154321443915, -2.246113699063578 ], [ -80.247392341106348, -2.245695599591512 ], [ -80.247703707963609, -2.240484489097011 ], [ -80.251117267415708, -2.240903386254964 ], [ -80.255396156014683, -2.238328938443606 ], [ -80.256662762598978, -2.240029616651011 ], [ -80.255106477183332, -2.243298834681399 ], [ -80.25999883966287, -2.245317768382188 ], [ -80.261852046127714, -2.248207545458178 ], [ -80.264844607426966, -2.264794499684969 ], [ -80.269072713364608, -2.268489694507624 ], [ -80.284635084227574, -2.274443130400588 ], [ -80.284657573550703, -2.279015878191334 ], [ -80.280976311652367, -2.282489653710892 ], [ -80.285220494738681, -2.284588797223055 ], [ -80.283111161518349, -2.288484404748444 ], [ -80.28223624644906, -2.285544980112365 ], [ -80.280419369650943, -2.2857824942043 ], [ -80.282626133248655, -2.293831521119089 ], [ -80.279679296197401, -2.294381895141369 ], [ -80.281006403417749, -2.297084453677958 ], [ -80.283281129058309, -2.296489762002873 ], [ -80.281735421305115, -2.3006202260025 ], [ -80.288845441251851, -2.304437868376291 ], [ -80.286962768249055, -2.306736643501776 ], [ -80.2875316183179, -2.310844696509041 ], [ -80.284664078251666, -2.313891988102989 ], [ -80.284354488262053, -2.31795208422354 ], [ -80.278968332650592, -2.320678429568737 ], [ -80.281233646641908, -2.322017064984595 ], [ -80.282723519608609, -2.334751050615225 ], [ -80.284444829135239, -2.336879834488994 ], [ -80.292125867683879, -2.336630404750255 ], [ -80.300308571301272, -2.342755611525132 ], [ -80.309826793065042, -2.339060928920015 ], [ -80.312845286929914, -2.341557101287318 ], [ -80.321582977814685, -2.340075312786912 ], [ -80.325417062007475, -2.34211087108961 ], [ -80.322116941809455, -2.350375794429435 ], [ -80.32892741672805, -2.346763022799537 ], [ -80.33848156481497, -2.348387179813793 ], [ -80.343977342738867, -2.346528680145247 ], [ -80.35389294774329, -2.348616368363013 ], [ -80.360385944565763, -2.342501930170442 ], [ -80.368188142490041, -2.342876024278052 ], [ -80.374155458682992, -2.346644691827263 ], [ -80.374696660404013, -2.35506482255157 ], [ -80.372214514662673, -2.358349435793688 ], [ -80.375468648304661, -2.36020461401594 ], [ -80.376546887157033, -2.363875096515595 ], [ -80.381927126464021, -2.366581257254521 ], [ -80.38233612761627, -2.368047427163483 ], [ -80.379437108785851, -2.371151634343598 ], [ -80.379942650085042, -2.377860921725804 ], [ -80.381644915327627, -2.379541560499864 ], [ -80.40347775863907, -2.374688134822705 ], [ -80.407365686951678, -2.375360175994631 ], [ -80.408143729497354, -2.378514275439933 ], [ -80.417246321440416, -2.382482920247418 ], [ -80.427348837109378, -2.381048368029521 ], [ -80.43090804580838, -2.375655973059587 ], [ -80.447660848814493, -2.375666402511624 ], [ -80.445688229298938, -2.383961356980114 ], [ -80.445718533965035, -2.396720314596626 ], [ -80.453046311824849, -2.407296348881747 ], [ -80.460981125339586, -2.413945517776683 ], [ -80.460317760824779, -2.430430024409704 ], [ -80.452253899827895, -2.455074790036269 ], [ -80.456821265312385, -2.464199338931029 ], [ -80.458018100646896, -2.47062555363837 ], [ -80.464836940677429, -2.472287448203641 ], [ -80.467604878239882, -2.476929111518197 ], [ -80.458883943630113, -2.48896417570344 ], [ -80.459675775315418, -2.491510035459308 ], [ -80.47477041676612, -2.491040385989329 ], [ -80.477092561775564, -2.493328620883442 ], [ -80.479038504022114, -2.492975446881032 ], [ -80.482558127559798, -2.496871398967081 ], [ -80.48825712596053, -2.497377849480547 ], [ -80.491093394773387, -2.50027023195755 ], [ -80.495200476981026, -2.500217008982552 ], [ -80.502757528257547, -2.494261215760165 ], [ -80.515047459609647, -2.494134239825608 ], [ -80.516533554262253, -2.491259252897898 ], [ -80.52202818773246, -2.488921014680446 ], [ -80.529746062597667, -2.488894915417746 ], [ -80.533046634648272, -2.491240389952003 ], [ -80.538184586645031, -2.491305066754449 ], [ -80.538545670761707, -2.489391965336408 ], [ -80.542767828953842, -2.48872432292002 ], [ -80.543507670642086, -2.491596953251671 ], [ -80.545344489141186, -2.490629209897511 ], [ -80.551385339626634, -2.49504432933228 ], [ -80.552365476161782, -2.493827494571393 ], [ -80.556046991385045, -2.497690210222644 ], [ -80.555825361733085, -2.500107911031205 ], [ -80.561727807884409, -2.505575870728506 ], [ -80.563777754379601, -2.505624592741872 ], [ -80.628235430648772, -2.44667104542336 ], [ -80.642941960370862, -2.435619389411444 ], [ -80.6605930445251, -2.417763189232246 ], [ -80.665346825702414, -2.416188942360786 ], [ -80.680564816621413, -2.40506434858256 ], [ -80.68629582469066, -2.403691181077617 ], [ -80.693725072651702, -2.40630846883116 ], [ -80.72164394901246, -2.391231878638669 ], [ -80.725757307748978, -2.393178894815936 ], [ -80.734221776938398, -2.391495930145498 ], [ -80.74263664834433, -2.39280038586591 ], [ -80.758162401181366, -2.387580401459912 ], [ -80.77118516646415, -2.38742920173351 ], [ -80.775948343121001, -2.388879773675284 ], [ -80.781538524998084, -2.387734871788492 ], [ -80.789405429470605, -2.381326021010975 ], [ -80.802608203661592, -2.377551574044587 ], [ -80.845974087439885, -2.340334293810584 ], [ -80.85893398233091, -2.330957753154021 ], [ -80.871630655572289, -2.324340952714869 ], [ -80.878068141001776, -2.32295433862141 ], [ -80.884791790154921, -2.325050930822939 ], [ -80.889606871468885, -2.33021176741438 ], [ -80.89108884465098, -2.336933492910453 ], [ -80.893775885328836, -2.33376423984851 ], [ -80.897293437351479, -2.332914530531007 ], [ -80.898517568894221, -2.329835176476158 ], [ -80.898536149647541, -2.326561494349948 ], [ -80.89476027718348, -2.320527996297115 ], [ -80.894882951118674, -2.316906733147418 ], [ -80.912500902710306, -2.296863217524904 ], [ -80.914932599963592, -2.291999572465637 ], [ -80.913823331504688, -2.287015738438131 ], [ -80.920939379146972, -2.275677527906194 ], [ -80.968139206980879, -2.229589643558898 ], [ -80.976909592050404, -2.218815523794052 ], [ -80.991140773748313, -2.206691837264677 ], [ -80.996311206130812, -2.204311475463499 ], [ -80.99634179556287, -2.199493440533789 ], [ -81.001912213605394, -2.197340322913864 ], [ -81.003310473684465, -2.192629312945935 ], [ -81.011097854796475, -2.189660828200548 ], [ -81.009773679677181, -2.187087207884459 ], [ -80.991464129521347, -2.182485856590943 ], [ -80.983243949088632, -2.189643677520748 ], [ -80.984067045739081, -2.194342209591163 ], [ -80.982205320550392, -2.197621854346703 ], [ -80.974695126297419, -2.199212136560358 ], [ -80.973106179934646, -2.200310699024299 ], [ -80.973347154806248, -2.202718318125798 ], [ -80.970166471015148, -2.204399209133058 ], [ -80.961907667516783, -2.204502338400126 ], [ -80.957106241493449, -2.201431710962848 ], [ -80.94959975907922, -2.203710078196216 ], [ -80.947467425394365, -2.209629520358125 ], [ -80.943720186729976, -2.211887086447364 ], [ -80.94141444495763, -2.217348549298222 ], [ -80.938234407953502, -2.219144178239285 ], [ -80.931691757652047, -2.22061413201846 ], [ -80.916242797297059, -2.218347671927802 ], [ -80.911924430436287, -2.220321585504183 ], [ -80.902283267039365, -2.217621507148448 ], [ -80.885086758266667, -2.207854392055617 ], [ -80.87773244327505, -2.206316521145013 ], [ -80.869796549985338, -2.198583214266356 ], [ -80.852181231355814, -2.195167292178133 ], [ -80.843565616128274, -2.189500321312662 ], [ -80.833370536255813, -2.177104102039589 ], [ -80.827733395845556, -2.166810799347105 ], [ -80.822790800473626, -2.163484695596738 ], [ -80.816963036661775, -2.155226304218012 ], [ -80.809847007884088, -2.155953264017469 ], [ -80.807979342136463, -2.158200227495152 ], [ -80.806042534858008, -2.158153480011306 ], [ -80.799762215077379, -2.155377116216388 ], [ -80.795891239770825, -2.155799641441713 ], [ -80.788751714658574, -2.152110271233826 ], [ -80.766362824067713, -2.129920311070342 ], [ -80.750863113390778, -2.107119360237235 ], [ -80.744844720787427, -2.089257016038005 ], [ -80.738970567075981, -2.078679713611877 ], [ -80.734491140369585, -2.049447937861404 ], [ -80.733975656516847, -2.032020986811454 ], [ -80.737998609701478, -2.022509628286876 ], [ -80.743448242965854, -2.021149465933551 ], [ -80.750985897818779, -2.01174027450909 ], [ -80.749495732899589, -2.008758501130754 ], [ -80.751019549607619, -1.998485093764522 ], [ -80.756367197137777, -1.994203480249745 ], [ -80.756132908426864, -1.98900419609929 ], [ -80.757319817377464, -1.988614352932113 ], [ -80.754264997439122, -1.984800387975607 ], [ -80.752861593606738, -1.984995051012379 ], [ -80.751369711108737, -1.981561473511984 ], [ -80.754858781146993, -1.978971192245098 ], [ -80.755685979505017, -1.981220140039766 ], [ -80.75944809247386, -1.982615656787136 ], [ -80.763139931136365, -1.976162926612347 ], [ -80.760711239646, -1.974745266932033 ], [ -80.759878298358373, -1.971120805687967 ], [ -80.756401650223879, -1.971305944845526 ], [ -80.751466818990949, -1.968264770903969 ], [ -80.742633219474897, -1.969435830840617 ], [ -80.739068655918473, -1.964865887032668 ], [ -80.735995400753893, -1.964467243472252 ], [ -80.731190042804556, -1.958476522370157 ], [ -80.726687155696197, -1.945509856819608 ], [ -80.724746864751097, -1.925763849051618 ], [ -80.736223013185636, -1.878557919882299 ], [ -80.747334751940315, -1.851358235755193 ], [ -80.755119285392851, -1.823610173772866 ], [ -80.757399375772295, -1.82000649286223 ], [ -80.760739399135218, -1.819248615374736 ], [ -80.756785558735274, -1.812545563831022 ], [ -80.768666104456202, -1.764202246394428 ], [ -80.766897795972241, -1.75978506041857 ], [ -80.768965351243651, -1.762481168361026 ], [ -80.778887139352179, -1.738890709015938 ], [ -80.794785605895527, -1.716407085386968 ], [ -80.797535048942919, -1.714642434724522 ], [ -80.799510132537293, -1.716131705562761 ], [ -80.802761829049928, -1.711478056289952 ], [ -80.800173560832491, -1.711815706249162 ], [ -80.795591512384689, -1.708854093193177 ], [ -80.788551949102327, -1.70025892702369 ], [ -80.779543391006584, -1.697757320898314 ], [ -80.779276762047104, -1.695048170299025 ], [ -80.775771010294022, -1.692814165515826 ], [ -80.773909614787058, -1.689331323785451 ], [ -80.770270640182403, -1.687950685724151 ], [ -80.767104363571832, -1.684268313174484 ], [ -80.764051549571533, -1.684556745322901 ], [ -80.759329589416524, -1.676552175276883 ], [ -80.753457325760436, -1.676810558419318 ], [ -80.752498428991871, -1.674199287358832 ], [ -80.749785113490276, -1.675086938545758 ], [ -80.751340132281371, -1.672823133645807 ], [ -80.748420663303534, -1.668629088777246 ] ] ], [ [ [ -80.784288700172439, -1.936282987522737 ], [ -80.786292812825224, -1.935965326162777 ], [ -80.785744923146908, -1.934005299103361 ], [ -80.784080848880308, -1.934557320720855 ], [ -80.784288700172439, -1.936282987522737 ] ] ], [ [ [ -80.786958126684212, -1.93293039086982 ], [ -80.788560197433256, -1.932779593884436 ], [ -80.788289703921436, -1.931512427151424 ], [ -80.78686183267564, -1.931435889283021 ], [ -80.786958126684212, -1.93293039086982 ] ] ] ] } },
{ "type": "Feature", "properties": { "DPA_PROVIN": "02", "DPA_DESPRO": "BOLIVAR", "AREA_KM2": 3943.6632178549576, "TOTPOP": 214166.0, "provincia": "Bolívar", "provincia_id": "BOLIVAR", "zona": "CZ5", "fuente_cartografica": "GeoJSON usuario reproyectado EPSG:3857 a EPSG:4326 · v0.5.2" }, "geometry": { "type": "Polygon", "coordinates": [ [ [ -78.862090499523376, -1.191404366356863 ], [ -78.864746369559199, -1.195094660777348 ], [ -78.869944176303321, -1.197911784761818 ], [ -78.873542824636559, -1.203445107104725 ], [ -78.880849468731014, -1.208388108519415 ], [ -78.892921887410097, -1.221793411110603 ], [ -78.890480374265707, -1.231831639661336 ], [ -78.894086593600136, -1.23987872437151 ], [ -78.891387639464995, -1.250650644198343 ], [ -78.881636636363325, -1.258948111604863 ], [ -78.887518734775171, -1.262110493007003 ], [ -78.887200105038843, -1.268195777059435 ], [ -78.891179277929794, -1.273327705508988 ], [ -78.893347497513631, -1.284199272648021 ], [ -78.896776597820121, -1.28770416839143 ], [ -78.898566941079693, -1.29559009365273 ], [ -78.910848703152595, -1.32007669065138 ], [ -78.914658663986756, -1.322950495456822 ], [ -78.915339895094249, -1.326874191941019 ], [ -78.922350883865747, -1.333214561283052 ], [ -78.921621698891755, -1.341117597427931 ], [ -78.924928128856322, -1.343589168857418 ], [ -78.927443131377487, -1.348815819291063 ], [ -78.937288566280117, -1.353761678633961 ], [ -78.938045378042375, -1.35822134093402 ], [ -78.936758527024836, -1.362181689071809 ], [ -78.926621827764365, -1.375435095642092 ], [ -78.931064172015823, -1.383687182014714 ], [ -78.925446313044816, -1.393442285175944 ], [ -78.927125422414335, -1.397692266206572 ], [ -78.931799718858656, -1.401689675661151 ], [ -78.929170509023848, -1.402078841376849 ], [ -78.92323171344286, -1.40768225401429 ], [ -78.916445803854018, -1.41000269573724 ], [ -78.912982977198482, -1.420040962339044 ], [ -78.907793799670955, -1.424917523944124 ], [ -78.909123832704196, -1.431425311398845 ], [ -78.895889283304982, -1.443328076384709 ], [ -78.886408589560517, -1.458561180705857 ], [ -78.878894057343047, -1.4624504385454 ], [ -78.883545235643538, -1.464032307618554 ], [ -78.883071059920809, -1.472038434566313 ], [ -78.87643819271365, -1.494932381347236 ], [ -78.868304550585506, -1.507525163305401 ], [ -78.880082214053573, -1.520545066738674 ], [ -78.885425478703482, -1.530087890215569 ], [ -78.883431254705343, -1.540558586660908 ], [ -78.88514731178249, -1.546527469610064 ], [ -78.88413841927678, -1.552237468078162 ], [ -78.891963386798565, -1.580875802280975 ], [ -78.897716494322125, -1.585085853645964 ], [ -78.898678152511877, -1.589215669140785 ], [ -78.896531918296304, -1.594156004539767 ], [ -78.897017986815072, -1.599750186902286 ], [ -78.890898335214573, -1.59964057588486 ], [ -78.87823171600931, -1.610624026641593 ], [ -78.873916322572143, -1.609973196529082 ], [ -78.871989677036211, -1.611696388602195 ], [ -78.851698358023654, -1.617486854156703 ], [ -78.851288444183112, -1.643843033132007 ], [ -78.84406760985955, -1.656689431397552 ], [ -78.846007480393098, -1.670044281302264 ], [ -78.848905245175359, -1.672397513623378 ], [ -78.858083949575814, -1.673630623469837 ], [ -78.862139866439833, -1.677330250058974 ], [ -78.860252011954472, -1.690137907059408 ], [ -78.863592035317424, -1.695556613290257 ], [ -78.866805318970179, -1.711689537601048 ], [ -78.865936551970705, -1.716742690829036 ], [ -78.866833415577318, -1.719305531301669 ], [ -78.870756475204061, -1.719660004930092 ], [ -78.874069789856961, -1.722111084074675 ], [ -78.877422947487688, -1.727358863404557 ], [ -78.880024247564918, -1.740409563739573 ], [ -78.885027316623464, -1.752112623759457 ], [ -78.891161062790772, -1.751450559652841 ], [ -78.895372898442005, -1.748493200761241 ], [ -78.904057917508382, -1.755746307292081 ], [ -78.906910544642571, -1.760573050821143 ], [ -78.909677847994431, -1.760333013953201 ], [ -78.911890231452588, -1.762502571372106 ], [ -78.919357126908849, -1.761182576097834 ], [ -78.923347323924986, -1.762064382899247 ], [ -78.934081421714012, -1.756699064584337 ], [ -78.937181592201156, -1.757736813211441 ], [ -78.949767634322029, -1.754350179279613 ], [ -78.976876807014918, -1.753428566960721 ], [ -78.984335376885156, -1.755531540122525 ], [ -78.988649836074458, -1.761529417863571 ], [ -78.99548564617902, -1.765444942071197 ], [ -78.998314449093556, -1.77063971488247 ], [ -79.012484744778149, -1.774240629862196 ], [ -79.008509207369144, -1.790986972830499 ], [ -79.009584624613211, -1.799909976269741 ], [ -79.007287605482261, -1.803850293438696 ], [ -79.009779969559943, -1.809786563724103 ], [ -79.011895873956576, -1.822866494774471 ], [ -79.011142187433194, -1.83071081622691 ], [ -79.012845655519953, -1.835005271664878 ], [ -79.012495080793798, -1.840132094058336 ], [ -79.014160881622374, -1.841041014581993 ], [ -79.015423576043617, -1.847917681550846 ], [ -79.02097585440562, -1.852134991207614 ], [ -79.022092497134722, -1.856779556698088 ], [ -79.02038668983495, -1.86221438429056 ], [ -79.017100742357172, -1.864446815669499 ], [ -79.016400012418103, -1.873764194418976 ], [ -79.012759957140176, -1.880049781948558 ], [ -79.014879998278673, -1.888406586538582 ], [ -79.007762676825323, -1.904099659687086 ], [ -79.007592311331692, -1.907821211714701 ], [ -79.009365048510006, -1.910380530586079 ], [ -79.006798029042315, -1.92513506646455 ], [ -79.008189955100335, -1.928117924035141 ], [ -79.007928910966953, -1.935173949855901 ], [ -79.010064953795634, -1.9374309145429 ], [ -79.00803214715603, -1.944214693700456 ], [ -79.012934381222252, -1.951389832791983 ], [ -79.016378947823014, -1.960214390776217 ], [ -79.013597789754527, -1.966562106781256 ], [ -79.016131824881612, -1.98182261469543 ], [ -79.016455461827334, -1.995139147026549 ], [ -79.018379305517911, -2.001007663483026 ], [ -79.026104330074446, -2.009502681160266 ], [ -79.02652322527122, -2.018177373250648 ], [ -79.029118422194429, -2.021524206477858 ], [ -79.029896566249732, -2.026424201868233 ], [ -79.029447587372402, -2.03418059306517 ], [ -79.032262240024593, -2.036895910417246 ], [ -79.035540121529436, -2.05050035799785 ], [ -79.03517756866728, -2.05753980520202 ], [ -79.03697792185406, -2.059899773957028 ], [ -79.032581983671875, -2.064812250139862 ], [ -79.030160767063009, -2.065489625609137 ], [ -79.029219989313717, -2.068305514588021 ], [ -79.02538573174607, -2.069912169559534 ], [ -79.02259039916072, -2.075674068331985 ], [ -79.023266654499864, -2.085224244690602 ], [ -79.025648450339133, -2.087638460842683 ], [ -79.025475122201684, -2.093415590999782 ], [ -79.02751419189542, -2.094755081070474 ], [ -79.025909260910495, -2.101603710321145 ], [ -79.031825639931881, -2.118122793311422 ], [ -79.03634410921714, -2.125861351503116 ], [ -79.040771138091316, -2.129083312014154 ], [ -79.048736043371434, -2.139436526357696 ], [ -79.048323704079607, -2.142759851289449 ], [ -79.049848604155869, -2.143348367692739 ], [ -79.051930174942342, -2.149421965438494 ], [ -79.054316977991007, -2.149494485675167 ], [ -79.062438187435617, -2.154800152206108 ], [ -79.062812344734596, -2.157533976071977 ], [ -79.067274544448793, -2.161282989999481 ], [ -79.067865555955663, -2.1639089017074 ], [ -79.075673708811976, -2.169035168509029 ], [ -79.081611597992847, -2.178521544273671 ], [ -79.087610094709277, -2.183819936785463 ], [ -79.099871368007186, -2.189215561264991 ], [ -79.103067760637671, -2.193840248042208 ], [ -79.107297997379177, -2.194241220532729 ], [ -79.108318045164069, -2.199748452189216 ], [ -79.127100733488462, -2.202497917733325 ], [ -79.126009283113191, -2.197828796926551 ], [ -79.120589763173783, -2.188840487608423 ], [ -79.117827179570426, -2.187533046364265 ], [ -79.116488506540776, -2.183170198397639 ], [ -79.13833984616393, -2.182448922219606 ], [ -79.132057323714207, -2.17459537781358 ], [ -79.128279337514272, -2.164080013755008 ], [ -79.112537405104135, -2.153098005305239 ], [ -79.10460755657796, -2.143525698529999 ], [ -79.10207946200984, -2.133333656568844 ], [ -79.107519579420412, -2.133037792298068 ], [ -79.120974727205635, -2.140880167744589 ], [ -79.121577281165628, -2.13544422932708 ], [ -79.116376972613409, -2.126858669230689 ], [ -79.115137612829997, -2.116676015583114 ], [ -79.120939612959504, -2.116240892010774 ], [ -79.124774782317161, -2.113508691335169 ], [ -79.128620233791551, -2.114253978635385 ], [ -79.136858471259814, -2.120528785902244 ], [ -79.147962299450114, -2.122092774416159 ], [ -79.155450634098969, -2.119774179896685 ], [ -79.161832711441733, -2.121694607959375 ], [ -79.16558647277337, -2.130200103618166 ], [ -79.168794749216744, -2.13325178789311 ], [ -79.168753410544014, -2.141177693022511 ], [ -79.175597861543295, -2.145770691041283 ], [ -79.179845331565232, -2.144822204446075 ], [ -79.179478780301736, -2.142095069821289 ], [ -79.183509582067018, -2.143612403393285 ], [ -79.187836587127578, -2.141538173094244 ], [ -79.19392143080745, -2.130988956044137 ], [ -79.196702997609378, -2.132845686018325 ], [ -79.203458081509268, -2.133491937731806 ], [ -79.206006093523854, -2.122960927408766 ], [ -79.203193103653277, -2.111357793313962 ], [ -79.216662372954772, -2.097467704074396 ], [ -79.221213128589653, -2.089832883258344 ], [ -79.222709829650825, -2.083901945931385 ], [ -79.213304760578566, -2.087746960958878 ], [ -79.201216578262859, -2.077718332440164 ], [ -79.209112953764915, -2.074481006366609 ], [ -79.208972317117301, -2.070068620398613 ], [ -79.211749446241726, -2.066962147193977 ], [ -79.213730851280772, -2.059567498936029 ], [ -79.228240756855158, -2.041005140492122 ], [ -79.225330500100554, -2.037790900865597 ], [ -79.223578869738162, -2.029550522173012 ], [ -79.224482885731064, -2.026024001263271 ], [ -79.243028646094217, -2.012093928804746 ], [ -79.245697518345452, -2.008103975927762 ], [ -79.248868012546296, -1.981542886811912 ], [ -79.255632449704905, -1.973432030718718 ], [ -79.260873467210857, -1.962641871162362 ], [ -79.255439061288854, -1.943838588056139 ], [ -79.258944426766362, -1.936975718218036 ], [ -79.25612003457988, -1.93479959920264 ], [ -79.250283059443092, -1.924591710130137 ], [ -79.248299961079752, -1.909947723068819 ], [ -79.243408165437131, -1.894892164515347 ], [ -79.243700832963455, -1.891342395301713 ], [ -79.249595161039551, -1.883608646789465 ], [ -79.243104213274236, -1.872726244836448 ], [ -79.246295256437207, -1.858334358089306 ], [ -79.244681038668872, -1.8569502511268 ], [ -79.241127088707543, -1.857537578067625 ], [ -79.237893327059552, -1.852368327892894 ], [ -79.231727507443338, -1.851466755748635 ], [ -79.230396762944395, -1.849409623452166 ], [ -79.231695751998046, -1.840902398862926 ], [ -79.236184545437894, -1.83652791931037 ], [ -79.235777691259202, -1.828287480321967 ], [ -79.239014750622587, -1.828553973529077 ], [ -79.245256096096298, -1.825450291758699 ], [ -79.25191911884923, -1.814626986199088 ], [ -79.246857249665453, -1.814554509654141 ], [ -79.238825099198124, -1.804068765877164 ], [ -79.239891831530016, -1.801505801301262 ], [ -79.243555288819437, -1.801283974107734 ], [ -79.247173990244761, -1.79404316392754 ], [ -79.24633388399441, -1.790665632698471 ], [ -79.248887649718398, -1.787314500048412 ], [ -79.245591318614245, -1.779028741519032 ], [ -79.247132721640611, -1.772021294804902 ], [ -79.241605670666729, -1.770006070083936 ], [ -79.225431424026098, -1.75669630984834 ], [ -79.222990489396736, -1.757110304960728 ], [ -79.210102266590695, -1.749488016524977 ], [ -79.208588091500602, -1.745976026479393 ], [ -79.210808117825167, -1.744274033582436 ], [ -79.210870896588816, -1.740140189864415 ], [ -79.214300959889314, -1.740798865686432 ], [ -79.216005505056089, -1.738434615351638 ], [ -79.222732997202002, -1.737188717800536 ], [ -79.228377667290971, -1.739482865153868 ], [ -79.230575612127566, -1.738664717943529 ], [ -79.234354635881644, -1.735698695747167 ], [ -79.235542337146342, -1.731505622700835 ], [ -79.241291359131978, -1.728550052592186 ], [ -79.242097487505006, -1.725398707011859 ], [ -79.246030865181098, -1.725743626665188 ], [ -79.249324376473567, -1.723474352717099 ], [ -79.262743259270763, -1.708734150498716 ], [ -79.269406824606136, -1.697297278232212 ], [ -79.25306481039965, -1.690927772447356 ], [ -79.251334604856794, -1.684666302297127 ], [ -79.251784120028333, -1.677609025992591 ], [ -79.258407227938264, -1.672601595741848 ], [ -79.269018031056206, -1.670867601038251 ], [ -79.277638106419133, -1.666448695528741 ], [ -79.284993030468527, -1.666389344694914 ], [ -79.287021959081031, -1.668526611118206 ], [ -79.291229223205775, -1.669299118300577 ], [ -79.287949952007182, -1.660901064434296 ], [ -79.288728361065495, -1.651509408439959 ], [ -79.301380231730406, -1.653722515793712 ], [ -79.320832149670125, -1.659986194829426 ], [ -79.322429092835534, -1.646272470135737 ], [ -79.345277528288065, -1.646526515678088 ], [ -79.355633320358123, -1.63750579454568 ], [ -79.353221245005585, -1.633357121230747 ], [ -79.349728721843377, -1.63415855607149 ], [ -79.34405251639636, -1.630251069270211 ], [ -79.340782800577443, -1.632119355640184 ], [ -79.338685993465447, -1.62956692336363 ], [ -79.3175886952002, -1.626764986175075 ], [ -79.316683723399819, -1.620595511865895 ], [ -79.311511172789892, -1.615165808188328 ], [ -79.310460536471254, -1.611324323371174 ], [ -79.306262803471668, -1.608867119710651 ], [ -79.305600525918351, -1.607004566043295 ], [ -79.307008303647862, -1.606484487056375 ], [ -79.299126360479192, -1.599396990237919 ], [ -79.296933716601089, -1.600806173896133 ], [ -79.294601757497162, -1.598998303479839 ], [ -79.294002570422862, -1.600714380351473 ], [ -79.290129377175859, -1.601517246869002 ], [ -79.287731401780036, -1.60507516363224 ], [ -79.278638927562014, -1.609943271989668 ], [ -79.276422761298193, -1.60384670612646 ], [ -79.272432325330215, -1.599302164201184 ], [ -79.274323924891988, -1.595097639188874 ], [ -79.270094315174532, -1.586643957606799 ], [ -79.261570211324994, -1.577048891293048 ], [ -79.258228032005377, -1.575422974882461 ], [ -79.258082949595419, -1.572030003186697 ], [ -79.253745117140753, -1.569829007871388 ], [ -79.252294031631379, -1.564696438767651 ], [ -79.248032569450586, -1.560377384213735 ], [ -79.248647496805305, -1.55720779389822 ], [ -79.244842552163689, -1.54590128627819 ], [ -79.251393832580106, -1.54052025772851 ], [ -79.261919276881471, -1.538499996134697 ], [ -79.270294971859556, -1.540707439370735 ], [ -79.285574802802728, -1.5269540605514 ], [ -79.292648199333627, -1.524187482161307 ], [ -79.297370230455527, -1.526182284683574 ], [ -79.304223979017991, -1.525920979326827 ], [ -79.310473704875008, -1.519840090740783 ], [ -79.311842513687509, -1.515485295529393 ], [ -79.321738862405496, -1.512568785461707 ], [ -79.321601036586415, -1.502027788318345 ], [ -79.317492468565291, -1.495020212963585 ], [ -79.323668984421602, -1.483224419850859 ], [ -79.327443105170843, -1.483752443216334 ], [ -79.326690415777435, -1.481412627663623 ], [ -79.328188859570275, -1.480631427184484 ], [ -79.328811632810655, -1.476135183688833 ], [ -79.325522693942986, -1.470897594754023 ], [ -79.326837982029161, -1.469653500046232 ], [ -79.325529302848523, -1.465300769675425 ], [ -79.327011964140127, -1.462519970643781 ], [ -79.3298936014681, -1.460611632200803 ], [ -79.338487088495228, -1.460759487259834 ], [ -79.341331358602318, -1.463713192770302 ], [ -79.343051064636171, -1.463605410351241 ], [ -79.342224952341311, -1.466702977770791 ], [ -79.343834873467642, -1.466081990797211 ], [ -79.344501357831433, -1.470702591654415 ], [ -79.347074123822011, -1.47157960257778 ], [ -79.355875376801322, -1.462396398234396 ], [ -79.358163229523115, -1.453329192992195 ], [ -79.361293619336394, -1.449445855380022 ], [ -79.358443635045788, -1.446665330445136 ], [ -79.358280763298254, -1.449981565749848 ], [ -79.355241486010968, -1.451142235644132 ], [ -79.355902023527591, -1.454975879888469 ], [ -79.345107016369042, -1.454946414768482 ], [ -79.339065925135088, -1.449924435924763 ], [ -79.332360553104706, -1.446215539128366 ], [ -79.327610866448481, -1.445544445450692 ], [ -79.31666108405804, -1.437956251414897 ], [ -79.317048059417814, -1.435480083807497 ], [ -79.315160661276636, -1.434007106557741 ], [ -79.315759884283551, -1.430000399791292 ], [ -79.323048717480845, -1.410136342534695 ], [ -79.324808903398008, -1.402212968184732 ], [ -79.324272670258836, -1.392441295491996 ], [ -79.317072766681392, -1.393413301521861 ], [ -79.307316041311381, -1.390601888077778 ], [ -79.300339498439456, -1.395123956155003 ], [ -79.294626180893104, -1.395787371793604 ], [ -79.286874658730625, -1.391575090170959 ], [ -79.285327894558677, -1.385781000535364 ], [ -79.280187373380187, -1.38531748234262 ], [ -79.285114791715401, -1.372745946694086 ], [ -79.284914135928702, -1.367106668120913 ], [ -79.281166021406904, -1.358802364206213 ], [ -79.283704570568304, -1.354287398378558 ], [ -79.278359250573033, -1.354720905677711 ], [ -79.273592872320521, -1.337590023937781 ], [ -79.266429766432054, -1.331258421167968 ], [ -79.280660905010848, -1.327316974915263 ], [ -79.287870106151473, -1.331930082549237 ], [ -79.293153182779008, -1.333296368465495 ], [ -79.309767570671198, -1.32431880251664 ], [ -79.315485227080373, -1.325799034089495 ], [ -79.32230292535219, -1.322186166349749 ], [ -79.319983718732033, -1.316445094150496 ], [ -79.322696673110883, -1.3082814854994 ], [ -79.332060973940614, -1.298877987506932 ], [ -79.332618180945047, -1.296262798319539 ], [ -79.336269340298216, -1.294127533836262 ], [ -79.337780156587442, -1.295805314476817 ], [ -79.346000855348095, -1.29581073083078 ], [ -79.353284230381718, -1.29838852154714 ], [ -79.36282211806369, -1.32445178950866 ], [ -79.37048161501184, -1.328388398813898 ], [ -79.377085364227369, -1.322520271294859 ], [ -79.378503440243321, -1.325918298419839 ], [ -79.381412128539424, -1.323952588023743 ], [ -79.387645125070904, -1.323283980626762 ], [ -79.391453233578929, -1.325792262605497 ], [ -79.392390551017755, -1.323320716413407 ], [ -79.394884621894462, -1.322758834392206 ], [ -79.38944790011567, -1.318108174526209 ], [ -79.391647805076218, -1.316914085799053 ], [ -79.39164918848175, -1.314749205847461 ], [ -79.387044141366033, -1.311789690517255 ], [ -79.387720094871241, -1.309043624854956 ], [ -79.385216511733972, -1.308218054029756 ], [ -79.384335383916181, -1.30547099207623 ], [ -79.374333598136658, -1.307790934688927 ], [ -79.372973918902417, -1.300406890528023 ], [ -79.370326014228212, -1.299371174135149 ], [ -79.371435469536706, -1.296415383921394 ], [ -79.367837474278687, -1.296045153601661 ], [ -79.362671030416067, -1.289579306269632 ], [ -79.361312311480845, -1.284283521538824 ], [ -79.358904346819017, -1.283421949891122 ], [ -79.356803551187184, -1.277631883055794 ], [ -79.352922412341471, -1.27277718314242 ], [ -79.348820139713879, -1.27198889030331 ], [ -79.349254722190452, -1.266156486661051 ], [ -79.346323894015839, -1.263216968461496 ], [ -79.347775873348908, -1.261057646089 ], [ -79.344710921312497, -1.25661924432107 ], [ -79.34457956516006, -1.253658130418712 ], [ -79.340662837757776, -1.250270009985256 ], [ -79.341720621072824, -1.245264873449764 ], [ -79.335919089863879, -1.237964799148991 ], [ -79.336466877134256, -1.231830808013626 ], [ -79.334720911548033, -1.226776703163801 ], [ -79.331294468458125, -1.222850636692382 ], [ -79.325370789726762, -1.221016318617754 ], [ -79.306711987164874, -1.206873819793821 ], [ -79.299100260826918, -1.208702124708279 ], [ -79.292458121209393, -1.207493129086481 ], [ -79.290078595412865, -1.205293796179142 ], [ -79.279738846355457, -1.20624051860766 ], [ -79.27550437944727, -1.204410755293347 ], [ -79.267766749730669, -1.209251554832333 ], [ -79.260112225855934, -1.207499000069446 ], [ -79.253690860694206, -1.200934073721063 ], [ -79.248323215767513, -1.200770365672199 ], [ -79.238523824913088, -1.195241155800772 ], [ -79.232484615649653, -1.18719047871751 ], [ -79.228516485748472, -1.18600322973623 ], [ -79.224448590748466, -1.182039671609263 ], [ -79.220486308879799, -1.174594256686834 ], [ -79.210940520514896, -1.174214552118703 ], [ -79.208111819110002, -1.171223824719547 ], [ -79.191841877637103, -1.168748793214408 ], [ -79.184217740175185, -1.169862480288192 ], [ -79.179286730375466, -1.168688192000227 ], [ -79.176494300246802, -1.163425290177688 ], [ -79.167963358421304, -1.160260955140271 ], [ -79.156265389891985, -1.162011990510191 ], [ -79.144478096484065, -1.155107693340617 ], [ -79.136291522924424, -1.159315543565889 ], [ -79.133243264280935, -1.162800105341864 ], [ -79.122228248031206, -1.152066416690408 ], [ -79.112723966324012, -1.155559392996548 ], [ -79.10661116617419, -1.149803135051376 ], [ -79.09950132499219, -1.150922791394606 ], [ -79.094529094199046, -1.15494560283096 ], [ -79.088549008454351, -1.155729235253122 ], [ -79.087341285538614, -1.158490991459933 ], [ -79.080055030506188, -1.164667894204288 ], [ -79.078940369460597, -1.168857085043722 ], [ -79.074043056365525, -1.17125033115939 ], [ -79.071317851661135, -1.176150450856115 ], [ -79.065578369783822, -1.18080955473529 ], [ -79.060528860520037, -1.181146909144958 ], [ -79.06041908549399, -1.184231710612034 ], [ -79.057459474399366, -1.186406229099781 ], [ -79.052305833326159, -1.186269224069938 ], [ -79.047861678969426, -1.188484170817988 ], [ -79.047707555016132, -1.194023725364075 ], [ -79.045445780387041, -1.196829931113301 ], [ -79.040816015227961, -1.195494543234346 ], [ -79.034825228751586, -1.197263820599851 ], [ -79.027600117548985, -1.207143741360891 ], [ -79.013457887030498, -1.213488540295355 ], [ -78.996179027899061, -1.216389728368154 ], [ -78.99228215955273, -1.218347333460507 ], [ -78.989052574172504, -1.217402688107345 ], [ -78.985833993154529, -1.219780134578843 ], [ -78.983080776284638, -1.217667931255257 ], [ -78.982995343806181, -1.215386121199468 ], [ -78.979757827200288, -1.216552144887397 ], [ -78.973271358434999, -1.211618886724738 ], [ -78.969537987063646, -1.212677384432741 ], [ -78.962480176302932, -1.21131765283962 ], [ -78.961247579935275, -1.214579265175291 ], [ -78.958710083599385, -1.21607118298921 ], [ -78.952135482918194, -1.211309573401223 ], [ -78.946855199152864, -1.210930805243955 ], [ -78.948114927337031, -1.205395505179551 ], [ -78.943643086004926, -1.202216510427789 ], [ -78.942135828840847, -1.197686261694535 ], [ -78.937157661081969, -1.195082304444073 ], [ -78.934641953383306, -1.188196223898361 ], [ -78.9246905496165, -1.182750861881494 ], [ -78.91448962260985, -1.185061747164025 ], [ -78.9087082325279, -1.189853660182886 ], [ -78.877496398236872, -1.197207662105937 ], [ -78.868786387140972, -1.19165425865697 ], [ -78.869363083993804, -1.186733692702424 ], [ -78.865899477600607, -1.186398400164134 ], [ -78.862090499523376, -1.191404366356863 ] ] ] } },
{ "type": "Feature", "properties": { "DPA_PROVIN": "12", "DPA_DESPRO": "LOS RIOS", "AREA_KM2": 7203.8717106391887, "TOTPOP": 942943.0, "provincia": "Los Ríos", "provincia_id": "LOS_RIOS", "zona": "CZ5", "fuente_cartografica": "GeoJSON usuario reproyectado EPSG:3857 a EPSG:4326 · v0.5.2" }, "geometry": { "type": "Polygon", "coordinates": [ [ [ -79.112691585651291, -0.541975617354451 ], [ -79.101969270165512, -0.55065566669863 ], [ -79.096436640653735, -0.551915355435408 ], [ -79.088170272442355, -0.556906654648867 ], [ -79.087607052115402, -0.562507526922585 ], [ -79.08325200704158, -0.566734116086464 ], [ -79.083787411934082, -0.570323608141644 ], [ -79.087407931549535, -0.573043112405993 ], [ -79.091050015223388, -0.579777573331774 ], [ -79.091301989965643, -0.587442546709012 ], [ -79.095189865277632, -0.593844360325354 ], [ -79.097253922509339, -0.604137317764468 ], [ -79.112026716458359, -0.624188769947768 ], [ -79.11766330530304, -0.629611381575923 ], [ -79.120561334189986, -0.638102380306408 ], [ -79.128594503346875, -0.649006990202258 ], [ -79.140395775438918, -0.71047589782509 ], [ -79.143150883262493, -0.715022749686667 ], [ -79.152656351644168, -0.722334036893145 ], [ -79.160560420318319, -0.743404979415676 ], [ -79.171603720923073, -0.750164470273697 ], [ -79.174371640519212, -0.759127653989662 ], [ -79.186832455692866, -0.763973820993243 ], [ -79.187494461954984, -0.766087582216763 ], [ -79.182474350957193, -0.778588543607747 ], [ -79.185933680471337, -0.798205724016683 ], [ -79.195290827118143, -0.80626036471735 ], [ -79.2024145553561, -0.807108255267075 ], [ -79.205274411233361, -0.805348902906049 ], [ -79.20871120650861, -0.808205533581748 ], [ -79.218525128511061, -0.809435325034662 ], [ -79.223028488133266, -0.81709748879733 ], [ -79.222890060442921, -0.822350720207094 ], [ -79.224609319115743, -0.82651892523083 ], [ -79.222953785132546, -0.827914215572787 ], [ -79.226546622264209, -0.830030809306585 ], [ -79.224025092584185, -0.832614482848937 ], [ -79.224304045531056, -0.834964502559226 ], [ -79.228353848461211, -0.835930516384311 ], [ -79.234189184172607, -0.83353644493851 ], [ -79.23923115567284, -0.849790424720146 ], [ -79.240769730802668, -0.872243156216208 ], [ -79.243521548097348, -0.87861326637777 ], [ -79.249041161020671, -0.878367397641533 ], [ -79.249380708926722, -0.881308713568098 ], [ -79.264905525719215, -0.880521440467661 ], [ -79.271546767919759, -0.885119075941742 ], [ -79.279198568102558, -0.886633268552558 ], [ -79.28045500845279, -0.888618115781925 ], [ -79.287286770748679, -0.891127963760577 ], [ -79.287156188045728, -0.911816230382288 ], [ -79.290889680689631, -0.913285447969086 ], [ -79.291912525828323, -0.916611137739691 ], [ -79.295925117844504, -0.917336820660922 ], [ -79.296652790953857, -0.921108108708849 ], [ -79.298837738066609, -0.922718151971272 ], [ -79.299099038219808, -0.928562479720261 ], [ -79.305289435742196, -0.928370080460849 ], [ -79.306816876254089, -0.948908353101193 ], [ -79.309845128517878, -0.949144803957018 ], [ -79.31546618908456, -0.958682493405938 ], [ -79.320425431137011, -0.998103229163533 ], [ -79.318720265234376, -0.996000619331859 ], [ -79.301736024770037, -0.992770063477726 ], [ -79.299184627005147, -0.988397403857604 ], [ -79.292424172976496, -0.987478028614078 ], [ -79.291794158416607, -1.004550413558155 ], [ -79.29434228002566, -1.007110323611886 ], [ -79.294834759820617, -1.01064713242523 ], [ -79.302169885899431, -1.015621857051288 ], [ -79.301591023208459, -1.017922647897424 ], [ -79.306570125215217, -1.023672744235946 ], [ -79.306077344484649, -1.027390881888057 ], [ -79.30832311113538, -1.030616431001641 ], [ -79.307908821601075, -1.032436407541349 ], [ -79.311937592275498, -1.034674810277658 ], [ -79.311596345655261, -1.044867752449955 ], [ -79.313197098575785, -1.046558806202853 ], [ -79.310431961062065, -1.048403510811929 ], [ -79.308828027207113, -1.05264110113986 ], [ -79.308421185604843, -1.060036238000602 ], [ -79.310017561933293, -1.064283023996934 ], [ -79.314850354431414, -1.067588067149068 ], [ -79.311734760769184, -1.070656070168507 ], [ -79.316106408506073, -1.071905770275371 ], [ -79.314267120538275, -1.077443186477952 ], [ -79.318003956711649, -1.077225537114529 ], [ -79.320397338123129, -1.079889458305926 ], [ -79.320895027248412, -1.095197421531071 ], [ -79.32661550346927, -1.104900517360959 ], [ -79.32764262548703, -1.110648463044223 ], [ -79.326507549328312, -1.115351661003396 ], [ -79.330579363677899, -1.112766066332483 ], [ -79.332569175151349, -1.113180901019983 ], [ -79.331070437609426, -1.11873847614083 ], [ -79.332420479717314, -1.123147711636131 ], [ -79.335304758092221, -1.12215721994512 ], [ -79.33686679811558, -1.123994711268902 ], [ -79.338458460983759, -1.122837784131091 ], [ -79.339855439166939, -1.125701205645673 ], [ -79.335825743227772, -1.126364367510008 ], [ -79.335986164371207, -1.128686478731374 ], [ -79.3385199767161, -1.128899290536412 ], [ -79.336265646425758, -1.131208587763447 ], [ -79.336978190109136, -1.136426561226157 ], [ -79.336166741014665, -1.138530489624633 ], [ -79.332309255708736, -1.139937734010389 ], [ -79.333439682187546, -1.149581646116892 ], [ -79.327839971880223, -1.159222362431509 ], [ -79.325583151459909, -1.161983555696998 ], [ -79.299664830423424, -1.177267569416588 ], [ -79.295328267288241, -1.186367804715726 ], [ -79.289846321623116, -1.205331031191959 ], [ -79.295285715889875, -1.208395207224374 ], [ -79.301073423823212, -1.208676879582363 ], [ -79.306711987164874, -1.206873819793821 ], [ -79.325370789726762, -1.221016318617754 ], [ -79.33260879265201, -1.224234291716599 ], [ -79.336466877134256, -1.231830808013626 ], [ -79.335919089863879, -1.237964799148991 ], [ -79.341720621072824, -1.245264873449764 ], [ -79.340662837757776, -1.250270009985256 ], [ -79.34457956516006, -1.253658130418712 ], [ -79.344710921312497, -1.25661924432107 ], [ -79.347775873348908, -1.261057646089 ], [ -79.346323894015839, -1.263216968461496 ], [ -79.349254722190452, -1.266156486661051 ], [ -79.348820139713879, -1.27198889030331 ], [ -79.352922412341471, -1.27277718314242 ], [ -79.356803551187184, -1.277631883055794 ], [ -79.358904346819017, -1.283421949891122 ], [ -79.361312311480845, -1.284283521538824 ], [ -79.362671030416067, -1.289579306269632 ], [ -79.367837474278687, -1.296045153601661 ], [ -79.371435469536706, -1.296415383921394 ], [ -79.370326014228212, -1.299371174135149 ], [ -79.372973918902417, -1.300406890528023 ], [ -79.374333598136658, -1.307790934688927 ], [ -79.384335383916181, -1.30547099207623 ], [ -79.385216511733972, -1.308218054029756 ], [ -79.387720094871241, -1.309043624854956 ], [ -79.387044141366033, -1.311789690517255 ], [ -79.39164918848175, -1.314749205847461 ], [ -79.391647805076218, -1.316914085799053 ], [ -79.38944790011567, -1.318108174526209 ], [ -79.394884621894462, -1.322758834392206 ], [ -79.392390551017755, -1.323320716413407 ], [ -79.391453233578929, -1.325792262605497 ], [ -79.387645125070904, -1.323283980626762 ], [ -79.381412128539424, -1.323952588023743 ], [ -79.378503440243321, -1.325918298419839 ], [ -79.377085364227369, -1.322520271294859 ], [ -79.37048161501184, -1.328388398813898 ], [ -79.36282211806369, -1.32445178950866 ], [ -79.353284230381718, -1.29838852154714 ], [ -79.346000855348095, -1.29581073083078 ], [ -79.337780156587442, -1.295805314476817 ], [ -79.336269340298216, -1.294127533836262 ], [ -79.332618180945047, -1.296262798319539 ], [ -79.332060973940614, -1.298877987506932 ], [ -79.322696673110883, -1.3082814854994 ], [ -79.319983718732033, -1.316445094150496 ], [ -79.32230292535219, -1.322186166349749 ], [ -79.315485227080373, -1.325799034089495 ], [ -79.309767570671198, -1.32431880251664 ], [ -79.293153182779008, -1.333296368465495 ], [ -79.287870106151473, -1.331930082549237 ], [ -79.280660905010848, -1.327316974915263 ], [ -79.266429766432054, -1.331258421167968 ], [ -79.273592872320521, -1.337590023937781 ], [ -79.278359250573033, -1.354720905677711 ], [ -79.283704570568304, -1.354287398378558 ], [ -79.281166021406904, -1.358802364206213 ], [ -79.284914135928702, -1.367106668120913 ], [ -79.285114791715401, -1.372745946694086 ], [ -79.280187373380187, -1.38531748234262 ], [ -79.285327894558677, -1.385781000535364 ], [ -79.286874658730625, -1.391575090170959 ], [ -79.294626180893104, -1.395787371793604 ], [ -79.300339498439456, -1.395123956155003 ], [ -79.307316041311381, -1.390601888077778 ], [ -79.317072766681392, -1.393413301521861 ], [ -79.324272670258836, -1.392441295491996 ], [ -79.324808903398008, -1.402212968184732 ], [ -79.323048717480845, -1.410136342534695 ], [ -79.315759884283551, -1.430000399791292 ], [ -79.315160661276636, -1.434007106557741 ], [ -79.317048059417814, -1.435480083807497 ], [ -79.31666108405804, -1.437956251414897 ], [ -79.327610866448481, -1.445544445450692 ], [ -79.332360553104706, -1.446215539128366 ], [ -79.339065925135088, -1.449924435924763 ], [ -79.345107016369042, -1.454946414768482 ], [ -79.355902023527591, -1.454975879888469 ], [ -79.355241486010968, -1.451142235644132 ], [ -79.358280763298254, -1.449981565749848 ], [ -79.358443635045788, -1.446665330445136 ], [ -79.361293619336394, -1.449445855380022 ], [ -79.358163229523115, -1.453329192992195 ], [ -79.355875376801322, -1.462396398234396 ], [ -79.347074123822011, -1.47157960257778 ], [ -79.344501357831433, -1.470702591654415 ], [ -79.343834873467642, -1.466081990797211 ], [ -79.342224952341311, -1.466702977770791 ], [ -79.343051064636171, -1.463605410351241 ], [ -79.341331358602318, -1.463713192770302 ], [ -79.338487088495228, -1.460759487259834 ], [ -79.3298936014681, -1.460611632200803 ], [ -79.327011964140127, -1.462519970643781 ], [ -79.325529302848523, -1.465300769675425 ], [ -79.326837982029161, -1.469653500046232 ], [ -79.325522693942986, -1.470897594754023 ], [ -79.328811632810655, -1.476135183688833 ], [ -79.328188859570275, -1.480631427184484 ], [ -79.326690415777435, -1.481412627663623 ], [ -79.327443105170843, -1.483752443216334 ], [ -79.323668984421602, -1.483224419850859 ], [ -79.317492468565291, -1.495020212963585 ], [ -79.321601036586415, -1.502027788318345 ], [ -79.321738862405496, -1.512568785461707 ], [ -79.311842513687509, -1.515485295529393 ], [ -79.310473704875008, -1.519840090740783 ], [ -79.304223979017991, -1.525920979326827 ], [ -79.297370230455527, -1.526182284683574 ], [ -79.292648199333627, -1.524187482161307 ], [ -79.285574802802728, -1.5269540605514 ], [ -79.270294971859556, -1.540707439370735 ], [ -79.261919276881471, -1.538499996134697 ], [ -79.251393832580106, -1.54052025772851 ], [ -79.244842552163689, -1.54590128627819 ], [ -79.248647496805305, -1.55720779389822 ], [ -79.248032569450586, -1.560377384213735 ], [ -79.252294031631379, -1.564696438767651 ], [ -79.253745117140753, -1.569829007871388 ], [ -79.258082949595419, -1.572030003186697 ], [ -79.258228032005377, -1.575422974882461 ], [ -79.261570211324994, -1.577048891293048 ], [ -79.270094315174532, -1.586643957606799 ], [ -79.274323924891988, -1.595097639188874 ], [ -79.272432325330215, -1.599302164201184 ], [ -79.276422761298193, -1.60384670612646 ], [ -79.278638927562014, -1.609943271989668 ], [ -79.287731401780036, -1.60507516363224 ], [ -79.290129377175859, -1.601517246869002 ], [ -79.294002570422862, -1.600714380351473 ], [ -79.294601757497162, -1.598998303479839 ], [ -79.296933716601089, -1.600806173896133 ], [ -79.299126360479192, -1.599396990237919 ], [ -79.307008303647862, -1.606484487056375 ], [ -79.305600525918351, -1.607004566043295 ], [ -79.306262803471668, -1.608867119710651 ], [ -79.310460536471254, -1.611324323371174 ], [ -79.311511172789892, -1.615165808188328 ], [ -79.316683723399819, -1.620595511865895 ], [ -79.3175886952002, -1.626764986175075 ], [ -79.338685993465447, -1.62956692336363 ], [ -79.340782800577443, -1.632119355640184 ], [ -79.34405251639636, -1.630251069270211 ], [ -79.349728721843377, -1.63415855607149 ], [ -79.353221245005585, -1.633357121230747 ], [ -79.355633320358123, -1.63750579454568 ], [ -79.345277528288065, -1.646526515678088 ], [ -79.322429092835534, -1.646272470135737 ], [ -79.320832149670125, -1.659986194829426 ], [ -79.301380231730406, -1.653722515793712 ], [ -79.288728361065495, -1.651509408439959 ], [ -79.287949952007182, -1.660901064434296 ], [ -79.291229223205775, -1.669299118300577 ], [ -79.287021959081031, -1.668526611118206 ], [ -79.284993030468527, -1.666389344694914 ], [ -79.277638106419133, -1.666448695528741 ], [ -79.269018031056206, -1.670867601038251 ], [ -79.258101047055121, -1.672819893007631 ], [ -79.251784120028333, -1.677609025992591 ], [ -79.251334604856794, -1.684666302297127 ], [ -79.25306481039965, -1.690927772447356 ], [ -79.269406824606136, -1.697297278232212 ], [ -79.262743259270763, -1.708734150498716 ], [ -79.249324376473567, -1.723474352717099 ], [ -79.246030865181098, -1.725743626665188 ], [ -79.242260541610534, -1.725260321426169 ], [ -79.241291359131978, -1.728550052592186 ], [ -79.235542337146342, -1.731505622700835 ], [ -79.233072284525349, -1.737060724500928 ], [ -79.228377667290971, -1.739482865153868 ], [ -79.222732997202002, -1.737188717800536 ], [ -79.216005505056089, -1.738434615351638 ], [ -79.214300959889314, -1.740798865686432 ], [ -79.211194163428644, -1.739926633974192 ], [ -79.210808117825167, -1.744274033582436 ], [ -79.208613216480785, -1.745827116337983 ], [ -79.210102266590695, -1.749488016524977 ], [ -79.222990489396736, -1.757110304960728 ], [ -79.225431424026098, -1.75669630984834 ], [ -79.241605670666729, -1.770006070083936 ], [ -79.247132721640611, -1.772021294804902 ], [ -79.245591318614245, -1.779028741519032 ], [ -79.248887649718398, -1.787314500048412 ], [ -79.24633388399441, -1.790665632698471 ], [ -79.247173990244761, -1.79404316392754 ], [ -79.243555288819437, -1.801283974107734 ], [ -79.239891831530016, -1.801505801301262 ], [ -79.238825099198124, -1.804068765877164 ], [ -79.246857249665453, -1.814554509654141 ], [ -79.25191911884923, -1.814626986199088 ], [ -79.245256096096298, -1.825450291758699 ], [ -79.239014750622587, -1.828553973529077 ], [ -79.235777691259202, -1.828287480321967 ], [ -79.236184545437894, -1.83652791931037 ], [ -79.231695751998046, -1.840902398862926 ], [ -79.230396762944395, -1.849409623452166 ], [ -79.231727507443338, -1.851466755748635 ], [ -79.237893327059552, -1.852368327892894 ], [ -79.241127088707543, -1.857537578067625 ], [ -79.244681038668872, -1.8569502511268 ], [ -79.246295256437207, -1.858334358089306 ], [ -79.243104213274236, -1.872726244836448 ], [ -79.249595161039551, -1.883608646789465 ], [ -79.243700832963455, -1.891342395301713 ], [ -79.243408165437131, -1.894892164515347 ], [ -79.248299961079752, -1.909947723068819 ], [ -79.250283059443092, -1.924591710130137 ], [ -79.25612003457988, -1.93479959920264 ], [ -79.258944426766362, -1.936975718218036 ], [ -79.255439061288854, -1.943838588056139 ], [ -79.260873467210857, -1.962641871162362 ], [ -79.255632449704905, -1.973432030718718 ], [ -79.248868012546296, -1.981542886811912 ], [ -79.245697518345452, -2.008103975927762 ], [ -79.243028646094217, -2.012093928804746 ], [ -79.224482885731064, -2.026024001263271 ], [ -79.223578869738162, -2.029550522173012 ], [ -79.225330500100554, -2.037790900865597 ], [ -79.228240756855158, -2.041005140492122 ], [ -79.213730851280772, -2.059567498936029 ], [ -79.211749446241726, -2.066962147193977 ], [ -79.208972317117301, -2.070068620398613 ], [ -79.209112953764915, -2.074481006366609 ], [ -79.201216578262859, -2.077718332440164 ], [ -79.213304760578566, -2.087746960958878 ], [ -79.222709829650825, -2.083901945931385 ], [ -79.221213128589653, -2.089832883258344 ], [ -79.216662372954772, -2.097467704074396 ], [ -79.203193103653277, -2.111357793313962 ], [ -79.206006093523854, -2.122960927408766 ], [ -79.203420496896086, -2.13017285230614 ], [ -79.204110508137177, -2.133484162816378 ], [ -79.20806134816408, -2.12983848889319 ], [ -79.218837525735964, -2.125818977510068 ], [ -79.223797749647034, -2.122166964765621 ], [ -79.228502874475282, -2.117161369055752 ], [ -79.230370356966617, -2.110111176218668 ], [ -79.234853223322219, -2.104220508004038 ], [ -79.250660448880481, -2.101701492596314 ], [ -79.252480581173174, -2.093279671443509 ], [ -79.259634869198791, -2.090415306298115 ], [ -79.259711580832473, -2.085741712206143 ], [ -79.263417407162265, -2.082118117271495 ], [ -79.268960827237251, -2.093251239885355 ], [ -79.271115590058116, -2.103837985841559 ], [ -79.277380644767135, -2.101940260361472 ], [ -79.284720370220214, -2.097192849335828 ], [ -79.291256494261177, -2.097303541905092 ], [ -79.297928341165147, -2.093627266972313 ], [ -79.298811121883034, -2.094544929570519 ], [ -79.304062265198866, -2.086293747151211 ], [ -79.317962759074405, -2.081070918591254 ], [ -79.318799036705016, -2.078485078923173 ], [ -79.316697597879411, -2.074468184138356 ], [ -79.318414642205042, -2.068592894107485 ], [ -79.3170824298589, -2.063229561272355 ], [ -79.322991177691932, -2.052133926297698 ], [ -79.321275935386765, -2.050790738282458 ], [ -79.327947076214926, -2.047548833691817 ], [ -79.326809116464133, -2.045043649328123 ], [ -79.329837720867516, -2.043329120626705 ], [ -79.330922288351076, -2.039594640025417 ], [ -79.332141869926886, -2.042193416496421 ], [ -79.334401559566217, -2.041719721422928 ], [ -79.333123225475873, -2.039170801431816 ], [ -79.33389477859194, -2.035363911352642 ], [ -79.336392409492149, -2.038098121592407 ], [ -79.335782096783063, -2.034331124051705 ], [ -79.338438126718998, -2.0323265136852 ], [ -79.336710981736289, -2.026882183569765 ], [ -79.338078081953114, -2.021312076545984 ], [ -79.342005410374071, -2.020725202353105 ], [ -79.343429684765482, -2.022009730920818 ], [ -79.344220781628849, -2.020582591008825 ], [ -79.342305014691007, -2.019295392279373 ], [ -79.34442286573686, -2.017995217231658 ], [ -79.342483925857934, -2.01598443790168 ], [ -79.346848567633941, -2.015988880912319 ], [ -79.345050789018785, -2.015262768563146 ], [ -79.345163277855292, -2.012469203807128 ], [ -79.349922386042223, -2.012867238759926 ], [ -79.348530504001658, -2.010916706402199 ], [ -79.352760005921269, -2.009176964688558 ], [ -79.351595058084399, -2.007157210308633 ], [ -79.353350762306619, -2.006103615530845 ], [ -79.352892228049626, -2.004075078103079 ], [ -79.355371182975063, -2.00351886988647 ], [ -79.358055129855089, -1.997958498363885 ], [ -79.355923138428352, -1.996980758317218 ], [ -79.35707278975255, -1.993887610188283 ], [ -79.361234514682295, -1.990650051235133 ], [ -79.358757843274304, -1.989919586022618 ], [ -79.360152185800416, -1.988140774245028 ], [ -79.358748968817608, -1.986812071005093 ], [ -79.361898419084596, -1.987546275030014 ], [ -79.366552470197362, -1.980690062928143 ], [ -79.368545070939774, -1.980460606869854 ], [ -79.36758198622536, -1.978603121462364 ], [ -79.370604046401894, -1.978172553444647 ], [ -79.368558982250278, -1.97111978760123 ], [ -79.372507717524456, -1.970058968685708 ], [ -79.373087574650469, -1.96791893948866 ], [ -79.375357382014826, -1.969337461471299 ], [ -79.376454681320922, -1.967583276321932 ], [ -79.382793270322452, -1.968738520458587 ], [ -79.388950952100501, -1.964850515121684 ], [ -79.392411524883002, -1.966418669269799 ], [ -79.395418802383233, -1.964629039104928 ], [ -79.400838522646964, -1.9675136485545 ], [ -79.401020403644225, -1.964362210432067 ], [ -79.403015311260276, -1.964831770224346 ], [ -79.401845799981785, -1.962777563779085 ], [ -79.403019881888454, -1.961448097786931 ], [ -79.400678936038418, -1.960115176941522 ], [ -79.403627190631227, -1.960075221709948 ], [ -79.404900561529615, -1.958399295323995 ], [ -79.405737974630725, -1.960148592672367 ], [ -79.407011282647062, -1.957399452589492 ], [ -79.409259747836913, -1.958067568853836 ], [ -79.409126621105059, -1.956174423345915 ], [ -79.411381502960978, -1.955092680873096 ], [ -79.40923943333506, -1.953217071299922 ], [ -79.411195556188758, -1.952015305335979 ], [ -79.409472301809529, -1.950859157253458 ], [ -79.412063778809156, -1.94835741838382 ], [ -79.409904442665166, -1.946969614712302 ], [ -79.410633435399703, -1.945117979852299 ], [ -79.405852561931738, -1.944861500584811 ], [ -79.405197920956638, -1.943543672942622 ], [ -79.406572061270367, -1.943548047914775 ], [ -79.406658807085748, -1.941628886697568 ], [ -79.415783436499382, -1.939650228751256 ], [ -79.41665125487792, -1.937543048182881 ], [ -79.418301486105989, -1.938551973187762 ], [ -79.419449423444618, -1.935044812567873 ], [ -79.42142558142406, -1.937307499117894 ], [ -79.422451243679504, -1.935571067806388 ], [ -79.423621956005547, -1.938026717230325 ], [ -79.427910600308508, -1.939981634744144 ], [ -79.43274993972841, -1.938193213601331 ], [ -79.432273696083911, -1.939690237437946 ], [ -79.436445630366848, -1.938891204629102 ], [ -79.437162744678375, -1.940732189429581 ], [ -79.438334827833543, -1.938604186609104 ], [ -79.440016867507509, -1.939069871503968 ], [ -79.440306119639104, -1.937110800603317 ], [ -79.442907995536444, -1.938235860960589 ], [ -79.442499832512382, -1.935573396706687 ], [ -79.446556208415487, -1.93492755589827 ], [ -79.451753336931588, -1.92857997569136 ], [ -79.452939334092193, -1.929512625739926 ], [ -79.45556260067309, -1.926824776670282 ], [ -79.453609979452395, -1.925387557060688 ], [ -79.455639774040833, -1.916697438268802 ], [ -79.459882317701741, -1.915606514703682 ], [ -79.463950748097645, -1.918246388008062 ], [ -79.465738163747687, -1.913858901450331 ], [ -79.46758175105245, -1.914611111548026 ], [ -79.467000752167721, -1.912371498347614 ], [ -79.468772856932091, -1.910321384263015 ], [ -79.471077740813342, -1.911371005393994 ], [ -79.471564677104695, -1.90981660777864 ], [ -79.476031472599857, -1.910061886682124 ], [ -79.474804811401285, -1.908537793694073 ], [ -79.477779675889437, -1.908705402644432 ], [ -79.480132880149824, -1.904401119539603 ], [ -79.481635810129191, -1.904646456675474 ], [ -79.485402776695523, -1.901083564289022 ], [ -79.486406306258985, -1.897828791882361 ], [ -79.484481612762153, -1.896172138827668 ], [ -79.487218809975587, -1.894178264956771 ], [ -79.484799816697048, -1.892342652966753 ], [ -79.487778980522151, -1.890858523639934 ], [ -79.488873503135679, -1.884116364130483 ], [ -79.4929973937206, -1.886303995570645 ], [ -79.497659990506662, -1.88471856080289 ], [ -79.498857747512645, -1.887385059755868 ], [ -79.502464937925922, -1.886939240541385 ], [ -79.506262929607217, -1.883584550830739 ], [ -79.516193140319871, -1.881487616659148 ], [ -79.520011344993378, -1.882159695093144 ], [ -79.52197538739459, -1.880294118753804 ], [ -79.524505714276174, -1.885130369922411 ], [ -79.532482275197125, -1.882876292182389 ], [ -79.538237805476996, -1.885081071023447 ], [ -79.541369244522542, -1.882301806413782 ], [ -79.549713078952436, -1.885925790661465 ], [ -79.555648421409458, -1.885454581368692 ], [ -79.558149875539513, -1.88985454721917 ], [ -79.561019856328343, -1.890330937573316 ], [ -79.563207623252765, -1.887498288425078 ], [ -79.564090589921946, -1.898520452675463 ], [ -79.572167943614389, -1.898766184791221 ], [ -79.573600610965485, -1.900576693173933 ], [ -79.576949730668986, -1.900952252599075 ], [ -79.580490599363159, -1.904999424297819 ], [ -79.589405967129636, -1.906473850434257 ], [ -79.591724012228127, -1.904862530268286 ], [ -79.597186044040043, -1.907982476758249 ], [ -79.599769060706322, -1.906127152578716 ], [ -79.602379780517637, -1.906395692679196 ], [ -79.603271487794544, -1.904183770087808 ], [ -79.606131515250013, -1.905392328615156 ], [ -79.609428211070167, -1.903197151767299 ], [ -79.609873575126798, -1.907282419778548 ], [ -79.613140661576864, -1.905331417906959 ], [ -79.613134561117761, -1.909785280274624 ], [ -79.617431760975492, -1.910463237393419 ], [ -79.621722042907237, -1.913883706260166 ], [ -79.623139994955665, -1.919157079648995 ], [ -79.627890737132361, -1.922199625988401 ], [ -79.632247419834954, -1.920394784035476 ], [ -79.637073215355315, -1.923828648117528 ], [ -79.639661290434944, -1.921453184066289 ], [ -79.645982500629017, -1.924396936841231 ], [ -79.648971843264604, -1.921462451263017 ], [ -79.652924413446726, -1.920877340184972 ], [ -79.656488820696296, -1.923058307223216 ], [ -79.660980104266102, -1.919743385404813 ], [ -79.661071178164548, -1.914880051644789 ], [ -79.665872962615694, -1.909993544914641 ], [ -79.666072713798911, -1.906823776772964 ], [ -79.669503309800362, -1.905197104234754 ], [ -79.669663408448613, -1.900949794365423 ], [ -79.673997316163792, -1.895339882379621 ], [ -79.672382949275132, -1.890513371402755 ], [ -79.683731160545221, -1.879957032338015 ], [ -79.683032217355247, -1.876536770290862 ], [ -79.685727393176322, -1.86802436031411 ], [ -79.698225297991428, -1.869088491820406 ], [ -79.700688897115413, -1.86585627800488 ], [ -79.703980328808001, -1.865881982237253 ], [ -79.705494932394473, -1.862776576228384 ], [ -79.708569135281678, -1.861024253641759 ], [ -79.709790067923677, -1.85405764740662 ], [ -79.71720654633296, -1.850640349977719 ], [ -79.726896751456181, -1.850191657302628 ], [ -79.731238181663556, -1.846080731857012 ], [ -79.73147479880771, -1.840089640920057 ], [ -79.719182855229391, -1.827664017509208 ], [ -79.72053101536676, -1.825770722485529 ], [ -79.728517485603589, -1.82546749743827 ], [ -79.730121189489822, -1.808934182288477 ], [ -79.736880682321114, -1.806461020436155 ], [ -79.738768778453277, -1.797113226552565 ], [ -79.748528724283574, -1.787096040871119 ], [ -79.744245954064255, -1.747063869372959 ], [ -79.748235867212756, -1.738455540953447 ], [ -79.77104961332229, -1.724082761327981 ], [ -79.785707055503991, -1.727737016930322 ], [ -79.788089797269251, -1.725778163791845 ], [ -79.788572186288619, -1.721765464291582 ], [ -79.799828190884682, -1.715709473901279 ], [ -79.801470924773383, -1.712790932610308 ], [ -79.809590808304634, -1.710734742733107 ], [ -79.814245363372294, -1.707678239806506 ], [ -79.825717633779732, -1.707685495868277 ], [ -79.827493356958058, -1.699661216752979 ], [ -79.832131443211608, -1.69254505341401 ], [ -79.839868058730261, -1.68530320271179 ], [ -79.836824676142129, -1.682072178693685 ], [ -79.827801594983185, -1.680353232689414 ], [ -79.827048104292544, -1.674875385895913 ], [ -79.822583143157175, -1.673567827487471 ], [ -79.825314738476493, -1.665686421898675 ], [ -79.829004123839965, -1.664512480171037 ], [ -79.834349689973607, -1.666167286161271 ], [ -79.836946169691046, -1.65537178423725 ], [ -79.844050631761107, -1.651789282615787 ], [ -79.844292922664593, -1.648314584337074 ], [ -79.848090948481882, -1.644802626944145 ], [ -79.852656808389952, -1.644084644234829 ], [ -79.859405814288621, -1.648790862531482 ], [ -79.862105504143997, -1.646375215636031 ], [ -79.863421076097808, -1.643749688992102 ], [ -79.862608176224171, -1.640901989781416 ], [ -79.85630650798079, -1.629461804612176 ], [ -79.861198977359862, -1.61994852371041 ], [ -79.862761635424135, -1.613782303495726 ], [ -79.861677575488727, -1.610245367490461 ], [ -79.866310476666456, -1.609781899469846 ], [ -79.871170567169415, -1.601161123144596 ], [ -79.865654961630582, -1.597834269596457 ], [ -79.865078843292792, -1.59371367642901 ], [ -79.867705847763574, -1.59100401912314 ], [ -79.864650493327659, -1.583765047535443 ], [ -79.860119498832404, -1.579732980896076 ], [ -79.857783270035924, -1.580437787888096 ], [ -79.853325722696596, -1.578652199031789 ], [ -79.85623001823096, -1.569425320867001 ], [ -79.853749846986631, -1.567023104508802 ], [ -79.854726940029593, -1.565320552962956 ], [ -79.856779163754055, -1.566180110077535 ], [ -79.856483803078518, -1.564077480591147 ], [ -79.859472546537816, -1.562339300143117 ], [ -79.864580305259565, -1.564504235049217 ], [ -79.866530797473033, -1.559446502459416 ], [ -79.865962474715275, -1.555948191130268 ], [ -79.868461087474088, -1.558024473838679 ], [ -79.870619079738418, -1.55730492069229 ], [ -79.871459804927966, -1.554665798556882 ], [ -79.867971702375286, -1.543302283768577 ], [ -79.87461832189112, -1.542355584492037 ], [ -79.874470693655638, -1.536823868393016 ], [ -79.873453873517562, -1.536070476189649 ], [ -79.872786876215741, -1.538011932337778 ], [ -79.870711343006278, -1.538107230802094 ], [ -79.870818220067221, -1.534370566784217 ], [ -79.867064302428702, -1.531659260526115 ], [ -79.870372078069565, -1.530602693614772 ], [ -79.868727619415509, -1.528097128707611 ], [ -79.870950742232878, -1.527087496510322 ], [ -79.867788893418336, -1.525924815568827 ], [ -79.877939224613243, -1.523185957049833 ], [ -79.871659866029958, -1.520905292707092 ], [ -79.876543734938508, -1.515013490208118 ], [ -79.873486638669235, -1.514098511141761 ], [ -79.875424955117339, -1.5099669731786 ], [ -79.869804996783529, -1.504057508636605 ], [ -79.873354000620907, -1.497462704035651 ], [ -79.869816739560918, -1.496896605693731 ], [ -79.866673037613438, -1.49420761300192 ], [ -79.868036630807396, -1.493155510723218 ], [ -79.871605164917355, -1.494458204425769 ], [ -79.87300775846937, -1.491320107204265 ], [ -79.869032125838942, -1.487029456727808 ], [ -79.864794098907296, -1.490359109496576 ], [ -79.86183686205996, -1.487170773398375 ], [ -79.867325634921258, -1.48570532485044 ], [ -79.869477028161512, -1.483047145534769 ], [ -79.869216726036569, -1.479737676327462 ], [ -79.867473038577913, -1.480073168686662 ], [ -79.866746577295856, -1.478581777140113 ], [ -79.867557389484773, -1.474054588285808 ], [ -79.86986103728421, -1.473897469253161 ], [ -79.870478193359119, -1.469380403233402 ], [ -79.865761859352759, -1.46802543897812 ], [ -79.86793315656476, -1.464746805269427 ], [ -79.870138247499426, -1.464814048239219 ], [ -79.871423689060279, -1.458171407625086 ], [ -79.865705986837042, -1.456842475729822 ], [ -79.867024952625997, -1.454093820956878 ], [ -79.864171066053771, -1.45115343494105 ], [ -79.86656189085997, -1.449098836736522 ], [ -79.868265086757177, -1.45088542769506 ], [ -79.870321262170563, -1.449410135423866 ], [ -79.864991943865476, -1.445727961342849 ], [ -79.868111011312919, -1.444912860389375 ], [ -79.866302134910725, -1.441513756362238 ], [ -79.868114838136023, -1.434981702176828 ], [ -79.861614545196815, -1.435438149241101 ], [ -79.86741693250022, -1.429082762674027 ], [ -79.866823663527015, -1.428159686682691 ], [ -79.865050343342091, -1.430558937400624 ], [ -79.862619751016595, -1.429868186509122 ], [ -79.862496338666219, -1.426294451200668 ], [ -79.865030710661543, -1.421560069117166 ], [ -79.861898450555842, -1.422926388955227 ], [ -79.85958646279731, -1.418964848664724 ], [ -79.856522224023223, -1.419506490538594 ], [ -79.857157107451954, -1.416952556096343 ], [ -79.854281174426049, -1.416614227359958 ], [ -79.855210149210819, -1.412618979027683 ], [ -79.851511679184895, -1.415710343804942 ], [ -79.85227944051212, -1.412462999856273 ], [ -79.847650844061263, -1.409884539281519 ], [ -79.847945831935945, -1.407920430584638 ], [ -79.854379319862417, -1.409905562475717 ], [ -79.851509978674059, -1.407131395447154 ], [ -79.85450662461291, -1.405796161114317 ], [ -79.851993742115795, -1.402677616385552 ], [ -79.849296638510125, -1.403104848308478 ], [ -79.851438587761791, -1.397451433964951 ], [ -79.849754333740648, -1.395426504350842 ], [ -79.847386480652929, -1.398593156366793 ], [ -79.84537155138581, -1.396083589559341 ], [ -79.847230886157504, -1.391633961860588 ], [ -79.844047470589615, -1.388452461084602 ], [ -79.846713194245794, -1.389262465710395 ], [ -79.847894352181939, -1.386605725152125 ], [ -79.845125832511201, -1.386311075093817 ], [ -79.846416270501678, -1.383289864324591 ], [ -79.844389380166547, -1.380614409697517 ], [ -79.84221130786068, -1.379088359561001 ], [ -79.839382379182013, -1.380148397495898 ], [ -79.838662819656264, -1.377618603064007 ], [ -79.83657720465439, -1.377638442908946 ], [ -79.83293625106117, -1.369689856082985 ], [ -79.830430590120628, -1.36821239833574 ], [ -79.829272409292813, -1.369848194587869 ], [ -79.826442103496831, -1.369167549627126 ], [ -79.827489544507998, -1.366081382017472 ], [ -79.824531751603487, -1.366616358074208 ], [ -79.824587502846654, -1.364708197649823 ], [ -79.822653815417212, -1.364682703508902 ], [ -79.821234017330866, -1.361529259935489 ], [ -79.822808711921653, -1.359786312008711 ], [ -79.820234335251783, -1.359378968871354 ], [ -79.82027947289987, -1.357114150372035 ], [ -79.817815561162163, -1.357616543097323 ], [ -79.815867800725471, -1.355137340701956 ], [ -79.813173842121614, -1.355047330435979 ], [ -79.811552613002476, -1.351422899195212 ], [ -79.808595112050455, -1.350872986738552 ], [ -79.810621757145512, -1.350427181537298 ], [ -79.809906052290671, -1.347407163155609 ], [ -79.803027763551256, -1.344780384323185 ], [ -79.805530005503812, -1.343027336365411 ], [ -79.80274297335167, -1.339965118411586 ], [ -79.804202221852037, -1.338276846607788 ], [ -79.802422202930018, -1.336864534638904 ], [ -79.804524407120255, -1.335871618417074 ], [ -79.803786931594502, -1.332519638381931 ], [ -79.801903988198816, -1.333753720605782 ], [ -79.800121439620966, -1.332936130177814 ], [ -79.799804372054908, -1.331275183696961 ], [ -79.801496417164515, -1.330058010053193 ], [ -79.798337150108111, -1.328479481462872 ], [ -79.799869896070064, -1.326612511904247 ], [ -79.797701741164929, -1.319784207653516 ], [ -79.796664619999731, -1.321316574370284 ], [ -79.794103921078388, -1.319141009331055 ], [ -79.793207343136032, -1.312870629074227 ], [ -79.79153672823584, -1.311617671398118 ], [ -79.79246981460966, -1.308312310337202 ], [ -79.789301827606792, -1.30624309560482 ], [ -79.789442970904233, -1.304829408417322 ], [ -79.792260728134011, -1.306540258295021 ], [ -79.791782506399244, -1.304154176134719 ], [ -79.793392558679614, -1.304069319902038 ], [ -79.792258905452314, -1.301515034239104 ], [ -79.789938634328536, -1.301754391449358 ], [ -79.78980234732353, -1.300156766958853 ], [ -79.787318243254873, -1.30002989462752 ], [ -79.787588153760083, -1.298645035162977 ], [ -79.785112056375567, -1.297380016302588 ], [ -79.785702797489563, -1.296373222406689 ], [ -79.788578446647833, -1.297837886037166 ], [ -79.790188937306041, -1.294550769472491 ], [ -79.787873776697936, -1.294644506298946 ], [ -79.788392519638549, -1.292713983561579 ], [ -79.785040421121536, -1.292694504960123 ], [ -79.782182531656431, -1.290375090032404 ], [ -79.782115610761025, -1.292382714399954 ], [ -79.780375349476856, -1.29285029514974 ], [ -79.775481566760845, -1.29020025933723 ], [ -79.777311747608309, -1.288115095001101 ], [ -79.774370438789305, -1.288315338143399 ], [ -79.775992108082903, -1.285319949982634 ], [ -79.775175525116595, -1.282013284678189 ], [ -79.777440625308856, -1.283014887905755 ], [ -79.777016472272749, -1.281070159340544 ], [ -79.778774227348748, -1.28083250835131 ], [ -79.780481853736944, -1.276761143242683 ], [ -79.777498213606791, -1.277374198008937 ], [ -79.7778504915387, -1.274156117557046 ], [ -79.775762250761261, -1.275441397228349 ], [ -79.774559424562128, -1.272096734317391 ], [ -79.772427950565003, -1.273593551935461 ], [ -79.773151340507113, -1.270276073745157 ], [ -79.769844212551547, -1.270275530397938 ], [ -79.769102372111831, -1.268345665558403 ], [ -79.767301237390754, -1.270072569111682 ], [ -79.764050007103762, -1.268763040894155 ], [ -79.766165598886673, -1.265492931977501 ], [ -79.76340501942471, -1.265760661619 ], [ -79.764138112070185, -1.25978439918179 ], [ -79.766109985085748, -1.259000164491692 ], [ -79.766899328437688, -1.260629841699853 ], [ -79.768150586407046, -1.258448418567091 ], [ -79.771114626196038, -1.25759438322932 ], [ -79.76838470982797, -1.256111281138052 ], [ -79.7680766272114, -1.254048216643607 ], [ -79.766222554770621, -1.254106013876357 ], [ -79.765306619930527, -1.250684444240028 ], [ -79.764352032380373, -1.25264657835017 ], [ -79.763326566855994, -1.250342114954635 ], [ -79.759596906425102, -1.252856447388824 ], [ -79.757724544285139, -1.251886712383505 ], [ -79.759125514581427, -1.250659441998507 ], [ -79.7580334605383, -1.246832303629841 ], [ -79.755268541315189, -1.247215184494985 ], [ -79.752366520315135, -1.24429601219301 ], [ -79.754128003399558, -1.243304903651411 ], [ -79.754443207859723, -1.239573705457882 ], [ -79.756903480522197, -1.237242363799278 ], [ -79.758685537721576, -1.237794526403587 ], [ -79.759027011615586, -1.234743068756468 ], [ -79.75584533698273, -1.232749624998726 ], [ -79.757212062602079, -1.235549370863554 ], [ -79.754639158270948, -1.234483970350753 ], [ -79.75488607819311, -1.236861853387119 ], [ -79.752404819987262, -1.237183191196556 ], [ -79.754263411852222, -1.230665691769455 ], [ -79.752773531699006, -1.224277994658183 ], [ -79.749010178156738, -1.223247213606183 ], [ -79.74556907186647, -1.219160364673312 ], [ -79.747506097435505, -1.218420150600345 ], [ -79.746792681488017, -1.21584812495182 ], [ -79.749029280831266, -1.216348487923876 ], [ -79.74749391089037, -1.213485992346452 ], [ -79.74872154855764, -1.214279016850257 ], [ -79.749749667705373, -1.212776045855537 ], [ -79.74533158515311, -1.209584197828769 ], [ -79.750002861461468, -1.206413889159941 ], [ -79.748119295533286, -1.207006433803685 ], [ -79.746646268673103, -1.204578859405411 ], [ -79.748876748692652, -1.204492910528019 ], [ -79.748947472156644, -1.201934919130305 ], [ -79.746867159011586, -1.200051206557712 ], [ -79.749219449685327, -1.200256561288322 ], [ -79.74870278993788, -1.196567479982132 ], [ -79.7470287021508, -1.195787186556551 ], [ -79.748492488939974, -1.191853654085345 ], [ -79.743753729390846, -1.193134176653484 ], [ -79.745221934992898, -1.190744454749295 ], [ -79.740221377623897, -1.185372610917647 ], [ -79.741124391995271, -1.18304946560636 ], [ -79.738229994997013, -1.18260453414447 ], [ -79.73644318750641, -1.18033764774022 ], [ -79.734413216848168, -1.181230515545071 ], [ -79.732292704094135, -1.177481996910184 ], [ -79.730834470690041, -1.177929305631571 ], [ -79.729508283344529, -1.18204260129012 ], [ -79.728930493241975, -1.179213242126199 ], [ -79.725492744854236, -1.182633227407927 ], [ -79.723014083677882, -1.18020528751168 ], [ -79.72164173640148, -1.182858147268926 ], [ -79.71887974029633, -1.181221865709112 ], [ -79.719646782971338, -1.179324242295201 ], [ -79.717682362379392, -1.178971457875055 ], [ -79.713380974575799, -1.17373357202859 ], [ -79.715793176590793, -1.173291882215285 ], [ -79.715782984305577, -1.169045829406975 ], [ -79.717743496327728, -1.1708588193506 ], [ -79.71888487776144, -1.165834447685111 ], [ -79.716584417184635, -1.164612839751313 ], [ -79.714919410466763, -1.160139792761517 ], [ -79.716728167393029, -1.155134640016904 ], [ -79.715138765584413, -1.154761967003388 ], [ -79.715384791682865, -1.153000674065722 ], [ -79.709363650234721, -1.153489981589937 ], [ -79.707728255581884, -1.156269522097501 ], [ -79.70776048713428, -1.154152218264245 ], [ -79.704628862137469, -1.156209989393002 ], [ -79.702133079071814, -1.153375139984087 ], [ -79.700122003577263, -1.155886942831562 ], [ -79.698619811114753, -1.15308178000116 ], [ -79.696960925517232, -1.152985027683777 ], [ -79.697396457513065, -1.15106880912717 ], [ -79.695109414173345, -1.150645422437628 ], [ -79.69700600387651, -1.148122533780588 ], [ -79.694228409424738, -1.147108377595521 ], [ -79.691533709710782, -1.151324892268996 ], [ -79.689098343737882, -1.152396450267009 ], [ -79.690116796114808, -1.150899382428554 ], [ -79.687303083100446, -1.149892077300194 ], [ -79.687903663461739, -1.147251273605107 ], [ -79.686430652771236, -1.145904071374162 ], [ -79.687696412244222, -1.144961930535242 ], [ -79.685531778734997, -1.144129141960191 ], [ -79.687377767236526, -1.141409877091421 ], [ -79.685570432343368, -1.139367877388253 ], [ -79.683598442546824, -1.139571267842485 ], [ -79.682813288937368, -1.137298114782376 ], [ -79.68502706747914, -1.134770139916345 ], [ -79.682369003757401, -1.13535806530709 ], [ -79.681486629078009, -1.13306406760127 ], [ -79.685087370485846, -1.128792357876174 ], [ -79.683767500093396, -1.122813750728059 ], [ -79.680974595654263, -1.121548253780225 ], [ -79.67898646043713, -1.124513746837601 ], [ -79.677619978261205, -1.121293069734471 ], [ -79.675426310303706, -1.122521047771944 ], [ -79.67381280849267, -1.118102096107029 ], [ -79.671684881044257, -1.119225546802448 ], [ -79.672904677317433, -1.115934904686358 ], [ -79.668716895854558, -1.11310193514692 ], [ -79.665451339235418, -1.116261275258072 ], [ -79.66750993920175, -1.117016031147964 ], [ -79.668031623226582, -1.119286510115207 ], [ -79.66531383501318, -1.120267762676371 ], [ -79.66322353080551, -1.11829375648948 ], [ -79.66205453965155, -1.121681182561348 ], [ -79.660066880541535, -1.121628324142333 ], [ -79.657309599693278, -1.118780734716101 ], [ -79.652254081598585, -1.117939170042566 ], [ -79.649245951597123, -1.111309701786344 ], [ -79.647266967517794, -1.112169548321807 ], [ -79.646261567661924, -1.10975739828027 ], [ -79.6420096195383, -1.1092562987943 ], [ -79.640996606460391, -1.10660383348665 ], [ -79.642277667835941, -1.105910623219246 ], [ -79.640793517137595, -1.104657145219575 ], [ -79.642706577451492, -1.103899381867032 ], [ -79.642569052568021, -1.102413097416453 ], [ -79.640654244132563, -1.102079621856148 ], [ -79.6426252996812, -1.10083998452214 ], [ -79.640545517440472, -1.092781352574531 ], [ -79.637294262000637, -1.091244265795717 ], [ -79.636298961005195, -1.087951005142264 ], [ -79.634570657195781, -1.088928827221945 ], [ -79.632168192918471, -1.087237622515741 ], [ -79.632347183137142, -1.083062703724255 ], [ -79.630845429052485, -1.083210876807785 ], [ -79.630685599000515, -1.084946466957284 ], [ -79.626479493702476, -1.080963872421043 ], [ -79.624024414200662, -1.080803086430609 ], [ -79.622869955093051, -1.078974994621527 ], [ -79.626166798236909, -1.077358906169479 ], [ -79.622254839990461, -1.075892670752061 ], [ -79.622088847495618, -1.072359323008947 ], [ -79.618903274174414, -1.07054277196877 ], [ -79.618689734749921, -1.068234947489625 ], [ -79.620438392587062, -1.067698150047529 ], [ -79.618096363368792, -1.065140973551792 ], [ -79.616547205186578, -1.06583994408633 ], [ -79.616992692312408, -1.064074921143927 ], [ -79.613632179276138, -1.065670450538583 ], [ -79.61183905842573, -1.063381342765355 ], [ -79.611971449437348, -1.064709236063473 ], [ -79.61056881546115, -1.064083875802805 ], [ -79.60797929589053, -1.066811408903802 ], [ -79.610506583771524, -1.068587491105936 ], [ -79.608375992818324, -1.069830842971891 ], [ -79.603610389811877, -1.069286568636278 ], [ -79.602461215493094, -1.071291651031535 ], [ -79.601815313329084, -1.069954025433964 ], [ -79.600107209037134, -1.070442076725103 ], [ -79.600021789135084, -1.072738619578751 ], [ -79.59454017854155, -1.070937711089643 ], [ -79.594096432350767, -1.069258119454537 ], [ -79.59173157783944, -1.070739301612797 ], [ -79.58996958630857, -1.068239839762566 ], [ -79.585100221598594, -1.069500047515317 ], [ -79.580695384705194, -1.066726193318523 ], [ -79.577505636014564, -1.067899365570488 ], [ -79.575189203392, -1.063587237986607 ], [ -79.56622026908515, -1.067385941770247 ], [ -79.562139612618211, -1.063008044754277 ], [ -79.560535420048453, -1.065204693516709 ], [ -79.55794104867698, -1.064680952999038 ], [ -79.557985457791375, -1.061354190990475 ], [ -79.555653098038832, -1.062581020515398 ], [ -79.553584290515929, -1.061084906993307 ], [ -79.553264180355995, -1.064274869599438 ], [ -79.551659699427034, -1.064207980905684 ], [ -79.550741622104979, -1.061423513762752 ], [ -79.548035442819995, -1.06119148729519 ], [ -79.548291973817371, -1.057728905937081 ], [ -79.54623147121923, -1.057906628881958 ], [ -79.54602984255709, -1.059437370768903 ], [ -79.544574195402717, -1.057578426937891 ], [ -79.543490677151425, -1.058693246389609 ], [ -79.540673591861463, -1.057965267194495 ], [ -79.541020548173634, -1.056550185466442 ], [ -79.535273760298125, -1.050592572331509 ], [ -79.534876443532795, -1.045371853417678 ], [ -79.532483012713968, -1.043721304527093 ], [ -79.533802942395226, -1.035766698647827 ], [ -79.532740372856352, -1.030265658787758 ], [ -79.535590854813634, -1.027661445072789 ], [ -79.535080317983159, -1.025498902356541 ], [ -79.537011210753761, -1.026526426440437 ], [ -79.538550377873364, -1.024345580911797 ], [ -79.536617032702026, -1.022184809846909 ], [ -79.540177219666376, -1.017635755993973 ], [ -79.539842923311497, -1.01455611305905 ], [ -79.537185454274464, -1.015598041963418 ], [ -79.53609183087454, -1.010708564038719 ], [ -79.532326318680646, -1.012161038376793 ], [ -79.529932098242696, -1.008488140463583 ], [ -79.526932159978315, -1.009866713894202 ], [ -79.525390214369551, -1.007916057902964 ], [ -79.523846423621194, -1.00307948456385 ], [ -79.525876114903355, -1.000956842257119 ], [ -79.523616940897014, -0.995476445292555 ], [ -79.528486081028163, -0.989492666107672 ], [ -79.523502979721755, -0.983612817450437 ], [ -79.525565287035278, -0.979375812015242 ], [ -79.520981787808282, -0.973611483676777 ], [ -79.516275603866319, -0.973500732002409 ], [ -79.514237268994464, -0.969222813990174 ], [ -79.508207709433819, -0.968110184960652 ], [ -79.506812624899254, -0.961339731333886 ], [ -79.507222188396852, -0.944833504688884 ], [ -79.512828214758926, -0.940814407799644 ], [ -79.521839290832418, -0.926108211290751 ], [ -79.52641438901486, -0.921966924466908 ], [ -79.527605868593639, -0.913885229830928 ], [ -79.522611938994814, -0.905264327489929 ], [ -79.523238137511385, -0.898715216056082 ], [ -79.520842251596889, -0.896723670970895 ], [ -79.520882818616798, -0.892368535119067 ], [ -79.518633733589411, -0.891526215986274 ], [ -79.519053326777154, -0.885677862832617 ], [ -79.512691530698575, -0.875707992613243 ], [ -79.511636270751154, -0.864327447119706 ], [ -79.508349963048943, -0.862012704621023 ], [ -79.505025879392406, -0.854055844044788 ], [ -79.504359110262655, -0.849010205960989 ], [ -79.505526947979789, -0.847092860520988 ], [ -79.502913719173876, -0.839758946846221 ], [ -79.519838707660384, -0.851616322344402 ], [ -79.524923041014475, -0.861438666134315 ], [ -79.527986904292746, -0.854689088605567 ], [ -79.535637915754734, -0.847370240732495 ], [ -79.533072188962748, -0.83651547651665 ], [ -79.53770100819581, -0.836515554661735 ], [ -79.541508211202029, -0.838623264878711 ], [ -79.540870244755254, -0.844292436835498 ], [ -79.542329772631646, -0.845361862832169 ], [ -79.542420515051745, -0.849374410345121 ], [ -79.544775824064857, -0.842831313821958 ], [ -79.548565277259399, -0.839558014397213 ], [ -79.551071962279337, -0.842621756840596 ], [ -79.559557065770832, -0.841845524729589 ], [ -79.559462148879604, -0.844080576004126 ], [ -79.56365738007112, -0.846563475573479 ], [ -79.57008311553669, -0.84702994310673 ], [ -79.576547695053463, -0.844257380294529 ], [ -79.577393551419931, -0.846776915335171 ], [ -79.580150208837367, -0.846806339133476 ], [ -79.581409698967988, -0.850235222394312 ], [ -79.584063556777579, -0.848361001849201 ], [ -79.593753299268428, -0.851186832229203 ], [ -79.595125530662145, -0.855051474465189 ], [ -79.600076053666456, -0.855763598315155 ], [ -79.600556613715895, -0.858976321914453 ], [ -79.604230504937334, -0.856765239146301 ], [ -79.609695519156006, -0.851632553108505 ], [ -79.609257267061494, -0.842861558621483 ], [ -79.607880988757429, -0.836792881732587 ], [ -79.599296184845812, -0.821774662963574 ], [ -79.604443860207212, -0.809073092174372 ], [ -79.605706765732535, -0.798552746349179 ], [ -79.601029826444631, -0.791404619880992 ], [ -79.599997354061031, -0.786974105448819 ], [ -79.601323830664086, -0.784279090469832 ], [ -79.59790459026614, -0.782009482557069 ], [ -79.596804370537086, -0.777370553846478 ], [ -79.599382180567957, -0.765789643050878 ], [ -79.596955926206974, -0.759971836273468 ], [ -79.597684947687583, -0.754515381680331 ], [ -79.603753336926403, -0.75248960797259 ], [ -79.597015210524148, -0.740018092682624 ], [ -79.591447147864301, -0.740340042674855 ], [ -79.587629127345409, -0.730902798586324 ], [ -79.577637053252431, -0.722354187198411 ], [ -79.577262418948024, -0.716499214167953 ], [ -79.582757230284656, -0.712616782761043 ], [ -79.576209747046946, -0.700333300917394 ], [ -79.574004581552117, -0.700652136792306 ], [ -79.572815255235071, -0.711363798858961 ], [ -79.565379787339012, -0.710012592281837 ], [ -79.563131608711728, -0.721196204259974 ], [ -79.555728403809084, -0.717057050356029 ], [ -79.553785505054734, -0.720058128816403 ], [ -79.554045628414912, -0.724161228091008 ], [ -79.552609350734684, -0.722116219929004 ], [ -79.541176275619719, -0.718620931349546 ], [ -79.542377669005958, -0.714677006960344 ], [ -79.537598632592776, -0.717090259369408 ], [ -79.536206030103358, -0.716291376428246 ], [ -79.533678824867351, -0.705031010777807 ], [ -79.536739295208832, -0.698622462990847 ], [ -79.535401991211671, -0.694539367540507 ], [ -79.539208075815381, -0.693997536355076 ], [ -79.537461311626856, -0.689552301955351 ], [ -79.538490574329956, -0.688345916713529 ], [ -79.54059803546123, -0.689261650628675 ], [ -79.541897244602126, -0.687281043373545 ], [ -79.541159041440991, -0.68396237612536 ], [ -79.535715854487108, -0.680773001857263 ], [ -79.538549412184437, -0.677867437320959 ], [ -79.538644526705014, -0.674700152460973 ], [ -79.542511245793776, -0.671754945259006 ], [ -79.543162440831438, -0.665329428942704 ], [ -79.540786715806874, -0.659466145040277 ], [ -79.532053028713335, -0.659451304058208 ], [ -79.533497967949515, -0.656448178063228 ], [ -79.531897350674598, -0.653789193117213 ], [ -79.528919297167192, -0.653895786555961 ], [ -79.525238011014338, -0.656994402315188 ], [ -79.526913933161211, -0.651887174400948 ], [ -79.521969347122621, -0.651755618353038 ], [ -79.524740047902895, -0.649731448422387 ], [ -79.5255838201779, -0.646484927305483 ], [ -79.521990877943352, -0.644394163775423 ], [ -79.519773847500232, -0.646652916838049 ], [ -79.517577012083038, -0.646160167468145 ], [ -79.514650439227935, -0.643206683904229 ], [ -79.517241446408647, -0.640735608710914 ], [ -79.517006108465466, -0.638456022393971 ], [ -79.515382556303024, -0.637420435964369 ], [ -79.512893003952172, -0.638816833465902 ], [ -79.510877091928123, -0.634449539082636 ], [ -79.508502859005233, -0.636302727713418 ], [ -79.508119124766992, -0.631366030037983 ], [ -79.505019263300341, -0.625284566805996 ], [ -79.507165734671133, -0.62498539621694 ], [ -79.507772375965644, -0.626747957221655 ], [ -79.508963513286304, -0.625851332237975 ], [ -79.508272774409832, -0.622748242287748 ], [ -79.504851720313326, -0.621664461856195 ], [ -79.505195361842112, -0.618474383456634 ], [ -79.507125541350376, -0.617151343471612 ], [ -79.500585267092816, -0.607907052264877 ], [ -79.498067550761192, -0.609722027269971 ], [ -79.494214451928769, -0.604737732661678 ], [ -79.49412901406042, -0.60891772304496 ], [ -79.492146160937139, -0.606858268814484 ], [ -79.486082680093048, -0.609893991906009 ], [ -79.484964868655766, -0.608751105746785 ], [ -79.484695419884616, -0.605484840477102 ], [ -79.486995709781525, -0.606502671779971 ], [ -79.488081367819831, -0.604190298352659 ], [ -79.487875884486783, -0.601981297257581 ], [ -79.485566374281817, -0.602212529708237 ], [ -79.483385015938637, -0.599331755029971 ], [ -79.485718972895739, -0.598356077126961 ], [ -79.485708128433643, -0.593675803208589 ], [ -79.488594207032392, -0.590765916600501 ], [ -79.485982514345608, -0.587701971910959 ], [ -79.493166611167297, -0.583286028854637 ], [ -79.492301046661808, -0.578623816372253 ], [ -79.48993097293868, -0.578684201639207 ], [ -79.493630402365326, -0.571454237208978 ], [ -79.497183165652174, -0.568733646183493 ], [ -79.494940976991202, -0.566499698701705 ], [ -79.494639194259719, -0.561465407357103 ], [ -79.491197407046471, -0.556948986655047 ], [ -79.493174305237702, -0.553605561186759 ], [ -79.489780525789854, -0.550980804975156 ], [ -79.488205892284512, -0.545580273866355 ], [ -79.483365923145598, -0.543059972732942 ], [ -79.461107759886445, -0.548338777388477 ], [ -79.457698419821241, -0.552753214693878 ], [ -79.458818194975734, -0.555396987460972 ], [ -79.45749368388654, -0.555831366256455 ], [ -79.458357007993698, -0.562756942016888 ], [ -79.457208254984792, -0.564112727972443 ], [ -79.453872331532807, -0.558452838926833 ], [ -79.454100510801482, -0.554730827209197 ], [ -79.451943286596745, -0.549812554937392 ], [ -79.450559195644644, -0.550498384344305 ], [ -79.450136330792617, -0.548283749114077 ], [ -79.444022887449051, -0.546140411804989 ], [ -79.442163453862676, -0.547896984588776 ], [ -79.442360261266685, -0.545640931652138 ], [ -79.44048614561531, -0.544483229911861 ], [ -79.432668511939497, -0.545215279750461 ], [ -79.417019730332726, -0.538687012477353 ], [ -79.416373958424415, -0.546672896314239 ], [ -79.406534304180667, -0.542349159651469 ], [ -79.390759960555059, -0.543434788716784 ], [ -79.389611054832528, -0.545784108529155 ], [ -79.377566349179943, -0.545314785221608 ], [ -79.373431244027032, -0.54434016079687 ], [ -79.37262594929058, -0.539829787785125 ], [ -79.351173526332261, -0.540796917727568 ], [ -79.349902411103571, -0.543316529929631 ], [ -79.34649055485724, -0.543880058167815 ], [ -79.345154053953934, -0.555657454310524 ], [ -79.349397928918094, -0.555078623303994 ], [ -79.354871009109686, -0.557065639060169 ], [ -79.355701515962906, -0.558906346210883 ], [ -79.349670349316213, -0.571375207360676 ], [ -79.362068722594472, -0.572973862947319 ], [ -79.36621137539241, -0.577849545758456 ], [ -79.366542900444642, -0.580939423460838 ], [ -79.364823946300703, -0.586136889664983 ], [ -79.356767888968704, -0.588387703393045 ], [ -79.357330175946061, -0.597913722277422 ], [ -79.353032179282678, -0.603502284548791 ], [ -79.352963538113514, -0.610641060382953 ], [ -79.348408493921454, -0.614008264909124 ], [ -79.349023182324288, -0.628207586208442 ], [ -79.346467177100294, -0.628652945933019 ], [ -79.345516145980355, -0.630509217668398 ], [ -79.348273236385751, -0.632671562938394 ], [ -79.354064389358214, -0.633268315991879 ], [ -79.360641488254217, -0.640230767302385 ], [ -79.359749608500778, -0.645936072712529 ], [ -79.362579747210162, -0.648460116540672 ], [ -79.362875455533697, -0.655415670037673 ], [ -79.367783408275002, -0.651399700107436 ], [ -79.369602634167578, -0.652097741140914 ], [ -79.370147085993295, -0.655177843147017 ], [ -79.359459715870386, -0.669692643615268 ], [ -79.362140966906239, -0.676787337177257 ], [ -79.350915363096036, -0.685085884441137 ], [ -79.349554075877421, -0.689929770939294 ], [ -79.344238477541651, -0.690078508587536 ], [ -79.339644166191889, -0.693861916864122 ], [ -79.336718755756749, -0.692385477547333 ], [ -79.331051120237561, -0.693350020664414 ], [ -79.323150932285444, -0.69865904865235 ], [ -79.314613485758997, -0.697623982420867 ], [ -79.309851324198405, -0.693714179984374 ], [ -79.308777881451334, -0.695876966529004 ], [ -79.306429714044739, -0.694487525082748 ], [ -79.302514158943865, -0.699257073721063 ], [ -79.298228467403248, -0.700010677107925 ], [ -79.293494689012363, -0.699096749855384 ], [ -79.290302042356629, -0.693552468134698 ], [ -79.285548916051184, -0.696191407573961 ], [ -79.284532103099593, -0.687095589641122 ], [ -79.278079699348197, -0.679197619616282 ], [ -79.270003369735178, -0.673975680821117 ], [ -79.263249691698718, -0.661425165061044 ], [ -79.254305998254694, -0.658044946995927 ], [ -79.249720906314693, -0.652377214967682 ], [ -79.244159259422602, -0.651170660677589 ], [ -79.243130144941546, -0.647389186588611 ], [ -79.236819263576621, -0.645332038052927 ], [ -79.235671978414871, -0.643524270436628 ], [ -79.229165556270488, -0.643409573588198 ], [ -79.224325096651413, -0.640630092906504 ], [ -79.216389432432095, -0.64001719898651 ], [ -79.213177650762489, -0.635626861658743 ], [ -79.201896499626699, -0.628391657908538 ], [ -79.200058490859831, -0.623294113517783 ], [ -79.201191193669572, -0.621137303061929 ], [ -79.198143076061584, -0.619426568146813 ], [ -79.194919623479805, -0.612193798871054 ], [ -79.19663477415682, -0.608599776008877 ], [ -79.185752834333258, -0.600173376441141 ], [ -79.170164644092438, -0.593035982814011 ], [ -79.160038828819935, -0.585866429164158 ], [ -79.151891408331963, -0.575684146110932 ], [ -79.146338378080074, -0.565365823209303 ], [ -79.146489968784266, -0.562634346757614 ], [ -79.141401672063154, -0.557895334086924 ], [ -79.136786541358376, -0.549404915521846 ], [ -79.124922703403413, -0.54279251495853 ], [ -79.112691585651291, -0.541975617354451 ] ] ] } },
{ "type": "Feature", "properties": { "DPA_PROVIN": "20", "DPA_DESPRO": "GALAPAGOS", "AREA_KM2": 7988.5343472062777, "TOTPOP": 34007.0, "provincia": "Galápagos", "provincia_id": "GALAPAGOS", "zona": "CZ5", "fuente_cartografica": "GeoJSON usuario reproyectado EPSG:3857 a EPSG:4326 · v0.5.2" }, "geometry": { "type": "MultiPolygon", "coordinates": [ [ [ [ -91.344243250117543, 0.164347758704038 ], [ -91.340101236021752, 0.164094151866275 ], [ -91.342630082479758, 0.162466530656635 ], [ -91.340583813687317, 0.160341142195725 ], [ -91.338703392760962, 0.162466206366121 ], [ -91.338521110216774, 0.1601872353385 ], [ -91.336524415851613, 0.159924854637451 ], [ -91.337106648123225, 0.162665027891016 ], [ -91.334528118541797, 0.160946557605202 ], [ -91.337234061569859, 0.156126609705441 ], [ -91.329801231127462, 0.148800827792652 ], [ -91.328411647875711, 0.141656405563014 ], [ -91.325215140260894, 0.137541415124409 ], [ -91.320759162278364, 0.136094156072899 ], [ -91.320830099541411, 0.137785319596444 ], [ -91.319166231887323, 0.138309677282199 ], [ -91.316753821463166, 0.137576986510521 ], [ -91.314508367426171, 0.133814784380503 ], [ -91.311002807912573, 0.133778370371446 ], [ -91.311145631059588, 0.130522772152347 ], [ -91.309505721474139, 0.130260401886749 ], [ -91.302911047937911, 0.115003877689782 ], [ -91.30190131999899, 0.110228947717475 ], [ -91.303814994760543, 0.104079597790951 ], [ -91.299644039641251, 0.095822837055776 ], [ -91.296863425053516, 0.093408141016856 ], [ -91.29865779815546, 0.092069818286696 ], [ -91.298248218488183, 0.086472000339991 ], [ -91.2961570141686, 0.084274388523175 ], [ -91.293471142198925, 0.08491634368843 ], [ -91.293447966562908, 0.075230996242737 ], [ -91.286127932180847, 0.066350245554799 ], [ -91.28921802536712, 0.065201858916984 ], [ -91.288885217520658, 0.061665935819434 ], [ -91.283323832936631, 0.060707174344866 ], [ -91.276978336788872, 0.05386126970383 ], [ -91.273484900938328, 0.043787070806645 ], [ -91.268802745133584, 0.042041633919488 ], [ -91.262682897700344, 0.036380500835987 ], [ -91.257050372834016, 0.030086393876005 ], [ -91.25605225112858, 0.02570951756574 ], [ -91.249564050411408, 0.025420049867287 ], [ -91.24661724929274, 0.02338532461091 ], [ -91.240057861580866, 0.015997096862129 ], [ -91.240295359972308, 0.012379892141593 ], [ -91.237253138007532, 0.006402444831865 ], [ -91.2319770799173, 0.003698577821187 ], [ -91.225346328242637, 0.00364425849271 ], [ -91.223706520166814, 0.000488320595181 ], [ -91.220284227293519, -0.000271288520872 ], [ -91.215364679098528, -0.007596031849371 ], [ -91.212703016725754, -0.018935795938392 ], [ -91.207165163510595, -0.02022882100135 ], [ -91.205644464854913, -0.016828948459195 ], [ -91.198300972765836, -0.021621360515779 ], [ -91.196494741003846, -0.036478660625582 ], [ -91.193737604784374, -0.042908027331906 ], [ -91.194806858687286, -0.050612514727786 ], [ -91.190006137841422, -0.059591849160611 ], [ -91.190267045430872, -0.063724403399277 ], [ -91.188294782546478, -0.066572801220104 ], [ -91.186820723522032, -0.076980956889799 ], [ -91.188793398733139, -0.078102346188201 ], [ -91.185893669335357, -0.08160176141944 ], [ -91.186915224493291, -0.08538167857655 ], [ -91.184989861751575, -0.092751423105109 ], [ -91.186178046309905, -0.098032450540894 ], [ -91.18489412020692, -0.108440578617835 ], [ -91.188553167666598, -0.118849018424352 ], [ -91.185796510249162, -0.1223935937968 ], [ -91.190049606419706, -0.130460035772262 ], [ -91.188742634936418, -0.131174314935619 ], [ -91.1894553726559, -0.134357421021739 ], [ -91.187934353301657, -0.137178647709081 ], [ -91.193518054732309, -0.150191643290202 ], [ -91.191212796253552, -0.15237075902899 ], [ -91.191473578977167, -0.155526711587456 ], [ -91.189287268221833, -0.158447334716918 ], [ -91.189380807995732, -0.173141840013293 ], [ -91.187359920203335, -0.183378042814658 ], [ -91.184126759528283, -0.189906568398661 ], [ -91.184315838725922, -0.201372784671821 ], [ -91.179418488799911, -0.214122461814753 ], [ -91.176828116728089, -0.215153018945462 ], [ -91.176447412507315, -0.220488167388205 ], [ -91.173856293935501, -0.223019799424891 ], [ -91.171242474038124, -0.223001388592607 ], [ -91.165466804427908, -0.228408162603789 ], [ -91.164325567622967, -0.23230539291326 ], [ -91.159833652537515, -0.234411733442781 ], [ -91.156743283568431, -0.23828155921829 ], [ -91.155031404555672, -0.244095711444125 ], [ -91.150801109423682, -0.246084494117186 ], [ -91.149361703809632, -0.250252911919231 ], [ -91.14156568090462, -0.254917777434392 ], [ -91.141708085436719, -0.256400736576477 ], [ -91.136503066119147, -0.259655272898132 ], [ -91.135267022915755, -0.262693365184344 ], [ -91.128778593128189, -0.266680115941615 ], [ -91.122219265603448, -0.268116850488947 ], [ -91.115730474693137, -0.274599239163817 ], [ -91.115444322647591, -0.280748015596444 ], [ -91.112569017544075, -0.280485318120458 ], [ -91.109930745504656, -0.282881117589057 ], [ -91.11142724264829, -0.287067974100501 ], [ -91.110333288668329, -0.289509229966492 ], [ -91.111972652078094, -0.291923820062127 ], [ -91.111116790275986, -0.293903951464768 ], [ -91.104901786101323, -0.297619286367823 ], [ -91.09922178617056, -0.297998082839904 ], [ -91.100433572166324, -0.299218999798824 ], [ -91.09758126393406, -0.30244660212448 ], [ -91.097842367356222, -0.305412442630152 ], [ -91.101287928392011, -0.304716827676983 ], [ -91.10570790459289, -0.306155343281591 ], [ -91.109035456644747, -0.30441076161082 ], [ -91.110912686755213, -0.305631857510416 ], [ -91.109867190596631, -0.306897605188552 ], [ -91.094917221025796, -0.317013238126031 ], [ -91.082178419492521, -0.321604314311879 ], [ -91.069653039704463, -0.331891893491986 ], [ -91.064044251022878, -0.333156686636426 ], [ -91.062475135868354, -0.336628544935339 ], [ -91.058410880841876, -0.339593533820715 ], [ -91.051138279303458, -0.343561516849593 ], [ -91.042487583965766, -0.344735194003175 ], [ -91.037472534974597, -0.34987903337656 ], [ -91.037662525063922, -0.351361954362337 ], [ -91.026301561310063, -0.358484569467407 ], [ -91.02237946647395, -0.363529089963516 ], [ -91.01852950366019, -0.364703681750293 ], [ -91.01467851497037, -0.370543858637623 ], [ -91.007477256733509, -0.37461104062047 ], [ -91.006169593547455, -0.378390210951527 ], [ -90.999087404306536, -0.382213232616265 ], [ -90.995829483367316, -0.39139887287784 ], [ -90.993428724990721, -0.393405559751964 ], [ -90.991100391487294, -0.392998115991668 ], [ -90.990552897966012, -0.396135459829606 ], [ -90.988414186242636, -0.396207271233342 ], [ -90.987034138607626, -0.404263076313163 ], [ -90.983635555867934, -0.405265863099251 ], [ -90.981495555062125, -0.410554686060549 ], [ -90.978335118399229, -0.411060213467022 ], [ -90.975625283869334, -0.414359717160478 ], [ -90.973153586433071, -0.41495582626665 ], [ -90.973034118585133, -0.416773158250267 ], [ -90.969611954170929, -0.417875343002039 ], [ -90.970419247658882, -0.421844814406496 ], [ -90.963930628326793, -0.426888298668657 ], [ -90.964024919092267, -0.429067338753904 ], [ -90.961107933057875, -0.427384784627782 ], [ -90.960716690700494, -0.425278094182355 ], [ -90.956759875978648, -0.425295028755581 ], [ -90.958281410965839, -0.424002496360205 ], [ -90.955655523100958, -0.423992757092552 ], [ -90.956534810270739, -0.423043632076513 ], [ -90.955988833105664, -0.422311136980044 ], [ -90.955299272818834, -0.423269341110556 ], [ -90.953791017626472, -0.421759055468605 ], [ -90.952756669560571, -0.423223503128914 ], [ -90.952412382143081, -0.421677407109196 ], [ -90.949524336233893, -0.426188248390354 ], [ -90.948740635200238, -0.423674507067954 ], [ -90.948099120408074, -0.424117372467249 ], [ -90.949013607163934, -0.42589878417422 ], [ -90.946720187582343, -0.427444261326135 ], [ -90.948323833976403, -0.427661688893568 ], [ -90.947182990633564, -0.42852936177965 ], [ -90.949819429211459, -0.433114101324328 ], [ -90.94815614546232, -0.43340297419256 ], [ -90.95221966836182, -0.433087632322412 ], [ -90.95517723668749, -0.435421144064128 ], [ -90.951515747606877, -0.443476107469357 ], [ -90.953260638808004, -0.448539832759591 ], [ -90.954888509172022, -0.44847699932725 ], [ -90.956064320335614, -0.451108414287444 ], [ -90.954863389581732, -0.454001355602195 ], [ -90.951037081206039, -0.455049075360402 ], [ -90.945273099575985, -0.459965973973049 ], [ -90.944179174342125, -0.463527985622731 ], [ -90.945449816158671, -0.466159422014058 ], [ -90.942431342955061, -0.468852882219407 ], [ -90.941871132882625, -0.474603069356266 ], [ -90.944305906865779, -0.477379520558969 ], [ -90.941963747391796, -0.482152691615459 ], [ -90.944315572738219, -0.484477059002299 ], [ -90.944302497759253, -0.488717494999968 ], [ -90.946844249414653, -0.492226362000871 ], [ -90.94486970660607, -0.500625255113841 ], [ -90.942191277178523, -0.503508604420289 ], [ -90.946358391999979, -0.507669022911959 ], [ -90.946803482070422, -0.511358081843349 ], [ -90.950584467745074, -0.511802330449734 ], [ -90.950454840849588, -0.513438793277009 ], [ -90.953425127523047, -0.514343902943665 ], [ -90.948551432933428, -0.516738316605731 ], [ -90.951005024825136, -0.518456996699571 ], [ -90.948469008014527, -0.518193965476482 ], [ -90.949912619540726, -0.520355350840745 ], [ -90.947786616283665, -0.522822973673719 ], [ -90.949441707397426, -0.523691499636942 ], [ -90.950203988103127, -0.527154637013778 ], [ -90.948876923103583, -0.527380233954587 ], [ -90.948124160946634, -0.530842866244626 ], [ -90.951212444027604, -0.531377342671809 ], [ -90.947677126921903, -0.533184454951839 ], [ -90.949027744849886, -0.533031202710197 ], [ -90.950999117503827, -0.536512834856235 ], [ -90.948402466208165, -0.541303940199486 ], [ -90.950080657499456, -0.545219471099811 ], [ -90.948553319395501, -0.546719832049476 ], [ -90.947989359755084, -0.547840649321321 ], [ -90.94984510755387, -0.546259157401452 ], [ -90.951488722689859, -0.547841982360241 ], [ -90.94972704107775, -0.548456198885395 ], [ -90.949808802141646, -0.549034881423064 ], [ -90.953049691921407, -0.549813564597274 ], [ -90.953658685005337, -0.554895099813152 ], [ -90.952543062762416, -0.555599932497844 ], [ -90.955911962470182, -0.557951913589134 ], [ -90.955922635354071, -0.561116429513729 ], [ -90.960055873807818, -0.560340279159143 ], [ -90.962145224004644, -0.563993793199119 ], [ -90.96676039603193, -0.562349857729036 ], [ -90.967476305702675, -0.563923339049496 ], [ -90.970470390544619, -0.564322270513399 ], [ -90.96884911830638, -0.566256600412521 ], [ -90.970902572722764, -0.570922786160691 ], [ -90.975622936571511, -0.570897338152062 ], [ -90.974940851166167, -0.574206296045 ], [ -90.981374809809864, -0.576432863937952 ], [ -90.980435180107492, -0.577824941255814 ], [ -90.978991271238939, -0.57649533860373 ], [ -90.979425121588548, -0.578376121253667 ], [ -90.978052202983633, -0.576124300161208 ], [ -90.972650301701876, -0.575995698455432 ], [ -90.972111236174612, -0.573617633520668 ], [ -90.969222745599353, -0.573318207695713 ], [ -90.967977168575857, -0.574773456617803 ], [ -90.959323454000497, -0.573332752488578 ], [ -90.958629797395957, -0.57606303815568 ], [ -90.952498953685335, -0.580445947626987 ], [ -90.952367964045564, -0.585653797370787 ], [ -90.955842101388839, -0.590275286445196 ], [ -90.956121578951823, -0.596577322728572 ], [ -90.960358111985173, -0.602437820121963 ], [ -90.958197471487381, -0.602518378379389 ], [ -90.958654916986262, -0.604155068385981 ], [ -90.954473894447588, -0.606016030430583 ], [ -90.957043768761253, -0.610384062478881 ], [ -90.954483842391042, -0.610907488252523 ], [ -90.957477265174646, -0.61297914474664 ], [ -90.955281545465027, -0.612300184767612 ], [ -90.952627081292619, -0.614921195383015 ], [ -90.952156023622265, -0.618094576309868 ], [ -90.949501350142413, -0.619766215668191 ], [ -90.945956086889865, -0.617359760285385 ], [ -90.945944962153391, -0.615659991949277 ], [ -90.94241123686237, -0.614736463888009 ], [ -90.942597680402969, -0.617620703025636 ], [ -90.940366289491706, -0.619256327583985 ], [ -90.941399077183974, -0.620902271775984 ], [ -90.939532276513958, -0.620359057359524 ], [ -90.939449115874851, -0.622013603866879 ], [ -90.934962172066164, -0.625320982338822 ], [ -90.934973169241886, -0.627346258658048 ], [ -90.934175590135411, -0.625619125297337 ], [ -90.933235322629187, -0.626712625900405 ], [ -90.93144068901583, -0.623945251120036 ], [ -90.930228605677684, -0.624839916421878 ], [ -90.928613065589261, -0.623338446346751 ], [ -90.92111428443198, -0.627042322011186 ], [ -90.921032135295874, -0.624691551405607 ], [ -90.917069410557772, -0.621118658725482 ], [ -90.910992428034945, -0.621188574088516 ], [ -90.913658089707354, -0.619987148771633 ], [ -90.909247159541394, -0.617137402427143 ], [ -90.909913735533351, -0.614976809573822 ], [ -90.906456391296004, -0.613872416894675 ], [ -90.90465207743712, -0.610083437659284 ], [ -90.902322085643661, -0.613283154062091 ], [ -90.906146322504327, -0.617796230817312 ], [ -90.905278699958515, -0.618745218711498 ], [ -90.902926931205926, -0.616348312303327 ], [ -90.902797104884456, -0.613889053637097 ], [ -90.896905432228323, -0.609610250837477 ], [ -90.897060921620849, -0.606717152295679 ], [ -90.893306733589426, -0.607366675942812 ], [ -90.893970126850334, -0.611923677403518 ], [ -90.891509310707107, -0.614752579634848 ], [ -90.892542799983602, -0.615928342750954 ], [ -90.890936996734553, -0.619860594335884 ], [ -90.892148857290493, -0.619933409307507 ], [ -90.890758943458707, -0.620140799297799 ], [ -90.892529098878896, -0.620783430742707 ], [ -90.892741894498343, -0.623477776681028 ], [ -90.889069855603026, -0.624561229772227 ], [ -90.888654201527814, -0.623521428625804 ], [ -90.885290878561349, -0.626386000925309 ], [ -90.883437826606752, -0.625273211878692 ], [ -90.881072303748851, -0.628418526699195 ], [ -90.88148629863575, -0.633219510808501 ], [ -90.8801313059123, -0.634529908219571 ], [ -90.882197535270365, -0.637252128144597 ], [ -90.879939255986031, -0.638842421284492 ], [ -90.883075266558052, -0.640416868640527 ], [ -90.882611095372667, -0.643047634626885 ], [ -90.881672276849002, -0.641998455772897 ], [ -90.878904868394244, -0.641264994099245 ], [ -90.879319286387641, -0.643588719594247 ], [ -90.874708497240647, -0.64657937375442 ], [ -90.875218245350311, -0.649102034843763 ], [ -90.873732403124265, -0.650520849649728 ], [ -90.870951917893933, -0.650745646639645 ], [ -90.86982474960466, -0.646839498509943 ], [ -90.865333761580573, -0.647027459899306 ], [ -90.867078261116248, -0.652543203886003 ], [ -90.868337176325099, -0.652814972439665 ], [ -90.868776935792638, -0.653556521245455 ], [ -90.865177353211521, -0.651547882905478 ], [ -90.862254375414167, -0.652396487072748 ], [ -90.862526201127579, -0.65603107002647 ], [ -90.854754030289982, -0.660484895443122 ], [ -90.856310128856052, -0.66147103537252 ], [ -90.855501189654504, -0.662980512953714 ], [ -90.857996357374191, -0.662674210634237 ], [ -90.859397744488774, -0.664483009736142 ], [ -90.858755259516101, -0.666580228718752 ], [ -90.860264006985233, -0.666734584768091 ], [ -90.859619456785722, -0.673560220763531 ], [ -90.85788440842515, -0.674897509420304 ], [ -90.853856624100928, -0.674425596033941 ], [ -90.850469710476773, -0.676856088533688 ], [ -90.849147273597566, -0.684422721799645 ], [ -90.847650983066472, -0.682460175482776 ], [ -90.846937597661693, -0.683942555312598 ], [ -90.839892614843222, -0.683876081124177 ], [ -90.840662896843142, -0.687212463731933 ], [ -90.84360916975244, -0.68842526995466 ], [ -90.844536415280288, -0.687467406128423 ], [ -90.844974585628108, -0.690442047467809 ], [ -90.847837407742446, -0.691410729217159 ], [ -90.848477898455187, -0.693743509625004 ], [ -90.849404983184584, -0.693038803248102 ], [ -90.847526562806365, -0.696102798006971 ], [ -90.850282345264716, -0.696700765912657 ], [ -90.849378493663494, -0.699466861423136 ], [ -90.85427230422728, -0.701367708135534 ], [ -90.85484216310418, -0.703564917393396 ], [ -90.851176870556642, -0.70455771438364 ], [ -90.849918309284021, -0.703526468804762 ], [ -90.846471372927539, -0.705748924078375 ], [ -90.848609784613629, -0.706183882269079 ], [ -90.846517793369856, -0.708551615086033 ], [ -90.843143976284239, -0.70763686042533 ], [ -90.844308500116284, -0.70685085041937 ], [ -90.844047254760312, -0.70644396251 ], [ -90.840791949715182, -0.706686471229418 ], [ -90.838607273893672, -0.703141443054197 ], [ -90.834710728042538, -0.701846949457699 ], [ -90.833425891946177, -0.705797068328165 ], [ -90.82869820592957, -0.70411326246363 ], [ -90.824941137001034, -0.709445535638697 ], [ -90.826294778658252, -0.711145839450213 ], [ -90.822158547017963, -0.71464263470167 ], [ -90.822799265902788, -0.716460125238193 ], [ -90.826459420985216, -0.715548758531209 ], [ -90.830664004537155, -0.718326282849322 ], [ -90.831565549264724, -0.720532661398707 ], [ -90.828487277009273, -0.722990272278545 ], [ -90.828580178081012, -0.727103863971926 ], [ -90.823782119841681, -0.723250187189145 ], [ -90.81805373036147, -0.727577910765852 ], [ -90.817412629692669, -0.726329995267082 ], [ -90.812208276925034, -0.727240507382196 ], [ -90.803109368074644, -0.723339601960636 ], [ -90.805603605139723, -0.724895806204719 ], [ -90.806979745103234, -0.728747784804588 ], [ -90.804888850702426, -0.728837164435905 ], [ -90.804910553999704, -0.732688472271504 ], [ -90.813559188602127, -0.734871541628412 ], [ -90.814056663030058, -0.738008897415959 ], [ -90.812962453030252, -0.739246879612406 ], [ -90.811348370907538, -0.736832272819956 ], [ -90.810942982779366, -0.73939057563634 ], [ -90.809255941285898, -0.738892502157626 ], [ -90.807044996928852, -0.741115399136729 ], [ -90.805239941061558, -0.739767444991269 ], [ -90.803551543111993, -0.742044838647876 ], [ -90.797871987847302, -0.743786825574437 ], [ -90.792313336836685, -0.74024009457807 ], [ -90.787703449598197, -0.740481916133888 ], [ -90.787773961958123, -0.742036922459227 ], [ -90.785231074832225, -0.742460544075923 ], [ -90.786133222329354, -0.744422788142901 ], [ -90.784920998854034, -0.745190618439582 ], [ -90.78670106269179, -0.749087852506354 ], [ -90.789244027971122, -0.748375021145429 ], [ -90.789575809941539, -0.74974035177468 ], [ -90.785797201209107, -0.750760010303228 ], [ -90.78061390495175, -0.757962613326555 ], [ -90.782180297312664, -0.761624816138516 ], [ -90.780609641547414, -0.766288881163644 ], [ -90.783960262335754, -0.765829566005643 ], [ -90.785432314523845, -0.76738529444127 ], [ -90.783340043005737, -0.770159635172276 ], [ -90.786119920076615, -0.770622153865583 ], [ -90.787995656288771, -0.772919368819956 ], [ -90.791371649992328, -0.769901608428174 ], [ -90.793175894680928, -0.77308486924616 ], [ -90.794506867351942, -0.772850512032115 ], [ -90.794838086976981, -0.774930014737413 ], [ -90.792319577432949, -0.774811164121969 ], [ -90.796143181879643, -0.779134558355176 ], [ -90.794739782538826, -0.781556685772536 ], [ -90.797163571922667, -0.781413317210279 ], [ -90.796330571346218, -0.783609736664162 ], [ -90.798325432249896, -0.785617660330646 ], [ -90.799751831156939, -0.784162973435682 ], [ -90.803005881255615, -0.78739220569936 ], [ -90.804717701877877, -0.785621184090218 ], [ -90.804502439484665, -0.78808905552521 ], [ -90.807140830999984, -0.78643607789098 ], [ -90.816192693282332, -0.789505625559433 ], [ -90.822228926427215, -0.788604767238734 ], [ -90.824677556025321, -0.790784919562586 ], [ -90.823020585635959, -0.797148715985199 ], [ -90.827216516615081, -0.805522678300879 ], [ -90.827463754540858, -0.809274724083094 ], [ -90.824872893785525, -0.811009146297115 ], [ -90.826736911474796, -0.813279329248636 ], [ -90.828347682407383, -0.811670999957546 ], [ -90.828560183379409, -0.814211567906135 ], [ -90.826587056315716, -0.815449056212911 ], [ -90.830031902292546, -0.817485126300957 ], [ -90.829478803283905, -0.829255895091855 ], [ -90.832757351338699, -0.83056862090374 ], [ -90.833302635004358, -0.833226910152948 ], [ -90.840002717754331, -0.835147272339981 ], [ -90.838146309693826, -0.84043512051117 ], [ -90.8403553855551, -0.842036575761593 ], [ -90.83840358000468, -0.847224916397893 ], [ -90.839825817017001, -0.853590455219188 ], [ -90.838468648573965, -0.858372277218338 ], [ -90.844858486462471, -0.863040987516875 ], [ -90.846496412567788, -0.866124858178064 ], [ -90.844473478413164, -0.87872664468748 ], [ -90.847311840300634, -0.881060777332201 ], [ -90.850907835010517, -0.881153337776356 ], [ -90.851778433674852, -0.883179004331685 ], [ -90.847515459629463, -0.898925713932393 ], [ -90.846534467898167, -0.909954980279403 ], [ -90.849229070594077, -0.914413753724498 ], [ -90.85858947453211, -0.917963386168877 ], [ -90.869830991997574, -0.916216190049637 ], [ -90.875284630849805, -0.917015061101102 ], [ -90.880062692590926, -0.914486416378805 ], [ -90.883116389635134, -0.914940337426603 ], [ -90.887985286322831, -0.919319119999544 ], [ -90.887067661751686, -0.923748711886915 ], [ -90.88870412180647, -0.929273812401914 ], [ -90.892398269139235, -0.931463986394141 ], [ -90.895793055598517, -0.937695381302087 ], [ -90.898073739764342, -0.938872110843247 ], [ -90.89847427249839, -0.944034862689191 ], [ -90.904838144583607, -0.953034725034282 ], [ -90.918167106919185, -0.957852744013425 ], [ -90.922587523294567, -0.95795498046089 ], [ -90.925176124786972, -0.960479012128824 ], [ -90.927007294679555, -0.958834684434341 ], [ -90.927242962304462, -0.961809424784636 ], [ -90.930035260380762, -0.961829218169359 ], [ -90.929618064796514, -0.963709523623922 ], [ -90.934408365185092, -0.961614844768251 ], [ -90.93798347496292, -0.96413956264191 ], [ -90.943638923936987, -0.964902490716488 ], [ -90.949118198012485, -0.962808203306082 ], [ -90.949666902462738, -0.959607859340209 ], [ -90.955674738963197, -0.961130500931662 ], [ -90.955162235720579, -0.963878806051037 ], [ -90.955434783679451, -0.964972847570462 ], [ -90.955906100064624, -0.961627873894478 ], [ -90.962298858376116, -0.962255585629547 ], [ -90.964368780708298, -0.958350882710471 ], [ -90.966721144145595, -0.959093696228425 ], [ -90.972093582482643, -0.956420595417552 ], [ -90.976988586009142, -0.958222787394671 ], [ -90.985545203482076, -0.956808374613708 ], [ -90.989154783414008, -0.961909965333563 ], [ -90.991675202776321, -0.959253198500177 ], [ -90.993171738547503, -0.960501841400275 ], [ -90.994860170633032, -0.959381714130059 ], [ -90.995617726200337, -0.963848721238086 ], [ -90.997328044839449, -0.965260291033733 ], [ -90.997395957474922, -0.971028955703986 ], [ -91.000628663602441, -0.970813880501772 ], [ -91.002005675830119, -0.972821807793918 ], [ -91.005522459793198, -0.973692075174404 ], [ -91.00742354556435, -0.97629724075522 ], [ -91.005436047252758, -0.978375662368289 ], [ -91.008339333080755, -0.980764325230963 ], [ -91.013263241698141, -0.981255632565592 ], [ -91.017839663098997, -0.990119280454456 ], [ -91.02118005117795, -0.988023621063335 ], [ -91.026325637057994, -0.988053875416382 ], [ -91.029758519271837, -0.990985404514264 ], [ -91.032219246481873, -0.989314224418775 ], [ -91.039487494784439, -0.99206731265786 ], [ -91.040179927883528, -0.99742957868868 ], [ -91.043814813357017, -0.995777053450341 ], [ -91.048603065586704, -0.998311721648323 ], [ -91.049315690118448, -1.00169377852926 ], [ -91.053347087466761, -0.998052282654777 ], [ -91.059746825688009, -1.000352826340805 ], [ -91.062617947337259, -1.005201090793787 ], [ -91.060562225573079, -1.010471389107582 ], [ -91.061443014726024, -1.012488253435884 ], [ -91.06580814249061, -1.009398477775008 ], [ -91.067830294212598, -1.009643824387994 ], [ -91.072120672264063, -1.005089153681987 ], [ -91.077660878166952, -1.005200949780019 ], [ -91.092945506113722, -1.010147036331053 ], [ -91.096426105038873, -1.008250267487582 ], [ -91.099503586776862, -1.013650269864399 ], [ -91.111026289502675, -1.013602852526811 ], [ -91.115700602116689, -1.018886283750341 ], [ -91.11872496647193, -1.017052456857739 ], [ -91.12237586351705, -1.017859426361001 ], [ -91.126194375414386, -1.023603594877829 ], [ -91.129502202259232, -1.024925683928612 ], [ -91.136976757649933, -1.021484941317793 ], [ -91.140226235323823, -1.024868723684043 ], [ -91.136973241643929, -1.02757052144578 ], [ -91.139252439097945, -1.03211111120897 ], [ -91.142504148186987, -1.031190714535475 ], [ -91.14512726385091, -1.033543306884106 ], [ -91.147409536238158, -1.032396247690635 ], [ -91.151058669890361, -1.035273862773012 ], [ -91.155052157435378, -1.03486939135986 ], [ -91.157986711821778, -1.037249306847664 ], [ -91.157890154606832, -1.038894839268247 ], [ -91.161600379986581, -1.034855083531519 ], [ -91.16445253820018, -1.035453608767865 ], [ -91.164284919754678, -1.037922148738404 ], [ -91.160861035066702, -1.039900472480149 ], [ -91.162096669536638, -1.04019055985676 ], [ -91.160146063237136, -1.043182511617869 ], [ -91.161832319603036, -1.045814903291781 ], [ -91.161165185757298, -1.047921434236536 ], [ -91.164704410534483, -1.052300146510968 ], [ -91.170575488414386, -1.054564198327705 ], [ -91.176951842590483, -1.052054134052574 ], [ -91.182672141843213, -1.04438023693576 ], [ -91.185743853702164, -1.046054779973519 ], [ -91.195125454287634, -1.045011410491946 ], [ -91.19716593613299, -1.046902459546358 ], [ -91.197091513406662, -1.045464689626584 ], [ -91.199712756083215, -1.044073611113734 ], [ -91.203768523826866, -1.046146782664606 ], [ -91.21101844110774, -1.046792974088694 ], [ -91.215614756598896, -1.044878510681244 ], [ -91.217639434383472, -1.039987472559267 ], [ -91.219470865685821, -1.040259795078339 ], [ -91.224300424248909, -1.034918178090132 ], [ -91.222066894448986, -1.031742859880415 ], [ -91.224033657847201, -1.03098435732306 ], [ -91.226152551837089, -1.032305811904759 ], [ -91.228561487577721, -1.029006496867408 ], [ -91.233291396026345, -1.031749030305846 ], [ -91.235545145106698, -1.030800952829338 ], [ -91.236342673009204, -1.033053045715311 ], [ -91.237674875473871, -1.031426052977402 ], [ -91.238862671061653, -1.03202355045575 ], [ -91.239929250679964, -1.029428811179214 ], [ -91.241587343963403, -1.030460632640127 ], [ -91.242183097676687, -1.027368255167441 ], [ -91.245643372218481, -1.029838913015147 ], [ -91.246788256183478, -1.027795824893123 ], [ -91.248374136596183, -1.028429715127677 ], [ -91.249086784484106, -1.026169346818838 ], [ -91.255544770366697, -1.027882038506374 ], [ -91.257239126841512, -1.025233349887504 ], [ -91.260788364240867, -1.025325709757103 ], [ -91.264040584471303, -1.023148114793747 ], [ -91.264810976065704, -1.024613568397776 ], [ -91.268998026299954, -1.025348290685417 ], [ -91.281145235116313, -1.020806154546241 ], [ -91.285756310825917, -1.02211080493703 ], [ -91.2990935673065, -1.017071845734649 ], [ -91.314048406644503, -1.017323878669523 ], [ -91.317388425515858, -1.016837285853616 ], [ -91.318078143007853, -1.015264148394822 ], [ -91.323571747907067, -1.017265508157573 ], [ -91.328818704175362, -1.015541058201191 ], [ -91.333987983121006, -1.018102989458574 ], [ -91.338738383039598, -1.018006027140384 ], [ -91.341315186957374, -1.015855015869026 ], [ -91.34843200625248, -1.014610682545759 ], [ -91.379831616285657, -1.022386113611924 ], [ -91.384220311351712, -1.020660999952488 ], [ -91.39063048709825, -1.021315381609663 ], [ -91.398092484041271, -1.017348935918881 ], [ -91.402003605057885, -1.017350888548492 ], [ -91.407692375240785, -1.010860297316729 ], [ -91.419692621473331, -1.012096078758872 ], [ -91.422862650346858, -1.005757979372508 ], [ -91.428110284843171, -1.003400080068708 ], [ -91.430494645372548, -1.004495543911414 ], [ -91.44114344902367, -0.999336595739706 ], [ -91.441983982872102, -0.997166456192487 ], [ -91.439886069035666, -0.995917396707438 ], [ -91.444866915570714, -0.99247402588681 ], [ -91.448768872873103, -0.982084373847394 ], [ -91.448770538349635, -0.97846679574081 ], [ -91.445163240138527, -0.979541342840948 ], [ -91.443747964171322, -0.975054892762787 ], [ -91.44563171694908, -0.973102277077175 ], [ -91.445691420779497, -0.966554491394878 ], [ -91.447403938494418, -0.964493263709316 ], [ -91.446894218232529, -0.956679062192709 ], [ -91.451856540608105, -0.952973288768274 ], [ -91.453728055636745, -0.949428897592857 ], [ -91.468779034473073, -0.947681010219285 ], [ -91.485329877338685, -0.939838142442772 ], [ -91.493605038260057, -0.930254949821996 ], [ -91.502936860500697, -0.923647652873655 ], [ -91.503941262328283, -0.918764215803958 ], [ -91.506503952814626, -0.916612774260697 ], [ -91.51174411602274, -0.906241251738883 ], [ -91.512080840523822, -0.899847129050014 ], [ -91.509466240888798, -0.891579641310769 ], [ -91.511360803992687, -0.889029945577894 ], [ -91.509830193326152, -0.887202393584367 ], [ -91.509386582780976, -0.881540538613415 ], [ -91.503626435160555, -0.871164526577505 ], [ -91.500035144927821, -0.868893003930557 ], [ -91.499675457691424, -0.862507675982058 ], [ -91.497226451699234, -0.858527271308674 ], [ -91.493301168742178, -0.855975264491123 ], [ -91.487734589200855, -0.847471583865499 ], [ -91.480022982779687, -0.843263044120824 ], [ -91.472813514839444, -0.835916424215757 ], [ -91.470726334074016, -0.831493066153441 ], [ -91.464600972781568, -0.829130184541999 ], [ -91.464017334646528, -0.826751378743137 ], [ -91.45418974298039, -0.820353441461637 ], [ -91.44391989992009, -0.806168553408774 ], [ -91.441236401299392, -0.803192189441227 ], [ -91.439548218047193, -0.803878745613184 ], [ -91.438645510001336, -0.801843517516758 ], [ -91.439781309303854, -0.800749635486094 ], [ -91.436418859499852, -0.79802613318221 ], [ -91.436324084542434, -0.796217309676594 ], [ -91.433270360548732, -0.795284626774524 ], [ -91.435042253310698, -0.7914597334519 ], [ -91.43277438900229, -0.786928029814368 ], [ -91.428496286429166, -0.785777741231439 ], [ -91.427152178592053, -0.787649262182161 ], [ -91.427295372743288, -0.786129949192481 ], [ -91.423967743436307, -0.784952980234949 ], [ -91.422364605488696, -0.782022169180363 ], [ -91.418620051888709, -0.783829566186767 ], [ -91.417467969723333, -0.781577271446831 ], [ -91.416587619846595, -0.782508345994098 ], [ -91.413900549524328, -0.778708922010131 ], [ -91.411124891840331, -0.77755930664511 ], [ -91.411640228369365, -0.776501439159728 ], [ -91.409517123975746, -0.776536749588723 ], [ -91.410711090091212, -0.774475220420455 ], [ -91.409783357676503, -0.770287593113385 ], [ -91.403842349544959, -0.766658856935238 ], [ -91.393327692213546, -0.765036021084076 ], [ -91.386971897779347, -0.761714637034801 ], [ -91.384202583099565, -0.762581733703901 ], [ -91.380447862367191, -0.759568776983949 ], [ -91.377653084940675, -0.754123441165326 ], [ -91.374173168735169, -0.755740996789613 ], [ -91.370276487238428, -0.753342920336455 ], [ -91.36963764673088, -0.745375257812968 ], [ -91.367191056308485, -0.741286634243474 ], [ -91.358421705199845, -0.736951568205818 ], [ -91.357731771213878, -0.737973169889383 ], [ -91.351458888585469, -0.731776017463026 ], [ -91.346921852021595, -0.723237263258556 ], [ -91.344639623651801, -0.724954737258357 ], [ -91.341454787847468, -0.724591775059877 ], [ -91.343024725858797, -0.721390957953164 ], [ -91.340933646405063, -0.719138427117256 ], [ -91.338746671794738, -0.720240866744127 ], [ -91.339079921612296, -0.717871602145449 ], [ -91.336917329075405, -0.717273937878296 ], [ -91.33508156250349, -0.71348407852603 ], [ -91.335422880090661, -0.715844577623673 ], [ -91.333940260121551, -0.714804067363638 ], [ -91.330744832281695, -0.716240724387597 ], [ -91.330404114769152, -0.712858356083009 ], [ -91.327095904343679, -0.711301680653078 ], [ -91.327668362046694, -0.70573114237801 ], [ -91.330349705609024, -0.704872983928466 ], [ -91.329609489323332, -0.700676565548043 ], [ -91.324212822524743, -0.696930652944642 ], [ -91.320126998948311, -0.690607912033408 ], [ -91.316989704683749, -0.690724354878028 ], [ -91.314730397726734, -0.693789252079069 ], [ -91.311165902442283, -0.691129253627153 ], [ -91.305851512340567, -0.693361022424387 ], [ -91.302819400015991, -0.692347079169307 ], [ -91.303436937874892, -0.694137877040794 ], [ -91.300822056168883, -0.69452579229904 ], [ -91.289390741751859, -0.690642087752142 ], [ -91.279240385404108, -0.693631698228711 ], [ -91.276246348172862, -0.690971895506891 ], [ -91.274249921505657, -0.690971244275689 ], [ -91.273869168775846, -0.692960536067726 ], [ -91.273204089377145, -0.691884155384593 ], [ -91.271011176004464, -0.691919520376874 ], [ -91.272258775135683, -0.693339756367235 ], [ -91.268895870784135, -0.692759757519945 ], [ -91.26952614675379, -0.689577165521613 ], [ -91.266982955997321, -0.690670041292774 ], [ -91.265225211701093, -0.687423046919517 ], [ -91.257206608726563, -0.687628012438591 ], [ -91.25605118213339, -0.689065437730935 ], [ -91.25693578193976, -0.689743993939811 ], [ -91.25704606541224, -0.690630256002813 ], [ -91.255017983911031, -0.690312951865568 ], [ -91.249759827447804, -0.687751823705524 ], [ -91.24909933305031, -0.679079295551517 ], [ -91.244787975743705, -0.674429605835544 ], [ -91.242208039400538, -0.673660095740561 ], [ -91.24101522582356, -0.67555860649052 ], [ -91.238288983565013, -0.672076053823452 ], [ -91.229835085749883, -0.671268159183129 ], [ -91.229946341199508, -0.669993212842197 ], [ -91.227832723913579, -0.671113747584687 ], [ -91.228667868768611, -0.671873658445869 ], [ -91.226296893136933, -0.670362620629311 ], [ -91.22533768375466, -0.672053246269183 ], [ -91.223261161500091, -0.67136522985928 ], [ -91.221604007854438, -0.667675118182242 ], [ -91.220510037704798, -0.66847953357836 ], [ -91.217549870553029, -0.666317253032127 ], [ -91.217794970488399, -0.667447700850297 ], [ -91.210274813918915, -0.668276896421785 ], [ -91.21156449822287, -0.66962475358338 ], [ -91.2105450451227, -0.669325965571523 ], [ -91.210838675642975, -0.672382510955185 ], [ -91.213295702692335, -0.673432441547761 ], [ -91.213406089471079, -0.674029310125961 ], [ -91.211661516273566, -0.672853128359843 ], [ -91.209522840482791, -0.675031632059887 ], [ -91.207188332858408, -0.674569533897324 ], [ -91.206133004639014, -0.671675483055113 ], [ -91.205947514210962, -0.673809521953427 ], [ -91.204387655297111, -0.672823276706449 ], [ -91.205713823778012, -0.674180190599253 ], [ -91.20501301838047, -0.676078929302395 ], [ -91.202850834577006, -0.674839253223967 ], [ -91.204102957624002, -0.677543527489325 ], [ -91.203058258271071, -0.678718702975439 ], [ -91.200121092482135, -0.678952667142118 ], [ -91.198635439800626, -0.676619139372184 ], [ -91.197098446604031, -0.67929520842559 ], [ -91.195759789744045, -0.678263842383195 ], [ -91.193031157068532, -0.680071358403555 ], [ -91.188939586969227, -0.679726188889576 ], [ -91.189049432962165, -0.681751807064327 ], [ -91.187513829459292, -0.682013466876918 ], [ -91.188532672603387, -0.68390378678707 ], [ -91.186013201862011, -0.684816142332328 ], [ -91.184907020014407, -0.686759908854666 ], [ -91.186380884104423, -0.687936031538958 ], [ -91.185925418492445, -0.689807699639547 ], [ -91.184241781613906, -0.691054953087049 ], [ -91.182141477360503, -0.68750030725207 ], [ -91.177101138099133, -0.686024542344064 ], [ -91.169613676612727, -0.687911447320063 ], [ -91.16700049631585, -0.685803501657545 ], [ -91.167715041445675, -0.681743631177385 ], [ -91.164626294833994, -0.67831534008791 ], [ -91.159588549907184, -0.677689472854488 ], [ -91.159396751509178, -0.680998943637315 ], [ -91.15847137357882, -0.677001780612353 ], [ -91.152292228353687, -0.675968536733407 ], [ -91.146044892913622, -0.668289046207833 ], [ -91.141292042390972, -0.666587230612506 ], [ -91.141340687061927, -0.66411864341251 ], [ -91.144406423327581, -0.664481506057462 ], [ -91.146332762538009, -0.661109365390273 ], [ -91.142485085038345, -0.654380285581293 ], [ -91.139252422029969, -0.655147741671561 ], [ -91.136472444347746, -0.652949384018748 ], [ -91.132147556616331, -0.652323867480958 ], [ -91.13057836420667, -0.654430136132933 ], [ -91.127394078171278, -0.652629490455029 ], [ -91.123757668256758, -0.652799884417231 ], [ -91.120455366050905, -0.650094966942066 ], [ -91.120432560520783, -0.646477998142511 ], [ -91.117605040400491, -0.64576259300199 ], [ -91.118793991221736, -0.642959893613809 ], [ -91.116633075839474, -0.638582579073425 ], [ -91.106557863565271, -0.635495464183412 ], [ -91.105581673329169, -0.639871591161679 ], [ -91.099187711275192, -0.641994146824963 ], [ -91.094981550281616, -0.640988878251344 ], [ -91.092413708855432, -0.643501615455845 ], [ -91.094815565871613, -0.639894654866526 ], [ -91.090158979713109, -0.636393563345559 ], [ -91.088138302126481, -0.637016720315372 ], [ -91.089448755479808, -0.628888238266168 ], [ -91.083413482633944, -0.62516965935999 ], [ -91.078544126008822, -0.617066070449657 ], [ -91.073624727832467, -0.617010031402164 ], [ -91.072912261404227, -0.615644404384046 ], [ -91.0727712771086, -0.611150404044028 ], [ -91.076907249135758, -0.608855183171537 ], [ -91.078334422390583, -0.60529307703844 ], [ -91.079593866707114, -0.606414727148786 ], [ -91.081091683475876, -0.604453134377428 ], [ -91.080142971806012, -0.599551927242242 ], [ -91.071849502320831, -0.596773055913165 ], [ -91.075700273618324, -0.594432493448677 ], [ -91.076389317373867, -0.595743785166629 ], [ -91.082520930940689, -0.594886990451253 ], [ -91.084114316777573, -0.591125988926108 ], [ -91.081929428055332, -0.587779615503898 ], [ -91.084257853186941, -0.588350074949881 ], [ -91.089012422186741, -0.584481641480735 ], [ -91.090628743809475, -0.584843932934695 ], [ -91.090105369155268, -0.586823966046524 ], [ -91.096045858958888, -0.588354138713954 ], [ -91.098305869296766, -0.582115736378975 ], [ -91.097570353894952, -0.577350203056313 ], [ -91.101730538213971, -0.574774547117672 ], [ -91.101351172482964, -0.570967608071256 ], [ -91.106794849917009, -0.567885979191098 ], [ -91.109194598587209, -0.568908520686418 ], [ -91.112641275330574, -0.567598547683264 ], [ -91.113521041302391, -0.565663774485531 ], [ -91.130183669623662, -0.557359131733235 ], [ -91.137173529121355, -0.548608283879515 ], [ -91.141047274832232, -0.548320137301643 ], [ -91.154502949030231, -0.535339179789506 ], [ -91.156643148363713, -0.531125979707923 ], [ -91.162514481365179, -0.526723982218706 ], [ -91.172737509622763, -0.513687472890197 ], [ -91.178085835380969, -0.510433637183976 ], [ -91.181033118894945, -0.51082331357337 ], [ -91.191302696053938, -0.501801550376017 ], [ -91.199146520111867, -0.498530229949906 ], [ -91.207870865624756, -0.490321718849 ], [ -91.213147748368414, -0.487691657983032 ], [ -91.21355278076372, -0.484608147260598 ], [ -91.2205420581531, -0.477384709047939 ], [ -91.220994652749454, -0.472646336926792 ], [ -91.224679961558138, -0.467574199159672 ], [ -91.223468619330106, -0.464535467070566 ], [ -91.224872568439892, -0.458386624726191 ], [ -91.228034585239399, -0.453359533046032 ], [ -91.226609114292032, -0.451161743816057 ], [ -91.227394543684298, -0.446468648587997 ], [ -91.225731504276894, -0.444632525207135 ], [ -91.227611182296528, -0.434893723338488 ], [ -91.226519236949542, -0.430010272910839 ], [ -91.227826947746308, -0.426827458361245 ], [ -91.225927240889106, -0.418860185606743 ], [ -91.227330950148698, -0.413045890746418 ], [ -91.223483788281996, -0.399218377572967 ], [ -91.225505153978133, -0.392635555480899 ], [ -91.235653250164603, -0.396517193370148 ], [ -91.238813934762547, -0.395966216781887 ], [ -91.240382992424912, -0.393814317696542 ], [ -91.238981711311524, -0.38833395676258 ], [ -91.244210774935979, -0.388262707623726 ], [ -91.250629152301059, -0.381662611717156 ], [ -91.251222642259833, -0.384963405444691 ], [ -91.256689633670433, -0.381971313604881 ], [ -91.26103863667565, -0.383699383005415 ], [ -91.260944116839795, -0.379051256846466 ], [ -91.262180194179138, -0.379937731754676 ], [ -91.264509577813158, -0.376953970762074 ], [ -91.266696039485467, -0.378410355232445 ], [ -91.268479243833454, -0.374965271097737 ], [ -91.272068059207612, -0.374034539327349 ], [ -91.272211007220449, -0.372262108334721 ], [ -91.269882498545527, -0.37080569948685 ], [ -91.270642965552668, -0.369268509278917 ], [ -91.276086684309206, -0.365661340951382 ], [ -91.277988945076771, -0.361953999341659 ], [ -91.280531699252009, -0.361692234589113 ], [ -91.281031469773794, -0.358174519315742 ], [ -91.283123098996512, -0.359531398836919 ], [ -91.280009911920899, -0.356881146557531 ], [ -91.28435954105187, -0.355543570170217 ], [ -91.284668923530688, -0.352306150365549 ], [ -91.289469841107561, -0.354631153587228 ], [ -91.289993035200396, -0.35190018779488 ], [ -91.295673857987978, -0.350445266858129 ], [ -91.297432766500791, -0.347642167351929 ], [ -91.303374921780943, -0.347959764462357 ], [ -91.310149303289748, -0.344180864438928 ], [ -91.312596988758472, -0.345157994598802 ], [ -91.320036432598002, -0.342916549727152 ], [ -91.322699040896765, -0.341379643222941 ], [ -91.32471977148397, -0.337482283618812 ], [ -91.330091382472645, -0.336406982885349 ], [ -91.334774212912194, -0.333269770041889 ], [ -91.337889453536548, -0.324299167048756 ], [ -91.342619743769148, -0.320040459953541 ], [ -91.346478683447529, -0.319200037996457 ], [ -91.347834315771451, -0.31374701323514 ], [ -91.351922443526576, -0.312192170354102 ], [ -91.353801087585339, -0.304586840597968 ], [ -91.358547507967188, -0.301187185163192 ], [ -91.357225255242611, -0.293888824932679 ], [ -91.362597607341399, -0.290968540591624 ], [ -91.363952722235709, -0.2885993155368 ], [ -91.366022633788106, -0.273523921357945 ], [ -91.371204304094803, -0.268885248369178 ], [ -91.369636826569021, -0.259579146849172 ], [ -91.371800364133591, -0.259434776487446 ], [ -91.375126946903251, -0.263857550637362 ], [ -91.376220729304976, -0.263260815090715 ], [ -91.376030098716853, -0.265557878931871 ], [ -91.377836043916275, -0.267403021924821 ], [ -91.380806926172781, -0.267882679324069 ], [ -91.385822749511718, -0.260675524862303 ], [ -91.387819359435241, -0.260268744057405 ], [ -91.386346563442089, -0.256416007783379 ], [ -91.388034104398855, -0.253404670955498 ], [ -91.386822953511995, -0.244957699991094 ], [ -91.389414359544702, -0.242443861069952 ], [ -91.391411843529013, -0.23421431054707 ], [ -91.393075485705936, -0.23371709628449 ], [ -91.391459406628343, -0.230678219448281 ], [ -91.392767713906451, -0.224474373679383 ], [ -91.396000114606764, -0.223470875139279 ], [ -91.39298182196454, -0.22270182516917 ], [ -91.391556113861938, -0.219165571360297 ], [ -91.392246218527831, -0.207580632857133 ], [ -91.388562847385202, -0.207028638796125 ], [ -91.386090573230518, -0.209017996983145 ], [ -91.38266783389453, -0.207796697823029 ], [ -91.382573926709668, -0.19793907349979 ], [ -91.384927240564537, -0.195072451303747 ], [ -91.385331263253462, -0.191500232868835 ], [ -91.389514835210917, -0.189330137908886 ], [ -91.393603404937167, -0.182267362468509 ], [ -91.397645110453382, -0.171424269853182 ], [ -91.404695391535398, -0.163131712473057 ], [ -91.40376905689925, -0.154992236616993 ], [ -91.405576027974703, -0.152197845625645 ], [ -91.4046965440739, -0.147793457712366 ], [ -91.406718123569078, -0.134490186265432 ], [ -91.40282098662648, -0.117451461104334 ], [ -91.406600699388378, -0.107015139834508 ], [ -91.404509554357617, -0.101661110568888 ], [ -91.404747342904898, -0.095411869165368 ], [ -91.408902065467004, -0.067855599953004 ], [ -91.407713601532635, -0.063586887583808 ], [ -91.404897327421367, -0.064346480056798 ], [ -91.405004080514786, -0.061796133069586 ], [ -91.407880566902918, -0.05622524008019 ], [ -91.407666721152907, -0.053602535252868 ], [ -91.408831180306237, -0.053494041271806 ], [ -91.407761717994205, -0.049116814057998 ], [ -91.410566211598834, -0.047751265719592 ], [ -91.410590466111486, -0.042596295845422 ], [ -91.418112960995657, -0.036392374765027 ], [ -91.418837895141735, -0.03057719734586 ], [ -91.422712534676336, -0.02873230503618 ], [ -91.428559633826382, -0.022654891935938 ], [ -91.43888101323455, -0.017273865135087 ], [ -91.44850729603877, -0.017129242669061 ], [ -91.44969593065305, -0.015365677360795 ], [ -91.454544750892467, -0.014407046525928 ], [ -91.461319073112463, -0.015646123297376 ], [ -91.470469944112153, -0.014615214018342 ], [ -91.477671922797896, -0.016487391934601 ], [ -91.47897892033231, -0.018947319526228 ], [ -91.486799187868542, -0.021724015487546 ], [ -91.492337498326194, -0.027060106604414 ], [ -91.499158871605815, -0.02928508417371 ], [ -91.506741453901029, -0.034340708387001 ], [ -91.509118323379269, -0.034078659085552 ], [ -91.515915862557776, -0.038501309581138 ], [ -91.524211701798663, -0.040319414844384 ], [ -91.534123909374699, -0.039243361852472 ], [ -91.538117131916721, -0.043313388395863 ], [ -91.544463606329813, -0.044986721101242 ], [ -91.548337541585241, -0.050946896291272 ], [ -91.553234291436652, -0.048315192822517 ], [ -91.559723736320478, -0.049011801039776 ], [ -91.561007285131041, -0.050033849889343 ], [ -91.559747220078634, -0.053461662409796 ], [ -91.561149616001288, -0.053886719862914 ], [ -91.568161604597691, -0.047763797213448 ], [ -91.570847981420556, -0.038140524684166 ], [ -91.57474656914232, -0.030027678200501 ], [ -91.578098178975793, -0.027377684377719 ], [ -91.579357663716536, -0.022873527485781 ], [ -91.582400425568807, -0.022656490038716 ], [ -91.585752053368594, -0.018134255303464 ], [ -91.594404253384369, -0.011459430710692 ], [ -91.592811861982497, -0.004567458006112 ], [ -91.586893080866062, 0.007036700333857 ], [ -91.578359421636833, 0.007443680273446 ], [ -91.575602466877029, 0.008755121760448 ], [ -91.572084103675692, 0.015339393554831 ], [ -91.569921514732059, 0.014263140015176 ], [ -91.565095722804955, 0.015719313532416 ], [ -91.5622674597779, 0.019436546494073 ], [ -91.557608483202429, 0.018043631465496 ], [ -91.554280782928572, 0.018830515189449 ], [ -91.553092080042333, 0.021797072769389 ], [ -91.550311011805348, 0.022204046394012 ], [ -91.547506359198934, 0.024962526259215 ], [ -91.535217011751783, 0.027612405151253 ], [ -91.529298427366371, 0.03309306096283 ], [ -91.52730167011913, 0.033165511875022 ], [ -91.526588541632506, 0.035752172538367 ], [ -91.521882171739279, 0.036394241463819 ], [ -91.516462538612146, 0.047093512307327 ], [ -91.508356867326995, 0.052745980320238 ], [ -91.509283707714644, 0.059248805195967 ], [ -91.504363302526869, 0.064801812428956 ], [ -91.499110652736306, 0.065380484303648 ], [ -91.498848751610169, 0.073484068235436 ], [ -91.493690858810723, 0.079064103186333 ], [ -91.491289954008735, 0.078991708026447 ], [ -91.492264485056509, 0.084137869900251 ], [ -91.495069002915656, 0.085648355748028 ], [ -91.49038612756037, 0.089708992995042 ], [ -91.490457039670574, 0.098879764520399 ], [ -91.486559243364567, 0.099594071423547 ], [ -91.485180266521368, 0.102298105826193 ], [ -91.482470502958407, 0.101366532788322 ], [ -91.475387333655533, 0.105246108546758 ], [ -91.473200258433863, 0.108185321887634 ], [ -91.469630251086841, 0.105761295082043 ], [ -91.460550431436232, 0.108419783554564 ], [ -91.45862539388466, 0.106864116230337 ], [ -91.459195492611727, 0.108464980410509 ], [ -91.454251897414906, 0.111268322610664 ], [ -91.45130432823666, 0.10873585072819 ], [ -91.444863117493682, 0.109232908336933 ], [ -91.442486328863808, 0.107270315726281 ], [ -91.430268691230836, 0.111574584661395 ], [ -91.426822266015748, 0.115960637219527 ], [ -91.417766336161819, 0.119830882086553 ], [ -91.412037947579933, 0.119930037012267 ], [ -91.412085568171463, 0.117126506112634 ], [ -91.40871043954553, 0.121557738471847 ], [ -91.401840965974003, 0.122443654098351 ], [ -91.399511823986828, 0.126341375640639 ], [ -91.391121612233746, 0.124423586695561 ], [ -91.386724146915569, 0.127633828971109 ], [ -91.385664822989824, 0.134344187077349 ], [ -91.383335265980961, 0.136188922677941 ], [ -91.378811708637926, 0.135609841528639 ], [ -91.378518281136905, 0.140782800196045 ], [ -91.376938119399298, 0.139995846030166 ], [ -91.37470826730214, 0.141334192531234 ], [ -91.376571557356044, 0.143495750717956 ], [ -91.37086488644448, 0.145439732050785 ], [ -91.366904741667867, 0.149255850792614 ], [ -91.367836521891263, 0.152131791837416 ], [ -91.362828157264119, 0.155920672588437 ], [ -91.366006323975796, 0.153877066684364 ], [ -91.36728723263775, 0.154763439244965 ], [ -91.363759469465265, 0.157494334518818 ], [ -91.363160760294704, 0.160460386794185 ], [ -91.361929487145474, 0.160559963754365 ], [ -91.362661521575546, 0.162034023225883 ], [ -91.361197611717188, 0.160641251985111 ], [ -91.361330361156618, 0.16263981407925 ], [ -91.358735097758071, 0.161011839715833 ], [ -91.357503776998144, 0.161952270573589 ], [ -91.356771830602952, 0.159826974585134 ], [ -91.35376079005998, 0.160242736633014 ], [ -91.352113708325305, 0.157882235470884 ], [ -91.348253490344277, 0.158786327063412 ], [ -91.348536343776104, 0.160170008413615 ], [ -91.346556072410948, 0.161128461240159 ], [ -91.347604215006371, 0.161951506110347 ], [ -91.343262029315838, 0.162231498185844 ], [ -91.344243250117543, 0.164347758704038 ] ] ], [ [ [ -90.250992933998106, -0.481644984470029 ], [ -90.246924539534803, -0.498840352571649 ], [ -90.243457097335352, -0.499363021980331 ], [ -90.242479948596824, -0.506944452240269 ], [ -90.238107230966421, -0.513494203630174 ], [ -90.236297686217654, -0.523009075290117 ], [ -90.231641434232444, -0.526043332300683 ], [ -90.229050454899493, -0.531373801665274 ], [ -90.221684395333838, -0.53818406616217 ], [ -90.199521367256565, -0.54723739437453 ], [ -90.198664746378043, -0.550725050264612 ], [ -90.177878138538645, -0.56209184974686 ], [ -90.176333022775239, -0.565795933577477 ], [ -90.168919572586788, -0.573211005420825 ], [ -90.169108115490189, -0.575361668091524 ], [ -90.17243208955226, -0.577703753905922 ], [ -90.172309845910092, -0.584354347843948 ], [ -90.170741532052773, -0.586043323345464 ], [ -90.175063027745679, -0.588250361819918 ], [ -90.175060299562162, -0.593626902447795 ], [ -90.17959508674457, -0.596764841265475 ], [ -90.18170644925911, -0.600660572543158 ], [ -90.180968450913852, -0.604437355449233 ], [ -90.184053907894935, -0.607981200424121 ], [ -90.182841350246349, -0.610510726727641 ], [ -90.181725671409566, -0.610148686683703 ], [ -90.183385721223686, -0.61445987864372 ], [ -90.179513873652994, -0.61605717527627 ], [ -90.181389580220738, -0.61665463535311 ], [ -90.179418172532507, -0.616626474799928 ], [ -90.17765597977899, -0.626194929900026 ], [ -90.179436446960338, -0.627632662123245 ], [ -90.17696558855053, -0.628914467492335 ], [ -90.176941199290567, -0.630450616923958 ], [ -90.179955705533899, -0.633298688871204 ], [ -90.178672037247424, -0.63546668932156 ], [ -90.18025832369861, -0.644196606193133 ], [ -90.183154439174004, -0.647044653455744 ], [ -90.183247879234912, -0.649529688100775 ], [ -90.187829881868652, -0.65338173842581 ], [ -90.186499541611553, -0.653643040445626 ], [ -90.18659069905334, -0.660176357211265 ], [ -90.183076666629972, -0.65875565341036 ], [ -90.179818650469329, -0.665955706465149 ], [ -90.178370809674746, -0.664472935807727 ], [ -90.175899909044148, -0.665926259882595 ], [ -90.178867569043717, -0.668178080376561 ], [ -90.178082972389731, -0.669659572600518 ], [ -90.181999450958699, -0.674496182554727 ], [ -90.186296944565527, -0.674580088370331 ], [ -90.185985900203463, -0.675962372024648 ], [ -90.188099297402132, -0.67596369874399 ], [ -90.190520558028453, -0.679046354847105 ], [ -90.190438153770828, -0.677076533191106 ], [ -90.191560163035405, -0.678143479262705 ], [ -90.190711238023923, -0.680212232161764 ], [ -90.192704319365006, -0.681577940565364 ], [ -90.19227574482106, -0.67941798062961 ], [ -90.196154380062055, -0.681200465533525 ], [ -90.194965162441164, -0.6838022493584 ], [ -90.19755411607315, -0.68418330192067 ], [ -90.195486473665156, -0.686504438248949 ], [ -90.193895336311414, -0.685617931993427 ], [ -90.19175687701464, -0.687198032436641 ], [ -90.193988685642495, -0.68908795776468 ], [ -90.192895108056632, -0.69025300175625 ], [ -90.193012450490627, -0.692954915720102 ], [ -90.194723373695922, -0.691455927354306 ], [ -90.195291250889298, -0.695043672507572 ], [ -90.196383811582251, -0.694700984141975 ], [ -90.19882808255457, -0.698750739163529 ], [ -90.200181622702175, -0.698986474590859 ], [ -90.200918797292331, -0.697143484017402 ], [ -90.204076477025637, -0.698988858542208 ], [ -90.203102747275082, -0.699539498274964 ], [ -90.205339625096087, -0.702360219051868 ], [ -90.207020843709884, -0.701791933570709 ], [ -90.206145650162867, -0.703625811391437 ], [ -90.206866602077284, -0.704394273781155 ], [ -90.209965629907373, -0.700853860858963 ], [ -90.213195543172688, -0.700882908405261 ], [ -90.213078700201976, -0.698280317427645 ], [ -90.215811597180164, -0.695336031949687 ], [ -90.219588960847588, -0.693693617258118 ], [ -90.222913129844088, -0.695891525349256 ], [ -90.223077490100039, -0.698765200065792 ], [ -90.225498457875588, -0.7016042060438 ], [ -90.223484630841313, -0.70292234787434 ], [ -90.221310328764702, -0.701420969749245 ], [ -90.220297624707257, -0.704339151931001 ], [ -90.221868433186103, -0.704502783862103 ], [ -90.221623912664072, -0.709996887343318 ], [ -90.223185233136903, -0.707106072903841 ], [ -90.225888417438725, -0.707243295382102 ], [ -90.227732202372863, -0.710732549219449 ], [ -90.225511528362958, -0.712628840812697 ], [ -90.229167905131305, -0.716363219866155 ], [ -90.232068949662661, -0.715759562310214 ], [ -90.232208416703799, -0.720811149445101 ], [ -90.233758103993679, -0.720730767367677 ], [ -90.232151481481068, -0.72495894912154 ], [ -90.233753215361915, -0.728782454274991 ], [ -90.23269802907636, -0.7294324423464 ], [ -90.23592371217498, -0.736492106244804 ], [ -90.234767619031871, -0.740621154151556 ], [ -90.237929715781448, -0.744291976629646 ], [ -90.246487409436085, -0.746457231792007 ], [ -90.248386954596526, -0.748527796268188 ], [ -90.250673704187165, -0.745980872244542 ], [ -90.252771680007342, -0.746659954459981 ], [ -90.254322517140807, -0.743877582803721 ], [ -90.255575131566232, -0.744492919086695 ], [ -90.254189178406563, -0.746389713856925 ], [ -90.257111861556467, -0.746373550943224 ], [ -90.257704560099469, -0.747648070252947 ], [ -90.272252872245531, -0.745515441522323 ], [ -90.287206683910824, -0.746663421662547 ], [ -90.29749125574854, -0.746028156451136 ], [ -90.299393828231487, -0.743399518118482 ], [ -90.303800020682644, -0.74350163898559 ], [ -90.305501928395742, -0.74516553600511 ], [ -90.304623748848726, -0.743429848079148 ], [ -90.307481932062942, -0.741624155134529 ], [ -90.308403672714718, -0.743703289291482 ], [ -90.311941447611048, -0.743597013172502 ], [ -90.310665921654277, -0.745701914188284 ], [ -90.313004503138487, -0.748586247349856 ], [ -90.315520725571801, -0.748163046698043 ], [ -90.30849817188934, -0.750689143802455 ], [ -90.308694871495533, -0.752921467217397 ], [ -90.311078943665734, -0.752968135158033 ], [ -90.310352123955866, -0.756031316904349 ], [ -90.312132847157059, -0.754532240697965 ], [ -90.31398696631021, -0.755286240859245 ], [ -90.312932064790601, -0.758952017324095 ], [ -90.306646943514764, -0.759381865673182 ], [ -90.304568800699428, -0.76183866544612 ], [ -90.307544742267609, -0.764687246219767 ], [ -90.311951094618877, -0.764653926181944 ], [ -90.311554246774122, -0.76669609954912 ], [ -90.313542158310767, -0.767619122895609 ], [ -90.32146691698253, -0.76337656804693 ], [ -90.327697094600651, -0.763913678741461 ], [ -90.332480460893507, -0.761304854611699 ], [ -90.337897249056155, -0.762700043023613 ], [ -90.338500242292298, -0.76485133853221 ], [ -90.34372884148776, -0.767339917419735 ], [ -90.343420356425924, -0.768948401306544 ], [ -90.345826828087709, -0.76897697683698 ], [ -90.34640999909881, -0.766880632914504 ], [ -90.340533558276661, -0.763975925558874 ], [ -90.341413409588412, -0.762105711861586 ], [ -90.344402735156024, -0.761655692099906 ], [ -90.346883552289043, -0.765127614127083 ], [ -90.350719874185202, -0.763322522111575 ], [ -90.352498329140303, -0.765628196974871 ], [ -90.354883776631183, -0.764707902038219 ], [ -90.355529533268125, -0.768513132171172 ], [ -90.352132942093419, -0.770553505430833 ], [ -90.355385158730599, -0.771513525297172 ], [ -90.354823021771892, -0.774061776225146 ], [ -90.358733787953966, -0.775166775508248 ], [ -90.366674141379065, -0.77351785999417 ], [ -90.366937050414947, -0.770291570493996 ], [ -90.374540320012841, -0.767593968732011 ], [ -90.372332296977078, -0.765676647774961 ], [ -90.37447135724679, -0.763761968569203 ], [ -90.375467520624909, -0.766419620155972 ], [ -90.377511469068963, -0.76482125483728 ], [ -90.379481688286077, -0.766738522283045 ], [ -90.378602234927982, -0.76788569288706 ], [ -90.38123861870865, -0.768312134237521 ], [ -90.381500787532744, -0.767191609881962 ], [ -90.384373568370322, -0.769416672423635 ], [ -90.38981367949269, -0.768606632091559 ], [ -90.39221192528143, -0.77054219935888 ], [ -90.393258717708974, -0.768464190068947 ], [ -90.393138252731049, -0.770904290962435 ], [ -90.397269984710078, -0.773419382171931 ], [ -90.399290749433291, -0.770429075761149 ], [ -90.406298524032692, -0.770957580489047 ], [ -90.40639277617062, -0.772087294582676 ], [ -90.407488053368979, -0.76739734695465 ], [ -90.411098626837628, -0.768041247357331 ], [ -90.411623418135022, -0.76410099765455 ], [ -90.413950260435101, -0.766352875911747 ], [ -90.411814505965637, -0.762664068683894 ], [ -90.416352324063809, -0.761997999912013 ], [ -90.415189064161368, -0.761066381035012 ], [ -90.416045545801012, -0.758888730276282 ], [ -90.418568314257797, -0.759134274890458 ], [ -90.418141587548391, -0.757669852831883 ], [ -90.422535814439982, -0.758820325974236 ], [ -90.421445731300579, -0.754635041271351 ], [ -90.426380971266951, -0.756716733721039 ], [ -90.425139137523246, -0.753805738151865 ], [ -90.433810015310414, -0.753856084365709 ], [ -90.439063178937317, -0.747731297466888 ], [ -90.444646571347491, -0.74694824695461 ], [ -90.446144168028994, -0.745231854809487 ], [ -90.446593934728838, -0.747907442089707 ], [ -90.449871778504445, -0.748433581814262 ], [ -90.451039471592807, -0.742722066604222 ], [ -90.456862715082153, -0.736669763953148 ], [ -90.455533292004986, -0.735738052563685 ], [ -90.463184511876094, -0.732154206080347 ], [ -90.467085240283197, -0.723976672275898 ], [ -90.466611207392589, -0.721680652439494 ], [ -90.473808258818991, -0.72351045150167 ], [ -90.47891727338552, -0.721217537557799 ], [ -90.480816324472556, -0.723315532622486 ], [ -90.4845697444444, -0.723633960003736 ], [ -90.485806855744656, -0.720019251004465 ], [ -90.483956104375508, -0.715932810449696 ], [ -90.49072636800706, -0.716433670124828 ], [ -90.499281399953503, -0.711394826073849 ], [ -90.501825224920566, -0.708241726288293 ], [ -90.515817311920799, -0.708945285113073 ], [ -90.518195053663177, -0.705764925452833 ], [ -90.523397749039106, -0.705858106914817 ], [ -90.52615405701188, -0.704187404706026 ], [ -90.525870007922421, -0.702225829503372 ], [ -90.528174849582868, -0.702136669424361 ], [ -90.527130028059048, -0.700861639687324 ], [ -90.536065180321359, -0.695659986386604 ], [ -90.535092893265173, -0.693002045079085 ], [ -90.537635975325486, -0.690183243653251 ], [ -90.534882170957403, -0.687000122658419 ], [ -90.536403569400676, -0.684777347764573 ], [ -90.540846752678604, -0.68319783487764 ], [ -90.542369376423935, -0.679655359916848 ], [ -90.541775705903802, -0.678706016958815 ], [ -90.540967393726319, -0.68020606296714 ], [ -90.538686727526795, -0.680186814325436 ], [ -90.536383138117856, -0.678603778783824 ], [ -90.536029999599876, -0.67222214756452 ], [ -90.538287196414302, -0.670903613711623 ], [ -90.537742770639724, -0.667676453886363 ], [ -90.539453391112772, -0.66743326590314 ], [ -90.541070386471944, -0.663610617340391 ], [ -90.54143027672761, -0.656415817480745 ], [ -90.544685160462862, -0.656435505462987 ], [ -90.544924281211721, -0.654022226975633 ], [ -90.546919544560637, -0.654692092927235 ], [ -90.544712263533299, -0.650316156549186 ], [ -90.546969127971053, -0.649648377565747 ], [ -90.548164570018542, -0.647090935300823 ], [ -90.545765763681061, -0.645345249636071 ], [ -90.543845868984491, -0.636070367636779 ], [ -90.545891449667408, -0.631190313166413 ], [ -90.550477303378756, -0.629158720866691 ], [ -90.5490525016763, -0.627838356790882 ], [ -90.549410577335067, -0.624132546832022 ], [ -90.546223980832764, -0.62208824677269 ], [ -90.546985347951818, -0.620009642167694 ], [ -90.542972999379103, -0.613617243519168 ], [ -90.54328376616175, -0.610200671037835 ], [ -90.538320373892688, -0.60589586951535 ], [ -90.537490633302411, -0.601611053680585 ], [ -90.540413226620799, -0.600437321119812 ], [ -90.541174989896902, -0.597382511773168 ], [ -90.53832527689751, -0.594940723876569 ], [ -90.535834294428724, -0.587093853406021 ], [ -90.531366049052679, -0.584877349420542 ], [ -90.532553978489446, -0.583775134362959 ], [ -90.530892764458727, -0.580213092893904 ], [ -90.536025908672073, -0.576165926885155 ], [ -90.535195310190716, -0.573679871972196 ], [ -90.536977383559773, -0.572894261819991 ], [ -90.535838223659781, -0.570426255339363 ], [ -90.534032519208836, -0.571482969292432 ], [ -90.533343870712045, -0.570018329012136 ], [ -90.53607708838878, -0.568012875261743 ], [ -90.536507347273869, -0.565744297339237 ], [ -90.53125834194843, -0.562542297234752 ], [ -90.530926719878153, -0.559993269363502 ], [ -90.528551073905334, -0.560624956024447 ], [ -90.526437721622415, -0.557731717305571 ], [ -90.52463198393383, -0.558969186662974 ], [ -90.524062466416737, -0.557251571651168 ], [ -90.522066602094895, -0.558281148486498 ], [ -90.521995707950992, -0.557106140385199 ], [ -90.517316063835764, -0.555838620709301 ], [ -90.51679581711538, -0.550550728556164 ], [ -90.515204431826618, -0.548995395990906 ], [ -90.516131240773248, -0.548209414232559 ], [ -90.513186532729179, -0.546147351873567 ], [ -90.511643925062046, -0.541961782121435 ], [ -90.515327391426098, -0.539242644405815 ], [ -90.513926396875277, -0.537280662184364 ], [ -90.515376874225183, -0.53482271773609 ], [ -90.513364262611518, -0.532724911106981 ], [ -90.513982684412653, -0.531387476130707 ], [ -90.511036762744666, -0.532579391217801 ], [ -90.502104899214615, -0.530759021992479 ], [ -90.498540947410902, -0.532357369606801 ], [ -90.495722007099886, -0.529942908774475 ], [ -90.490961253199345, -0.529633610485327 ], [ -90.485319848486441, -0.521587055466983 ], [ -90.478122473666531, -0.520725498055206 ], [ -90.475817614039784, -0.522351448730274 ], [ -90.474108110172622, -0.520172487439055 ], [ -90.479168894191531, -0.517833556352062 ], [ -90.477387867359781, -0.516278270313229 ], [ -90.476342090926821, -0.517190692463248 ], [ -90.475986850351092, -0.514723122228906 ], [ -90.474655927985694, -0.517352754512143 ], [ -90.473491797615765, -0.516728634059072 ], [ -90.474773960325834, -0.518283763687099 ], [ -90.473609013387289, -0.521130408611516 ], [ -90.471447904867247, -0.520081128945886 ], [ -90.470900557771387, -0.522060272823508 ], [ -90.464702504806141, -0.516924011481168 ], [ -90.463727999809507, -0.51792682012656 ], [ -90.462564694991315, -0.516317466709218 ], [ -90.460284125809849, -0.516560593050739 ], [ -90.459786139342185, -0.514382141786074 ], [ -90.457814126189461, -0.51481519762588 ], [ -90.455178735047184, -0.511578488190886 ], [ -90.453159539680769, -0.5122284158162 ], [ -90.450333282591757, -0.510266037065458 ], [ -90.448931695152865, -0.511458467272337 ], [ -90.442589472465997, -0.510814211306343 ], [ -90.441591043536718, -0.512675685275647 ], [ -90.43667387767384, -0.511236631757958 ], [ -90.428098365935554, -0.512191219863306 ], [ -90.422487275770223, -0.508772549943295 ], [ -90.415753304076148, -0.507179094681608 ], [ -90.415184606720914, -0.503753497265258 ], [ -90.401834926539934, -0.50447118117678 ], [ -90.394837452023566, -0.508345619964797 ], [ -90.393229869211936, -0.50695313681249 ], [ -90.391429395650917, -0.508055021910275 ], [ -90.391451379222545, -0.511986504681722 ], [ -90.389925448778655, -0.512672755986781 ], [ -90.388227444245445, -0.512572596943182 ], [ -90.387128844178847, -0.509824684406696 ], [ -90.385061353586138, -0.512336357557647 ], [ -90.381272699892222, -0.512524592895217 ], [ -90.379789019012776, -0.5097222275191 ], [ -90.372628162505791, -0.508887857637554 ], [ -90.370761440887506, -0.514264534596042 ], [ -90.366889240278894, -0.514416567433571 ], [ -90.366335345362913, -0.516006970342974 ], [ -90.361468540851519, -0.513971420729484 ], [ -90.362448674691706, -0.51173053905779 ], [ -90.358784835618309, -0.512587546107899 ], [ -90.358668027681915, -0.508710354841486 ], [ -90.361875732796761, -0.506108831594011 ], [ -90.362327836912939, -0.503668848694084 ], [ -90.361047870583747, -0.496926240735888 ], [ -90.362069491318707, -0.495842134349996 ], [ -90.359814118084316, -0.49422364531646 ], [ -90.35879159544082, -0.496157178782964 ], [ -90.355776048050089, -0.49371579894994 ], [ -90.350811797889904, -0.493261941987605 ], [ -90.348578121664588, -0.496053650030853 ], [ -90.346108132823986, -0.494525264106167 ], [ -90.346037773177684, -0.492537038259487 ], [ -90.340122869189997, -0.493881233734994 ], [ -90.336370897302373, -0.491032939283487 ], [ -90.335941426239785, -0.495931051656372 ], [ -90.334136911158282, -0.494665088856851 ], [ -90.331024120239718, -0.497320819855029 ], [ -90.329314613677653, -0.495521702906782 ], [ -90.326535644803485, -0.495547660552691 ], [ -90.325798792708554, -0.497336764350671 ], [ -90.330499435841844, -0.503059370684977 ], [ -90.326057499425531, -0.504132987555929 ], [ -90.325182234911594, -0.494065006042386 ], [ -90.323328882919697, -0.496070523352738 ], [ -90.319173041056757, -0.494514435318777 ], [ -90.314991523546354, -0.496970851191519 ], [ -90.310622898640389, -0.4930016971127 ], [ -90.303118320654562, -0.490992394413709 ], [ -90.296584177398813, -0.496565652567 ], [ -90.290200748989861, -0.495433334445051 ], [ -90.285333938190249, -0.488951735659436 ], [ -90.280964023303525, -0.48857039762862 ], [ -90.280086081810055, -0.486970527338252 ], [ -90.27782911047278, -0.488234793841846 ], [ -90.274290686094517, -0.486489218393418 ], [ -90.272935659235102, -0.489497975880723 ], [ -90.265929324635096, -0.489350510230634 ], [ -90.250992933998106, -0.481644984470029 ] ] ], [ [ [ -91.459746201203401, -0.259916105941159 ], [ -91.452376884346535, -0.264464326518359 ], [ -91.450023873223941, -0.263532500491014 ], [ -91.449263426878048, -0.265277892333362 ], [ -91.448811589561473, -0.264102117970948 ], [ -91.446268616197315, -0.264707744008685 ], [ -91.445888218302045, -0.262455749812162 ], [ -91.443606378902771, -0.262690607385407 ], [ -91.448002999804572, -0.269157596594904 ], [ -91.445222000737886, -0.269464733485882 ], [ -91.44484143575599, -0.27298278507986 ], [ -91.441109313042887, -0.273271703348705 ], [ -91.442178542691281, -0.276120687410051 ], [ -91.43863733533226, -0.276310140800225 ], [ -91.440126566901853, -0.274637210514702 ], [ -91.438711580192162, -0.275297231085941 ], [ -91.436907689439806, -0.274492083058717 ], [ -91.437472878873848, -0.271760893369025 ], [ -91.434311443284344, -0.274654531631002 ], [ -91.432172400980932, -0.273532805594864 ], [ -91.426229430928842, -0.276733554981574 ], [ -91.426728172879621, -0.279754276082528 ], [ -91.425658783331116, -0.27824380468811 ], [ -91.418907785867461, -0.286237654607095 ], [ -91.414961887472941, -0.285784913836357 ], [ -91.411871664030954, -0.28939296609615 ], [ -91.409922846277183, -0.289293209455875 ], [ -91.409779873111503, -0.291879717845612 ], [ -91.407854451979304, -0.293100354308049 ], [ -91.407640213665488, -0.295370317691366 ], [ -91.406808291965703, -0.294221634684236 ], [ -91.405666942871363, -0.297459145861457 ], [ -91.40771069368607, -0.301113137158829 ], [ -91.403598235959763, -0.303319212500445 ], [ -91.402908098954541, -0.307813864611696 ], [ -91.400340975282276, -0.308681677617728 ], [ -91.396655862306304, -0.317770083191443 ], [ -91.393779107321905, -0.320374228276514 ], [ -91.394800179186234, -0.328893588808083 ], [ -91.385529657082273, -0.334182645904374 ], [ -91.386622722628431, -0.334734491344064 ], [ -91.384506661924931, -0.337727602077665 ], [ -91.384672890676669, -0.340883878991371 ], [ -91.385599545113052, -0.342747036176018 ], [ -91.388475238288791, -0.343299191041257 ], [ -91.386787193377145, -0.345098599968105 ], [ -91.382675571982404, -0.345522950113261 ], [ -91.380511677786657, -0.349067699087558 ], [ -91.381724149196984, -0.357143912151753 ], [ -91.380969090047856, -0.356574026599442 ], [ -91.380479957375655, -0.357161779295623 ], [ -91.382138944482804, -0.357831306695016 ], [ -91.38066064451192, -0.357749650529523 ], [ -91.379386179465499, -0.363862942112784 ], [ -91.382658928895125, -0.370022282523077 ], [ -91.381017817363812, -0.376008891620673 ], [ -91.382562387849859, -0.379047856797525 ], [ -91.380446770015794, -0.379282594017582 ], [ -91.380160847938953, -0.383035663242296 ], [ -91.378711117089054, -0.383279566557724 ], [ -91.3768073642198, -0.394258199815549 ], [ -91.381655413704721, -0.397903751911346 ], [ -91.383792652191019, -0.407662312140341 ], [ -91.386169228818488, -0.410918521351052 ], [ -91.384076789315387, -0.413070493166079 ], [ -91.384408562302639, -0.418840434876354 ], [ -91.387307566759986, -0.423453324532788 ], [ -91.391490851256563, -0.424322396531235 ], [ -91.394530996316391, -0.433294416793853 ], [ -91.38911115478011, -0.436042544675166 ], [ -91.390322774587574, -0.438774008293484 ], [ -91.388848623934962, -0.440202593892942 ], [ -91.38920360669421, -0.447356245121567 ], [ -91.387516182518439, -0.448368766430206 ], [ -91.388370783085875, -0.453243512970028 ], [ -91.386968481486321, -0.452166999249011 ], [ -91.386949766884015, -0.455540295479213 ], [ -91.389492932487641, -0.456770810977559 ], [ -91.38857820498329, -0.454690553757786 ], [ -91.39005205110702, -0.45469992738262 ], [ -91.393597613498528, -0.462695378757622 ], [ -91.399158834589187, -0.465735345883435 ], [ -91.398516494245285, -0.468303623012681 ], [ -91.401130782164898, -0.470402378218714 ], [ -91.401320343757845, -0.473802875711521 ], [ -91.403340026011122, -0.47593767650815 ], [ -91.407808694493667, -0.476318555325424 ], [ -91.408806474839295, -0.478570691888316 ], [ -91.415104307276408, -0.481963593958034 ], [ -91.417622363171233, -0.487499010466774 ], [ -91.423778498050382, -0.489472025397501 ], [ -91.424562114642384, -0.49275513396174 ], [ -91.431109366114754, -0.495831613675357 ], [ -91.443565273792004, -0.493483146619951 ], [ -91.445062233567981, -0.495708311043931 ], [ -91.448247651480642, -0.495211645703784 ], [ -91.450933381516492, -0.497002985415237 ], [ -91.453547911981246, -0.495927367803409 ], [ -91.462508446141911, -0.499429509158782 ], [ -91.47080390988701, -0.499404325846493 ], [ -91.480857884191295, -0.502346008246769 ], [ -91.488464602421544, -0.501732781588273 ], [ -91.492719307474758, -0.503117525374588 ], [ -91.494762406112571, -0.506391987484487 ], [ -91.513731229855409, -0.505491970847522 ], [ -91.518794791465155, -0.503358689471393 ], [ -91.522171587364255, -0.498764967013198 ], [ -91.526402256195425, -0.499986903372476 ], [ -91.529088922275804, -0.498097249376009 ], [ -91.533034544887528, -0.498487040585845 ], [ -91.538194070824161, -0.494155956184447 ], [ -91.549294842047544, -0.492837925025825 ], [ -91.557663134907699, -0.489855095265685 ], [ -91.564960344895013, -0.490905829642706 ], [ -91.577274056449312, -0.489859316294937 ], [ -91.582694393855633, -0.487174250696688 ], [ -91.586402427346087, -0.488323689690838 ], [ -91.58920758929726, -0.486551552938562 ], [ -91.600451517840966, -0.486463465520827 ], [ -91.603185798224658, -0.482638168903471 ], [ -91.60544414488264, -0.483136089177749 ], [ -91.606680452190716, -0.481200796717178 ], [ -91.60955661518534, -0.481029539844447 ], [ -91.611934762067932, -0.477801092462281 ], [ -91.612910096209561, -0.472347374291577 ], [ -91.610795594981411, -0.468493935525722 ], [ -91.619545391562923, -0.456285380401134 ], [ -91.625180493695808, -0.452315849946279 ], [ -91.632791261531366, -0.428602053215528 ], [ -91.636690639770592, -0.424632115463257 ], [ -91.637309462220344, -0.421303763875453 ], [ -91.640661540076096, -0.419441136606271 ], [ -91.642802101430632, -0.412766480626238 ], [ -91.647747092609421, -0.408380615573492 ], [ -91.647747998111228, -0.402926616652162 ], [ -91.6522665796859, -0.389260693168067 ], [ -91.651653390571283, -0.359874078703389 ], [ -91.653246373064604, -0.356482516993109 ], [ -91.651963625551275, -0.350232379098714 ], [ -91.653367776781991, -0.339849156619477 ], [ -91.657409055598436, -0.33592427608602 ], [ -91.661927815039519, -0.322113449822035 ], [ -91.66166726408126, -0.313403248395693 ], [ -91.658578006328199, -0.306917718179212 ], [ -91.656319894130519, -0.304194945305991 ], [ -91.653657654141014, -0.304646849905784 ], [ -91.653237935189139, -0.302222793580597 ], [ -91.651446998143172, -0.304167198534505 ], [ -91.643792872222107, -0.299788568822918 ], [ -91.637731411689103, -0.298584861617829 ], [ -91.62993451831656, -0.300266202799105 ], [ -91.618619935479131, -0.296004731836097 ], [ -91.61386529371579, -0.298419053731254 ], [ -91.604761721710744, -0.296572794571738 ], [ -91.591806356125417, -0.298226297647035 ], [ -91.58698101694921, -0.296190653667691 ], [ -91.582250696173872, -0.297673346252147 ], [ -91.565635465661956, -0.295853248255315 ], [ -91.559312300733836, -0.29663928787641 ], [ -91.547760425219153, -0.293526498714987 ], [ -91.546715247064185, -0.290966801475635 ], [ -91.533119538089821, -0.283928545786717 ], [ -91.508874643680358, -0.281989956535461 ], [ -91.503835856707809, -0.277629998466259 ], [ -91.501387779573619, -0.277656820049117 ], [ -91.499937854687602, -0.27454543249275 ], [ -91.498131583399726, -0.274355276600026 ], [ -91.498179562419054, -0.272320342550555 ], [ -91.496515304896135, -0.272482927694646 ], [ -91.487080003022982, -0.264640471691458 ], [ -91.480947539649904, -0.264495010844903 ], [ -91.473104111749009, -0.261048249976889 ], [ -91.46823138913652, -0.262983080493132 ], [ -91.468207388847077, -0.261807349931106 ], [ -91.463643768438999, -0.26142693713687 ], [ -91.461979902581547, -0.263217451174706 ], [ -91.459746201203401, -0.259916105941159 ] ] ], [ [ [ -90.790457666293008, -0.145091608149299 ], [ -90.785262029878595, -0.147830693655309 ], [ -90.781191317761881, -0.146012822110729 ], [ -90.779064552733459, -0.148508210658541 ], [ -90.772946870240062, -0.148787415092352 ], [ -90.766053879672711, -0.151895462985933 ], [ -90.765323771230598, -0.15050617921918 ], [ -90.760102961326979, -0.151559364890746 ], [ -90.749653514498661, -0.150068755079531 ], [ -90.748856892996272, -0.152274501293175 ], [ -90.744656315930499, -0.154686965045341 ], [ -90.739157331021062, -0.163981120012275 ], [ -90.727955567600162, -0.166386134493101 ], [ -90.723452196299874, -0.169599931642251 ], [ -90.709913785467592, -0.169503259866257 ], [ -90.708013216227712, -0.171558752438696 ], [ -90.704377829494305, -0.171451367412424 ], [ -90.702341412525584, -0.174457446338575 ], [ -90.700570989407453, -0.173706256107332 ], [ -90.699614716617845, -0.175734500654485 ], [ -90.701284832054725, -0.17603177513753 ], [ -90.701361352347249, -0.177659715002108 ], [ -90.698569480072379, -0.180998397894619 ], [ -90.701608447440876, -0.183803102763724 ], [ -90.697376961142794, -0.184117445915906 ], [ -90.69998120140599, -0.186848862530521 ], [ -90.697196098835093, -0.188741467920642 ], [ -90.69255974004183, -0.189476245396616 ], [ -90.688172394245328, -0.186237826322956 ], [ -90.683621172384804, -0.188603924019968 ], [ -90.683727913800126, -0.187370143127085 ], [ -90.682146745051114, -0.187484656153546 ], [ -90.680308917743929, -0.189549446912031 ], [ -90.676405967803134, -0.189061342780079 ], [ -90.674959222953248, -0.195872869818215 ], [ -90.668625202783232, -0.197333082597457 ], [ -90.664277688286433, -0.196196376411315 ], [ -90.664266205122161, -0.193326250507858 ], [ -90.659740015715343, -0.195860891752207 ], [ -90.652173049733037, -0.197103535656106 ], [ -90.650914121049468, -0.195536762623769 ], [ -90.646554711959993, -0.194914294830714 ], [ -90.644701181203331, -0.198142879359045 ], [ -90.64547259777548, -0.203034095256453 ], [ -90.640899395038261, -0.202387656352484 ], [ -90.638927178866282, -0.204850845561136 ], [ -90.635173528925719, -0.204850287710904 ], [ -90.634911905378999, -0.206847334801511 ], [ -90.632346083365576, -0.207121996500617 ], [ -90.631823050969501, -0.209633218472666 ], [ -90.624898288787193, -0.206678409508898 ], [ -90.619528188764804, -0.213362381880569 ], [ -90.617045645069808, -0.21297932492833 ], [ -90.617152239161427, -0.215000319897731 ], [ -90.610428736433676, -0.216936519634756 ], [ -90.608516531315928, -0.215537086440908 ], [ -90.607185935937295, -0.216912086532449 ], [ -90.607411837078416, -0.215560828745847 ], [ -90.605902889284991, -0.218059883549684 ], [ -90.603847887969664, -0.21833459535466 ], [ -90.606009051286946, -0.222711697579559 ], [ -90.605011049057424, -0.224062827159382 ], [ -90.599974718078883, -0.223499956078757 ], [ -90.596766721011562, -0.228677357705095 ], [ -90.594165543105191, -0.227660469273556 ], [ -90.592668477328004, -0.230075779054345 ], [ -90.590946185044473, -0.229740655354138 ], [ -90.590708123409343, -0.232682335479562 ], [ -90.588106974249072, -0.231581734914601 ], [ -90.588683496828736, -0.235644437118606 ], [ -90.585254101874796, -0.235287284350724 ], [ -90.585574338697185, -0.238037718132553 ], [ -90.582241504551462, -0.237501590221146 ], [ -90.58291805184308, -0.240419495905244 ], [ -90.580942442734255, -0.246005544609775 ], [ -90.578329156436169, -0.246495349189567 ], [ -90.580086796527823, -0.248313306780553 ], [ -90.57894633407065, -0.249174079645274 ], [ -90.580787154564362, -0.250800724495476 ], [ -90.580394673430192, -0.253515145586515 ], [ -90.57772160514827, -0.256073674930336 ], [ -90.576640798910816, -0.255511438471765 ], [ -90.575440534706871, -0.258536605126299 ], [ -90.576271423344068, -0.261586075625148 ], [ -90.573704899746417, -0.265938311362606 ], [ -90.57230402826481, -0.265885404755411 ], [ -90.573965660910474, -0.268784381249516 ], [ -90.571853603998207, -0.272208330187516 ], [ -90.57414919660448, -0.273140242689637 ], [ -90.57245530635528, -0.277337207711196 ], [ -90.575234003938206, -0.281287742978379 ], [ -90.57005513278196, -0.281746101921004 ], [ -90.563869551127809, -0.284871986197975 ], [ -90.566017165155642, -0.289381850484615 ], [ -90.564114011462692, -0.291923341266288 ], [ -90.561146541007631, -0.293950596770397 ], [ -90.55932230161747, -0.29304944924349 ], [ -90.553837420257992, -0.299349631923603 ], [ -90.550059704450931, -0.299836916387882 ], [ -90.546173633854337, -0.311648854863746 ], [ -90.54732371187832, -0.313339839963152 ], [ -90.545837213882123, -0.317710495261705 ], [ -90.548423786978603, -0.321443118663832 ], [ -90.555699843437608, -0.32269618939906 ], [ -90.557529296649733, -0.321716081836511 ], [ -90.567386502177527, -0.328462769276415 ], [ -90.568502439729116, -0.330974224087273 ], [ -90.566102030797154, -0.335135013641349 ], [ -90.570377697139207, -0.337049367830873 ], [ -90.572346848259457, -0.34750119642994 ], [ -90.576796604510321, -0.348482462912954 ], [ -90.575572812530766, -0.353955663950783 ], [ -90.577571569427832, -0.356821619951501 ], [ -90.576792207257, -0.358588529459757 ], [ -90.578336061785777, -0.359808666471083 ], [ -90.57864087812797, -0.363540974435526 ], [ -90.586161990504905, -0.366689271121152 ], [ -90.588572299769595, -0.371586881419822 ], [ -90.592419684418488, -0.370654789271493 ], [ -90.598972553954653, -0.375173708116884 ], [ -90.604876993467599, -0.375108138794821 ], [ -90.609159551684513, -0.372111257431825 ], [ -90.613453982036219, -0.372524181791759 ], [ -90.615977437704217, -0.369296512777916 ], [ -90.619250929142254, -0.370058646465706 ], [ -90.622534829359509, -0.367842926789894 ], [ -90.631016384505628, -0.370058408417108 ], [ -90.63781158986103, -0.364375816782473 ], [ -90.64064209687966, -0.365608832797267 ], [ -90.649116287637057, -0.362030409412993 ], [ -90.654050646356154, -0.363489211855733 ], [ -90.65627589368917, -0.35872875911804 ], [ -90.655522190996109, -0.357068639284566 ], [ -90.657718288896461, -0.355550985620078 ], [ -90.661874644595741, -0.357443432491423 ], [ -90.665007033160549, -0.354111490829946 ], [ -90.668100165347425, -0.354421100054001 ], [ -90.669367042324637, -0.348489375321193 ], [ -90.671362304775244, -0.346693748875341 ], [ -90.673073873869228, -0.348155734613816 ], [ -90.671450524726026, -0.348348347819061 ], [ -90.671538413198491, -0.350101874291528 ], [ -90.673034967834255, -0.350433328471311 ], [ -90.673086449384897, -0.348992146784105 ], [ -90.674019228534888, -0.350214820956201 ], [ -90.673828910560474, -0.354006368389289 ], [ -90.676817965735168, -0.352261509431312 ], [ -90.677456764021912, -0.353471246783466 ], [ -90.681112571258367, -0.352815904994124 ], [ -90.681529308701812, -0.351288506790548 ], [ -90.684475012977529, -0.351610928538166 ], [ -90.687048870421165, -0.353519452159065 ], [ -90.689294720615223, -0.352891405165349 ], [ -90.692470411569971, -0.357535098391978 ], [ -90.694409985659476, -0.355120396350921 ], [ -90.695329584727631, -0.357502736315582 ], [ -90.702867681551638, -0.352387487683215 ], [ -90.706986227160627, -0.354164078998792 ], [ -90.710775454878018, -0.35870872348663 ], [ -90.720580145792624, -0.35822593518284 ], [ -90.721259795865222, -0.35640640690688 ], [ -90.724831446230922, -0.354940504084076 ], [ -90.733068168241275, -0.360567114349802 ], [ -90.736420834493529, -0.358770291911055 ], [ -90.741350187799853, -0.360392727855166 ], [ -90.746795706780233, -0.356875938226561 ], [ -90.748680804335976, -0.353468537516111 ], [ -90.752120620645499, -0.353800238608249 ], [ -90.753907046352126, -0.350701599919334 ], [ -90.757303220708522, -0.3503384699477 ], [ -90.758366480153526, -0.347757994890158 ], [ -90.761948817776144, -0.347747821656946 ], [ -90.764447518569867, -0.343811132616669 ], [ -90.766868569888715, -0.344010222646567 ], [ -90.772032143634021, -0.334439645939023 ], [ -90.775053415089729, -0.334619254730429 ], [ -90.775299009996857, -0.336766340527384 ], [ -90.779705228499139, -0.338610657570348 ], [ -90.785442890389703, -0.337291664420402 ], [ -90.789901886711561, -0.327507088863778 ], [ -90.79651872797406, -0.327742531653901 ], [ -90.802833225956306, -0.335244906262767 ], [ -90.806046061349747, -0.334970366044773 ], [ -90.810750020164775, -0.330470813893596 ], [ -90.812376559225541, -0.332122777304944 ], [ -90.815466339798093, -0.331985832337994 ], [ -90.818611673086139, -0.327898798226296 ], [ -90.822152936140711, -0.326316779402368 ], [ -90.8214415827251, -0.328326085664543 ], [ -90.822726593992925, -0.328849378051369 ], [ -90.826541094912528, -0.328217096656612 ], [ -90.831680965710731, -0.331218669560846 ], [ -90.833403799678379, -0.330255599993658 ], [ -90.83351396996315, -0.326553230113782 ], [ -90.83520938106011, -0.325961765563685 ], [ -90.833596703902501, -0.32324999556621 ], [ -90.834895794465808, -0.321901445373254 ], [ -90.833542392658742, -0.321474486441543 ], [ -90.834581818900958, -0.319657918350523 ], [ -90.832121932514042, -0.314826394675295 ], [ -90.834050089016287, -0.312597102407374 ], [ -90.83272065426101, -0.310397377279927 ], [ -90.834365855821801, -0.306087006718367 ], [ -90.832110603860002, -0.303278786184118 ], [ -90.833901793332558, -0.302219353979228 ], [ -90.832890683784726, -0.299232461768076 ], [ -90.832220757076769, -0.29932867361572 ], [ -90.831400599713945, -0.298626569830032 ], [ -90.830949385828205, -0.298887986803629 ], [ -90.830204598914335, -0.298472067088534 ], [ -90.833136968597969, -0.298227772660754 ], [ -90.837844925814309, -0.291367493427395 ], [ -90.845237772243422, -0.290976718748505 ], [ -90.845826228941633, -0.287935062012245 ], [ -90.843894004867778, -0.281333302285537 ], [ -90.847375707822394, -0.277753758807699 ], [ -90.848658715847151, -0.278178916546842 ], [ -90.848262184209389, -0.274887551936148 ], [ -90.851338423577346, -0.274310034367671 ], [ -90.851953450645027, -0.27543877070239 ], [ -90.854944593504442, -0.271363208269734 ], [ -90.855133793974659, -0.274256339983421 ], [ -90.857832295358918, -0.275508655230478 ], [ -90.860484918883273, -0.273857479085368 ], [ -90.860594026461058, -0.275357752582812 ], [ -90.86223468434315, -0.275137828674402 ], [ -90.862781964963688, -0.272839370671663 ], [ -90.870876432460605, -0.268697884320608 ], [ -90.870033165038791, -0.267424008137935 ], [ -90.872052848190393, -0.265023129253538 ], [ -90.870955536307903, -0.261044581295322 ], [ -90.868906772893922, -0.261528381028903 ], [ -90.867128173310078, -0.257392565495101 ], [ -90.869698945939021, -0.249359987827213 ], [ -90.868817335725922, -0.244912131568048 ], [ -90.864640721220354, -0.241263493387462 ], [ -90.857843200008148, -0.24331959561913 ], [ -90.853859602914397, -0.240941195988444 ], [ -90.8534659791232, -0.238409674937276 ], [ -90.849854613340483, -0.235690687388061 ], [ -90.850007020613276, -0.231776549160974 ], [ -90.846715875483255, -0.230215543208616 ], [ -90.845358033303754, -0.221627931456091 ], [ -90.842862580818135, -0.218359233269078 ], [ -90.836028909602248, -0.215140783977553 ], [ -90.831245702311193, -0.208554022016062 ], [ -90.828516682461796, -0.200023771326334 ], [ -90.832393864228649, -0.19516935380813 ], [ -90.835064188157389, -0.194564494676207 ], [ -90.834114716512786, -0.184979643554758 ], [ -90.838253690709635, -0.178365121759181 ], [ -90.832593177033999, -0.172380837476424 ], [ -90.829908059649156, -0.172889170228692 ], [ -90.82692236237699, -0.170994384789849 ], [ -90.825896338100506, -0.167357461622196 ], [ -90.828782653854475, -0.162815261533147 ], [ -90.825141509818408, -0.166400317035003 ], [ -90.823572699192752, -0.166090331294871 ], [ -90.821422991191966, -0.164359120548982 ], [ -90.82088025964002, -0.160590384183706 ], [ -90.818501607904253, -0.159897229753403 ], [ -90.815775925296137, -0.155576122339244 ], [ -90.808510477940629, -0.153633641186834 ], [ -90.806328929154617, -0.15016495982468 ], [ -90.795962183027981, -0.149536776383159 ], [ -90.790457666293008, -0.145091608149299 ] ] ], [ [ [ -89.350861480054604, -0.686273407238676 ], [ -89.338828079699866, -0.686038420320353 ], [ -89.33692876450813, -0.689901237124686 ], [ -89.334438943561011, -0.687479620540358 ], [ -89.331684203148399, -0.690637513863029 ], [ -89.324566579861099, -0.688835285333478 ], [ -89.323187665899979, -0.691705294086918 ], [ -89.317705416604269, -0.692558717572999 ], [ -89.315239762134908, -0.690073945476898 ], [ -89.305345420253261, -0.689009898913268 ], [ -89.303493511854029, -0.690326590894829 ], [ -89.302255527391296, -0.695074530061846 ], [ -89.291857380653909, -0.701133286066508 ], [ -89.285378150513168, -0.702662898905009 ], [ -89.281364940456086, -0.70671330995013 ], [ -89.279491835409388, -0.70435545332493 ], [ -89.273347301373832, -0.703032375129809 ], [ -89.270480022717393, -0.698371610920358 ], [ -89.271335096696987, -0.697270891623854 ], [ -89.267466995999328, -0.697367136283202 ], [ -89.265547102201069, -0.69469332387233 ], [ -89.259735798220163, -0.692467825485473 ], [ -89.255746373755173, -0.696400799284963 ], [ -89.252091446867695, -0.696948568517506 ], [ -89.255075002556225, -0.704714917550881 ], [ -89.254636242015266, -0.707368750822908 ], [ -89.250974808630176, -0.708340747201949 ], [ -89.253558290623772, -0.708884551072568 ], [ -89.253663548022246, -0.711809658533629 ], [ -89.248568100711452, -0.711679096684803 ], [ -89.246858563606651, -0.713067968911589 ], [ -89.245484025339294, -0.711225176137253 ], [ -89.2417806972243, -0.713424901204968 ], [ -89.241276959742194, -0.720104993816638 ], [ -89.24336116259245, -0.724557399282942 ], [ -89.250784131329667, -0.729050419800715 ], [ -89.254481880008413, -0.733684810088263 ], [ -89.255047928231875, -0.737792961229166 ], [ -89.253456958863097, -0.739416621915621 ], [ -89.256706799456367, -0.740755511127551 ], [ -89.256323487426286, -0.744628101427021 ], [ -89.263368981386179, -0.746855040290937 ], [ -89.265216594940057, -0.750585117939164 ], [ -89.269418820414373, -0.747916453220844 ], [ -89.271196567497029, -0.750256277411805 ], [ -89.269487345700881, -0.751139552740188 ], [ -89.270173917292738, -0.753216566144649 ], [ -89.27193073991748, -0.752288171851036 ], [ -89.275013915177766, -0.754006201412068 ], [ -89.275555557971572, -0.759053357260263 ], [ -89.283487778948398, -0.778281166691859 ], [ -89.296081463935721, -0.786462881992131 ], [ -89.298241021963577, -0.786112752565105 ], [ -89.299191951573889, -0.788298405159604 ], [ -89.300304283287929, -0.787423659035184 ], [ -89.303789930744955, -0.790433215902173 ], [ -89.306827511114662, -0.79053529881965 ], [ -89.308904981990167, -0.802409474341275 ], [ -89.313790992482353, -0.805303065506951 ], [ -89.314879656283594, -0.808337605125136 ], [ -89.319196703519239, -0.81063481358347 ], [ -89.319194971567356, -0.812548856855266 ], [ -89.330413265786106, -0.8189874718783 ], [ -89.334851285547785, -0.819081906606324 ], [ -89.336367957056027, -0.821114711606224 ], [ -89.339146973540892, -0.818372552504482 ], [ -89.34163623663423, -0.821119578178666 ], [ -89.343016827749992, -0.816299495793627 ], [ -89.345267944766547, -0.820192963103673 ], [ -89.347394495097618, -0.816800090433613 ], [ -89.348597774047619, -0.820268253073457 ], [ -89.350678864235434, -0.819981246490146 ], [ -89.352527703091354, -0.822493009468217 ], [ -89.350745985455148, -0.824540913644911 ], [ -89.350862558032944, -0.827032971256765 ], [ -89.35261846796935, -0.826772726779782 ], [ -89.351742999537834, -0.824135493819012 ], [ -89.354445867632705, -0.826891793258223 ], [ -89.356512292823467, -0.82493443647683 ], [ -89.356487319658584, -0.826532526105601 ], [ -89.359097345970497, -0.826580084255785 ], [ -89.362179934630888, -0.829833396488867 ], [ -89.362914142085643, -0.83124259371314 ], [ -89.361062342382553, -0.832035421649346 ], [ -89.360489868509859, -0.835204044325643 ], [ -89.364029571190798, -0.841744319775506 ], [ -89.362116934881698, -0.842835024360902 ], [ -89.363174472058347, -0.847973497623235 ], [ -89.362213775065953, -0.853182292557592 ], [ -89.364682296059371, -0.854141714342604 ], [ -89.36497106130409, -0.857645205765091 ], [ -89.370406015198412, -0.85702738583677 ], [ -89.372681993988778, -0.859548708057563 ], [ -89.372224341877384, -0.862130578090591 ], [ -89.375181650589937, -0.866720189880577 ], [ -89.377063933723889, -0.875742040175084 ], [ -89.387769545036946, -0.885440823947918 ], [ -89.386629474245254, -0.886369711940417 ], [ -89.390325919468523, -0.89239584148969 ], [ -89.393314785996992, -0.89390668260286 ], [ -89.395091389524296, -0.897348596333569 ], [ -89.396221824087945, -0.906234538570261 ], [ -89.400199797727993, -0.91548455811873 ], [ -89.404399009354535, -0.917068944132591 ], [ -89.410846792172137, -0.923206412803163 ], [ -89.413662950400735, -0.92200835479306 ], [ -89.416394629263365, -0.92513532716216 ], [ -89.421387848294827, -0.924399986603313 ], [ -89.428901349246345, -0.926412227926669 ], [ -89.430622537500398, -0.931434449199577 ], [ -89.433382120730727, -0.933523065517461 ], [ -89.439356366527733, -0.934730122241949 ], [ -89.442995612423616, -0.933559975985829 ], [ -89.448595775481834, -0.937177603292571 ], [ -89.458924424955583, -0.938732257437592 ], [ -89.474569595334913, -0.936319100211316 ], [ -89.483411521335341, -0.937989597631349 ], [ -89.487657990634034, -0.940955783561011 ], [ -89.490925279205044, -0.94020960330561 ], [ -89.492358184609699, -0.941547522795896 ], [ -89.494749865510343, -0.940078020527237 ], [ -89.497960257486213, -0.943025131540719 ], [ -89.501254221529578, -0.942549873016813 ], [ -89.505793073588634, -0.944848222481721 ], [ -89.50775567958371, -0.949112508564326 ], [ -89.509228179132819, -0.948418664128558 ], [ -89.524056078436331, -0.955603954565891 ], [ -89.53243740495293, -0.953562539758667 ], [ -89.536709147453834, -0.954469942362625 ], [ -89.538704367683621, -0.95316251426049 ], [ -89.537186854453935, -0.951129076640919 ], [ -89.538374675194561, -0.950344609558017 ], [ -89.547559043472873, -0.952259363349168 ], [ -89.552069510565573, -0.951694972276624 ], [ -89.553306817698584, -0.949086310997093 ], [ -89.556745488656119, -0.952178324943793 ], [ -89.560639070066813, -0.951748739807666 ], [ -89.56330124986917, -0.947949406267817 ], [ -89.571467753268735, -0.947406673504896 ], [ -89.576624180915957, -0.941803533223984 ], [ -89.584172557161764, -0.942145139710823 ], [ -89.583510134979676, -0.94001315023454 ], [ -89.587497672982565, -0.940495729387516 ], [ -89.587879681557126, -0.938039634272924 ], [ -89.590917412843808, -0.939017983943872 ], [ -89.600512280664262, -0.934484671384406 ], [ -89.605401578990381, -0.934968094705083 ], [ -89.61509805076102, -0.923345075813323 ], [ -89.621722314802696, -0.922150239689531 ], [ -89.624455496546815, -0.91914536417074 ], [ -89.626900329864498, -0.919247038578498 ], [ -89.62804318902684, -0.915635514201936 ], [ -89.623858999926782, -0.907575456479932 ], [ -89.624407766360818, -0.904785240263486 ], [ -89.621277648737063, -0.901097466324416 ], [ -89.616031898906201, -0.900351983715938 ], [ -89.613038825567244, -0.902525747234571 ], [ -89.6092850480659, -0.899605096163115 ], [ -89.609514557739516, -0.895170914454862 ], [ -89.610619839475206, -0.893293420758064 ], [ -89.612626214085878, -0.8932862521751 ], [ -89.612130549763236, -0.890178996651494 ], [ -89.613365504208517, -0.889367315759474 ], [ -89.611290142577275, -0.887640447603866 ], [ -89.606399558762007, -0.887961056463946 ], [ -89.605500393671633, -0.884492152686074 ], [ -89.597704372563214, -0.882651617542533 ], [ -89.593080516522107, -0.87711126460381 ], [ -89.582093207908983, -0.873660279015524 ], [ -89.580944260863973, -0.870570589599513 ], [ -89.57227324922782, -0.865505297990193 ], [ -89.571088321960715, -0.863138097854812 ], [ -89.572833221246682, -0.862597816196999 ], [ -89.570449803948335, -0.860500496124014 ], [ -89.557410229389959, -0.856162847715052 ], [ -89.558040701192326, -0.854014075227968 ], [ -89.549915920944457, -0.848425700405745 ], [ -89.550972558907517, -0.848128633152614 ], [ -89.549704078437529, -0.846438774276954 ], [ -89.548622876043041, -0.847945952005393 ], [ -89.542879425408799, -0.846748687063712 ], [ -89.541341763865617, -0.841283725058625 ], [ -89.538222418838728, -0.838923928428086 ], [ -89.540801484714379, -0.834627612596695 ], [ -89.537469450069267, -0.831183970437423 ], [ -89.538610779400685, -0.828900214750996 ], [ -89.541720722659775, -0.828550755459363 ], [ -89.542982094760944, -0.824903451404506 ], [ -89.541047860257464, -0.824043839208667 ], [ -89.541302623370356, -0.817939301488381 ], [ -89.53924848353941, -0.819039305662297 ], [ -89.53148807793707, -0.817524431678243 ], [ -89.528400367082938, -0.820104489909612 ], [ -89.523094959235749, -0.820289489765167 ], [ -89.523328291240901, -0.825364857334777 ], [ -89.520977709162821, -0.826211654313484 ], [ -89.518392457488133, -0.823545377854887 ], [ -89.513003482963299, -0.824461735351452 ], [ -89.508095086454247, -0.822073391225978 ], [ -89.506254537251763, -0.823209580057575 ], [ -89.504535068373187, -0.821772235067098 ], [ -89.502338885132872, -0.822429512306724 ], [ -89.50143404448653, -0.819042340759491 ], [ -89.49963086340324, -0.818516995847344 ], [ -89.484251283530924, -0.817618437089749 ], [ -89.475973901974157, -0.810251609062344 ], [ -89.47403151166624, -0.806023832970821 ], [ -89.467603276189237, -0.801187174680361 ], [ -89.468744438434001, -0.79894872387239 ], [ -89.472091969017768, -0.798445938950195 ], [ -89.469271810591223, -0.793260271080261 ], [ -89.471935674734738, -0.786381671161093 ], [ -89.463562377360148, -0.780351546976244 ], [ -89.46504041771793, -0.772758624534156 ], [ -89.461527615088201, -0.773252333204273 ], [ -89.458894696109567, -0.771290586345726 ], [ -89.46039030481937, -0.770840343888934 ], [ -89.457830184413041, -0.767036608693413 ], [ -89.458995735019471, -0.763651363444571 ], [ -89.464646871181856, -0.760405263094032 ], [ -89.461587781550975, -0.75722419714101 ], [ -89.460428260436757, -0.753259152490207 ], [ -89.455370419298717, -0.756451582252786 ], [ -89.447236771780666, -0.747965860843034 ], [ -89.443628743239231, -0.748513767577324 ], [ -89.43988094582275, -0.745621146314913 ], [ -89.437819474840765, -0.741483860818066 ], [ -89.438489993538511, -0.734432207248462 ], [ -89.435355458000174, -0.736750350545084 ], [ -89.432960680606755, -0.733669305539392 ], [ -89.42825977875863, -0.735904869429174 ], [ -89.4283100350072, -0.732591037283867 ], [ -89.426505142633303, -0.733664112804449 ], [ -89.422638101947683, -0.732035634549431 ], [ -89.421693123676121, -0.726824869702881 ], [ -89.408570071373347, -0.72502650331066 ], [ -89.403522469232911, -0.715704213339534 ], [ -89.402429252769792, -0.717942617376854 ], [ -89.401314310551541, -0.717011667428676 ], [ -89.402834809781226, -0.715414741239004 ], [ -89.4001045718163, -0.716342581787333 ], [ -89.396660318727584, -0.720547505783205 ], [ -89.393886638235514, -0.71674400300284 ], [ -89.391985981859065, -0.71922550653382 ], [ -89.387811040016544, -0.717244736834973 ], [ -89.390278754322836, -0.717264758713707 ], [ -89.390614027146441, -0.713635271228793 ], [ -89.389071815636342, -0.713038166016894 ], [ -89.388785800134713, -0.714618053317752 ], [ -89.387624201217221, -0.713154357692519 ], [ -89.388503686914675, -0.71117771281438 ], [ -89.38643646042668, -0.714489782074443 ], [ -89.379438589753263, -0.710953840242612 ], [ -89.375118614908132, -0.711808187206733 ], [ -89.374646709228131, -0.707988477314314 ], [ -89.367316372068089, -0.704614868066723 ], [ -89.365800617739737, -0.700984063712691 ], [ -89.3641850776513, -0.703149756336109 ], [ -89.361694507509242, -0.701522546323341 ], [ -89.36357363396327, -0.696323333398341 ], [ -89.359923288483756, -0.69031625562939 ], [ -89.352924901279053, -0.687683452464789 ], [ -89.352096111106349, -0.68510963419935 ], [ -89.350861480054604, -0.686273407238676 ] ] ], [ [ [ -90.424854526986707, -1.220905070465873 ], [ -90.420290622711022, -1.223253724907729 ], [ -90.423572977825984, -1.227559428723565 ], [ -90.422335502708023, -1.231462732027752 ], [ -90.419025254005177, -1.234616051319665 ], [ -90.413265942716279, -1.234839978059636 ], [ -90.401401191174671, -1.239476984929719 ], [ -90.394267108954736, -1.24618461890426 ], [ -90.388965058111765, -1.245375868216557 ], [ -90.38028227854538, -1.248810381926877 ], [ -90.372192357422108, -1.254426625714321 ], [ -90.370472054906941, -1.260372724353225 ], [ -90.363418941436819, -1.26046651990491 ], [ -90.361440094799718, -1.262850957100529 ], [ -90.359105933026726, -1.26274086117195 ], [ -90.352854637812911, -1.276807382420294 ], [ -90.353472283469657, -1.277689847706045 ], [ -90.354804971922903, -1.276045289071381 ], [ -90.356642942960519, -1.277508055032264 ], [ -90.360684301727005, -1.28582948266873 ], [ -90.360479869422861, -1.292376752899965 ], [ -90.365290930775942, -1.295914985988261 ], [ -90.363921618008561, -1.297209396312908 ], [ -90.364388047558592, -1.300078289682564 ], [ -90.369452606298339, -1.301673051132632 ], [ -90.376843403670279, -1.310475021609206 ], [ -90.379687000939199, -1.310106876004888 ], [ -90.379256503102241, -1.311375283209591 ], [ -90.381250674099775, -1.312170426053697 ], [ -90.378813657921683, -1.31484056650301 ], [ -90.379751628435713, -1.319414037360228 ], [ -90.382643403251635, -1.32124274889501 ], [ -90.385803644081832, -1.330474417846091 ], [ -90.397718058085587, -1.339887007906038 ], [ -90.399315091082542, -1.34370692806057 ], [ -90.40191719245702, -1.34551846577531 ], [ -90.406757876654908, -1.344112544147951 ], [ -90.413212892707179, -1.34735892259374 ], [ -90.418111142745104, -1.352698294539162 ], [ -90.425238964605811, -1.357149600522645 ], [ -90.433165018648211, -1.359803981384587 ], [ -90.446065742409758, -1.357869113457256 ], [ -90.453761378581774, -1.360574674083478 ], [ -90.458670564709976, -1.355701539489205 ], [ -90.461748977102616, -1.356623088409395 ], [ -90.462150246455195, -1.354614737424636 ], [ -90.4668290254928, -1.352036945057296 ], [ -90.467516422636407, -1.34905318989756 ], [ -90.485086115832644, -1.34350426188643 ], [ -90.489475500804843, -1.345115864735006 ], [ -90.489478080766332, -1.342590497842764 ], [ -90.493127009602659, -1.34334039943493 ], [ -90.491647365752087, -1.340354337268761 ], [ -90.493416525838953, -1.339036078672303 ], [ -90.499689279109958, -1.339214715560132 ], [ -90.497923775166313, -1.33691709243386 ], [ -90.498271566911711, -1.331350116196662 ], [ -90.50055482115755, -1.329171427490438 ], [ -90.503976243563343, -1.329347096063582 ], [ -90.507001887119557, -1.326136025857706 ], [ -90.511118387264631, -1.315521985463138 ], [ -90.507356910302988, -1.313222378935598 ], [ -90.503029386914534, -1.306674955284112 ], [ -90.501895487548822, -1.299958578669731 ], [ -90.496995031248574, -1.296165644337902 ], [ -90.494087080469313, -1.29576093737485 ], [ -90.495747459965131, -1.288989968441409 ], [ -90.492615777476146, -1.284165690381447 ], [ -90.492789591602161, -1.281353509650966 ], [ -90.49147676040829, -1.282787134948533 ], [ -90.488911217770934, -1.28203842402508 ], [ -90.48861656137457, -1.277484292415994 ], [ -90.484536891257832, -1.277271608054568 ], [ -90.483971692840626, -1.274674680990266 ], [ -90.486804280357447, -1.273015922467755 ], [ -90.485785443501555, -1.272440155517102 ], [ -90.488600651312581, -1.272273151383661 ], [ -90.488755855939161, -1.267938765539284 ], [ -90.486988390973252, -1.265506849773918 ], [ -90.489149764496304, -1.260435536424752 ], [ -90.48723334717819, -1.251979673006057 ], [ -90.48444264001823, -1.247859048439997 ], [ -90.482021791718623, -1.248451560549552 ], [ -90.481167491188472, -1.247188011506773 ], [ -90.478443501904664, -1.233295955330501 ], [ -90.474739105692819, -1.231111473061949 ], [ -90.472058227457808, -1.232027235831101 ], [ -90.467440931813201, -1.230358396890341 ], [ -90.46493046308926, -1.231905627567072 ], [ -90.46281424518061, -1.238618654975601 ], [ -90.454487670082273, -1.239930661780672 ], [ -90.453121782591055, -1.237059676489479 ], [ -90.448560275020554, -1.236710856620712 ], [ -90.442410079802073, -1.228268317830073 ], [ -90.440582875073147, -1.230906514947309 ], [ -90.438987770759113, -1.229183148440261 ], [ -90.439389172164027, -1.226887871140366 ], [ -90.436366562218538, -1.227458889896718 ], [ -90.433972312136163, -1.225154547391827 ], [ -90.428441834987808, -1.226016371738845 ], [ -90.427761791453094, -1.221596526301343 ], [ -90.424854526986707, -1.220905070465873 ] ] ], [ [ [ -90.478793387622986, 0.387122682693889 ], [ -90.475490973127734, 0.384902389654346 ], [ -90.472135910170323, 0.386237419430459 ], [ -90.465021610649572, 0.384468763775821 ], [ -90.460966343267529, 0.385165250533939 ], [ -90.457834364334488, 0.380176504094009 ], [ -90.45207080850588, 0.37732754324954 ], [ -90.447154816741104, 0.36770391805837 ], [ -90.436900616943149, 0.363366391270997 ], [ -90.435368015609967, 0.360122451688503 ], [ -90.419382739470805, 0.346604777764721 ], [ -90.417054006217057, 0.341196047005677 ], [ -90.409583926233097, 0.334254854851632 ], [ -90.399836042082114, 0.320958494166532 ], [ -90.401128627944431, 0.319998403284587 ], [ -90.400757634511876, 0.317519085181957 ], [ -90.405789553864068, 0.312679160490314 ], [ -90.405962846967228, 0.307128847087517 ], [ -90.409967868880472, 0.305460247595381 ], [ -90.41378548515749, 0.298827513939683 ], [ -90.424530950228117, 0.291520677557762 ], [ -90.428447267100324, 0.289801722176851 ], [ -90.431220375365555, 0.290762796703404 ], [ -90.436185477128603, 0.287056164995975 ], [ -90.440295574980638, 0.287034760208025 ], [ -90.446353203300674, 0.284238521834959 ], [ -90.453819029761775, 0.28460314531282 ], [ -90.471648100716536, 0.277365868124564 ], [ -90.483100406965093, 0.278012158855037 ], [ -90.48622841534457, 0.281628203058081 ], [ -90.502691279007905, 0.288065513709775 ], [ -90.503044928667265, 0.290799766392805 ], [ -90.507767194249453, 0.295615367655421 ], [ -90.507294164777022, 0.298706078635595 ], [ -90.508828606758243, 0.301559495765389 ], [ -90.517211965264011, 0.304236194464065 ], [ -90.521935496572439, 0.303583455421754 ], [ -90.52400101805803, 0.307804142285679 ], [ -90.537815833316728, 0.313038105756931 ], [ -90.539291329645621, 0.315534946304677 ], [ -90.537990711946335, 0.322548579673343 ], [ -90.541354111269612, 0.331049374991459 ], [ -90.540348760821075, 0.337528120259255 ], [ -90.542531285177489, 0.345731454280194 ], [ -90.540285210404619, 0.355003557420388 ], [ -90.535618789490385, 0.362432322910236 ], [ -90.530362903968168, 0.366235030221051 ], [ -90.529742036054486, 0.369329841379221 ], [ -90.527268677633259, 0.370665376593867 ], [ -90.523926295294388, 0.369561859715566 ], [ -90.508025144584977, 0.380498673280744 ], [ -90.50106360806987, 0.38375045018572 ], [ -90.498040474406537, 0.383329762394184 ], [ -90.497071444641591, 0.38564362763429 ], [ -90.478793387622986, 0.387122682693889 ] ] ], [ [ [ -89.667124669448611, -1.344325577568963 ], [ -89.662845267013296, -1.346369917223819 ], [ -89.661734607064005, -1.348120558654988 ], [ -89.662728156344656, -1.349991520807185 ], [ -89.659733712176575, -1.354069754269029 ], [ -89.648456055487202, -1.35677261507721 ], [ -89.640739894607577, -1.366380519486238 ], [ -89.636364666185955, -1.364748666948757 ], [ -89.632869298059234, -1.366441671972991 ], [ -89.630863769661573, -1.375596818541104 ], [ -89.627056657385182, -1.376015880355661 ], [ -89.626818381052715, -1.378743053766076 ], [ -89.624325265085119, -1.378829807693769 ], [ -89.627266008863842, -1.381480238254333 ], [ -89.627261425659256, -1.384722540300234 ], [ -89.620193676836536, -1.387394736650502 ], [ -89.621080943740978, -1.389762251819522 ], [ -89.618166932028487, -1.394355041093785 ], [ -89.620587906990551, -1.394909461633627 ], [ -89.623748067870665, -1.393125801687083 ], [ -89.625954612279472, -1.394212764039171 ], [ -89.628524419219488, -1.398569661643625 ], [ -89.626661539695689, -1.406189548752881 ], [ -89.629672221810836, -1.409716224402695 ], [ -89.633338396503987, -1.411022112040237 ], [ -89.635441674180967, -1.409833008656741 ], [ -89.6370420560973, -1.411235233772794 ], [ -89.640290759423408, -1.406046781186092 ], [ -89.641915151510645, -1.40714196363352 ], [ -89.644011838248403, -1.406250869941841 ], [ -89.646379486520246, -1.408458027551422 ], [ -89.648996777507875, -1.405923910692428 ], [ -89.657063051379609, -1.406883897094546 ], [ -89.662442280980201, -1.40384792911676 ], [ -89.665861599531596, -1.405695342999165 ], [ -89.672278393166849, -1.40590326643721 ], [ -89.672445928967306, -1.404042930741471 ], [ -89.675659030262082, -1.404201077460241 ], [ -89.679640307007432, -1.401361701879257 ], [ -89.68255790389621, -1.401474250465464 ], [ -89.685577495502372, -1.404043657260333 ], [ -89.689816639938243, -1.394927306766732 ], [ -89.693958709729557, -1.39623379626968 ], [ -89.696798260986455, -1.39442235707119 ], [ -89.704241045660524, -1.395489635389961 ], [ -89.70605054369689, -1.391843167164321 ], [ -89.70828114139573, -1.393137916378232 ], [ -89.711666246711204, -1.391896223972098 ], [ -89.716029611082888, -1.387386188094111 ], [ -89.72325410604121, -1.383322672014493 ], [ -89.733065037552109, -1.38127689453294 ], [ -89.739568745886018, -1.374366971302857 ], [ -89.744610809014418, -1.375222962125139 ], [ -89.745994408588047, -1.369145927065105 ], [ -89.743929275174665, -1.37067863996502 ], [ -89.738581510863511, -1.369831285941382 ], [ -89.73614127512343, -1.366287195798841 ], [ -89.736603417912917, -1.363830986385528 ], [ -89.733323099278707, -1.359743822884264 ], [ -89.725433263511931, -1.359814346819709 ], [ -89.716119174913331, -1.352124125631705 ], [ -89.700562075364459, -1.350133858866423 ], [ -89.699811116126313, -1.344668366519913 ], [ -89.697514599153578, -1.348178746187567 ], [ -89.692417151294663, -1.34618471059817 ], [ -89.687828440042409, -1.350008032647558 ], [ -89.683177516863438, -1.348836514332557 ], [ -89.681527096989157, -1.346169806272437 ], [ -89.675203518836014, -1.349250055000718 ], [ -89.671524886306514, -1.347908262878306 ], [ -89.66986625223727, -1.345530589687784 ], [ -89.667604014077497, -1.346123581847355 ], [ -89.667124669448611, -1.344325577568963 ] ] ], [ [ [ -90.769931021015395, 0.639920839123914 ], [ -90.764570492542376, 0.640148118472505 ], [ -90.761260579809431, 0.63825717108873 ], [ -90.75689464086615, 0.625626783876873 ], [ -90.751955787875701, 0.621294177418686 ], [ -90.749026821908686, 0.62128019057372 ], [ -90.739825461996773, 0.607845368426065 ], [ -90.72965801430243, 0.599027320051405 ], [ -90.724907532637175, 0.587047869263983 ], [ -90.724567958679984, 0.578905104960344 ], [ -90.718040318328576, 0.565256913172327 ], [ -90.719058620686894, 0.558865950894427 ], [ -90.717245443151114, 0.554815044810687 ], [ -90.721842110781864, 0.541163322402379 ], [ -90.726537929962078, 0.541292525816577 ], [ -90.731585207810696, 0.546035848163821 ], [ -90.738119504678352, 0.545613554040351 ], [ -90.739520421075738, 0.541910390904624 ], [ -90.741599243017433, 0.541271624749278 ], [ -90.750316777503841, 0.545463605067259 ], [ -90.753364911281508, 0.544127400827053 ], [ -90.761937796345919, 0.54607483866625 ], [ -90.770140142525321, 0.551901730421306 ], [ -90.779951878028399, 0.552419821380462 ], [ -90.783346681555685, 0.561827345449477 ], [ -90.78198043922994, 0.565614760300641 ], [ -90.784260527812734, 0.577185985882858 ], [ -90.783184328136059, 0.583915469975198 ], [ -90.785252277767867, 0.59064282699903 ], [ -90.788659094465459, 0.59397001350974 ], [ -90.787637074878504, 0.596798689745857 ], [ -90.790514265545809, 0.605667763183927 ], [ -90.79001337033327, 0.609593091291869 ], [ -90.786916832633139, 0.613182001470202 ], [ -90.789280489690199, 0.626502428203226 ], [ -90.78456183982702, 0.6318444463833 ], [ -90.783104010664815, 0.640098816616889 ], [ -90.779110524916447, 0.643885939886579 ], [ -90.769931021015395, 0.639920839123914 ] ] ], [ [ [ -90.274823040308277, -0.41234980608699 ], [ -90.269877055592787, -0.427945912418155 ], [ -90.260455853676348, -0.439319984699975 ], [ -90.258126106224651, -0.444732216336519 ], [ -90.259503378963743, -0.446476852652365 ], [ -90.258504791930974, -0.449314059750468 ], [ -90.256331407034267, -0.44907827809932 ], [ -90.252102303068327, -0.453522801227469 ], [ -90.247798816800241, -0.464636422711451 ], [ -90.270996901714199, -0.481481336968516 ], [ -90.277990689544623, -0.483490384696694 ], [ -90.294106088449297, -0.484536135492996 ], [ -90.294416453685031, -0.480026719286875 ], [ -90.299405698569657, -0.476440941162666 ], [ -90.296734770973046, -0.474252890215931 ], [ -90.294646605654066, -0.468170061464829 ], [ -90.298521059237416, -0.461411741432407 ], [ -90.295588516178924, -0.458103025780126 ], [ -90.296800739654245, -0.455708635339009 ], [ -90.295281633711582, -0.453548178737461 ], [ -90.28350411936384, -0.445464590688214 ], [ -90.281237646545819, -0.440357811004679 ], [ -90.282724210119, -0.434746339197471 ], [ -90.287805782051919, -0.437667141067463 ], [ -90.290502145445799, -0.436186057164147 ], [ -90.290598530184198, -0.431785011651128 ], [ -90.284661932780708, -0.428854862601477 ], [ -90.285376774354575, -0.422267081201885 ], [ -90.288822276999852, -0.417162322380301 ], [ -90.294606449164263, -0.414760444220846 ], [ -90.287279388160044, -0.414224772173049 ], [ -90.27694874712131, -0.410994984879459 ], [ -90.274823040308277, -0.41234980608699 ] ] ], [ [ [ -90.088574324542051, -0.799646372970685 ], [ -90.044829966161501, -0.799425143949396 ], [ -90.041741132413264, -0.801148620062912 ], [ -90.039743133694287, -0.805565351245564 ], [ -90.032570234372614, -0.80756588530026 ], [ -90.035228695149712, -0.809076702143523 ], [ -90.03047520233163, -0.814232224376773 ], [ -90.031542220327793, -0.816455646663726 ], [ -90.030445494146861, -0.818785878180588 ], [ -90.032392377827833, -0.822916364272498 ], [ -90.027568933198566, -0.826996586091888 ], [ -90.031029758407655, -0.834986202653694 ], [ -90.030553056622352, -0.837804782434679 ], [ -90.039623458335512, -0.839293460195035 ], [ -90.043448425526478, -0.837507408976723 ], [ -90.047008924206239, -0.839805055111609 ], [ -90.053114033878913, -0.836891311316704 ], [ -90.055915603467284, -0.838375215389641 ], [ -90.069454864105836, -0.834870681693245 ], [ -90.080003231616615, -0.829547658883696 ], [ -90.088031283969642, -0.828550672823004 ], [ -90.090883187960003, -0.825778867630498 ], [ -90.091362509232695, -0.81927361264542 ], [ -90.089987527197565, -0.816119197957536 ], [ -90.082843454813343, -0.810331267288382 ], [ -90.083843651627106, -0.806482867951892 ], [ -90.086812527945568, -0.805572419389854 ], [ -90.085388548201593, -0.804234138040624 ], [ -90.088311681407475, -0.801371973299101 ], [ -90.088574324542051, -0.799646372970685 ] ] ], [ [ [ -90.672056326095756, -0.58755040355155 ], [ -90.658179791187166, -0.591775141640927 ], [ -90.654707538509356, -0.599574904889079 ], [ -90.647732961151277, -0.60268152407268 ], [ -90.644523595949764, -0.607227049658632 ], [ -90.645127933065595, -0.611340338408733 ], [ -90.642451230200024, -0.61950191083584 ], [ -90.646168404048481, -0.621655004949527 ], [ -90.649444752129128, -0.626935625612171 ], [ -90.649681249797354, -0.63020808288157 ], [ -90.655085825363699, -0.630382288911437 ], [ -90.657495556113361, -0.634586839052239 ], [ -90.666085857714492, -0.631996342259006 ], [ -90.674749000108761, -0.624687052910031 ], [ -90.680772557126687, -0.623948467796299 ], [ -90.684943315514928, -0.62099427901037 ], [ -90.684291125143929, -0.618471870116888 ], [ -90.6877048471911, -0.608764528514416 ], [ -90.688124092730817, -0.600818644886217 ], [ -90.685155098733048, -0.598204854891805 ], [ -90.683423106441069, -0.592843481462253 ], [ -90.679253269724327, -0.592443969027639 ], [ -90.676712824219379, -0.589080084667415 ], [ -90.672056326095756, -0.58755040355155 ] ] ], [ [ [ -89.954218856389801, 0.346606577057317 ], [ -89.950166006374175, 0.346343263204132 ], [ -89.947299311622658, 0.342945403995548 ], [ -89.94519598274168, 0.343044109110316 ], [ -89.941298443353844, 0.335923799987108 ], [ -89.939093177247699, 0.335624973352843 ], [ -89.935859581788051, 0.323283107838882 ], [ -89.938117333761298, 0.318730506653034 ], [ -89.936983190952162, 0.317013648649821 ], [ -89.943166797211006, 0.309381465824903 ], [ -89.942109768480805, 0.306634713395488 ], [ -89.944340922236805, 0.304683933633085 ], [ -89.944686286734296, 0.301178700692563 ], [ -89.949810312149225, 0.299680434701956 ], [ -89.953608272389502, 0.30081080523611 ], [ -89.954817970700546, 0.303250448327136 ], [ -89.945392566465188, 0.306662763786808 ], [ -89.945574259714547, 0.314576929097429 ], [ -89.948649537885174, 0.318462623295345 ], [ -89.957707390133834, 0.317823871686638 ], [ -89.960843305484431, 0.31586431579023 ], [ -89.96399017219666, 0.312901918700028 ], [ -89.96330298256386, 0.307354521303482 ], [ -89.971501155170444, 0.308513298046549 ], [ -89.974597710836889, 0.31091739177769 ], [ -89.97531040813216, 0.313573774830234 ], [ -89.97671280764807, 0.31297790336159 ], [ -89.978033662594072, 0.317043875598096 ], [ -89.976440447437085, 0.329357604115718 ], [ -89.971758715637137, 0.338381734000116 ], [ -89.962071986095737, 0.340727653947389 ], [ -89.954218856389801, 0.346606577057317 ] ] ], [ [ [ -90.70521144092514, -0.398340317210143 ], [ -90.707051793396573, -0.401797047171915 ], [ -90.7020022958109, -0.404438593765636 ], [ -90.697522183689955, -0.410010271549229 ], [ -90.700061694048713, -0.419291308816805 ], [ -90.706416247909473, -0.422534133197016 ], [ -90.706129672757413, -0.427509076563138 ], [ -90.71158331610124, -0.424281718337348 ], [ -90.714552773629691, -0.425729673805787 ], [ -90.717071723348212, -0.424080043099932 ], [ -90.720768238640076, -0.417312160989894 ], [ -90.721031071319175, -0.412133846801205 ], [ -90.71270525170398, -0.405984383234295 ], [ -90.7121248079781, -0.40006438583578 ], [ -90.70521144092514, -0.398340317210143 ] ] ], [ [ [ -90.508099051678329, -0.145188907958793 ], [ -90.514029986102273, -0.146181501816538 ], [ -90.518968795075267, -0.138218977347018 ], [ -90.518966133367087, -0.131253590153254 ], [ -90.499193393801761, -0.11931967353121 ], [ -90.499198741472654, -0.134246375184639 ], [ -90.508099051678329, -0.145188907958793 ] ] ], [ [ [ -90.28034086827914, -0.388385403893661 ], [ -90.27617160738248, -0.390516786431872 ], [ -90.276585448657471, -0.396354838447024 ], [ -90.29253936191509, -0.400606401674168 ], [ -90.293451071080099, -0.397385626015345 ], [ -90.291040046756436, -0.390286661364585 ], [ -90.286741879413142, -0.388378439415271 ], [ -90.282513341385837, -0.389841074072115 ], [ -90.28034086827914, -0.388385403893661 ] ] ], [ [ [ -91.818086681524832, 1.394715222591363 ], [ -91.818141315263802, 1.388198435520174 ], [ -91.812229891349517, 1.384083659060483 ], [ -91.811537649591585, 1.381042875952211 ], [ -91.814686496190703, 1.376000203885944 ], [ -91.818859574927316, 1.374289574965555 ], [ -91.821552018971587, 1.375552301885233 ], [ -91.824296175433531, 1.37461295355358 ], [ -91.823766482029626, 1.376868634890945 ], [ -91.822329295254335, 1.376235112037945 ], [ -91.821693229642676, 1.378123145033952 ], [ -91.817002862337915, 1.379280283802143 ], [ -91.818239369970328, 1.384064828681117 ], [ -91.817243176049473, 1.384669041489424 ], [ -91.818427033423063, 1.384823281183662 ], [ -91.819009945719344, 1.383459056698159 ], [ -91.818203741887828, 1.386537909634756 ], [ -91.819537426572708, 1.385171931341197 ], [ -91.820555925662063, 1.390299596105027 ], [ -91.823935016756721, 1.389590855181035 ], [ -91.825836036052536, 1.390865183062212 ], [ -91.824752992111712, 1.392356638111609 ], [ -91.82054639633354, 1.391031290090422 ], [ -91.818086681524832, 1.394715222591363 ] ] ], [ [ [ -92.0074813459251, 1.681112239342034 ], [ -91.999015184309712, 1.680013344988665 ], [ -91.998722658717227, 1.675218890458863 ], [ -92.007808151228829, 1.674771248287495 ], [ -92.006170057138576, 1.676498312901252 ], [ -92.008966629399026, 1.678954665591796 ], [ -92.0074813459251, 1.681112239342034 ] ] ], [ [ [ -90.961648067580327, -0.96720091146275 ], [ -90.959518823201734, -0.970752938558327 ], [ -90.961039950353793, -0.971169772447681 ], [ -90.959125939622325, -0.97247058569057 ], [ -90.9601454565029, -0.976160147202186 ], [ -90.962225987040284, -0.974289820312989 ], [ -90.960895733021459, -0.973873099082136 ], [ -90.961648067580327, -0.96720091146275 ] ] ], [ [ [ -90.168933301539255, -0.581506189919588 ], [ -90.159120766535608, -0.583633745976342 ], [ -90.158917802078619, -0.58451014713463 ], [ -90.165255814361743, -0.583889876505219 ], [ -90.168933301539255, -0.581506189919588 ] ] ], [ [ [ -90.165776580308361, -0.580221458475174 ], [ -90.159663946346868, -0.580019576955149 ], [ -90.157893580720923, -0.579684344655886 ], [ -90.15941541754205, -0.581148963590202 ], [ -90.165776580308361, -0.580221458475174 ] ] ], [ [ [ -90.277636301470096, -0.758396553241633 ], [ -90.278062511648216, -0.760529561912113 ], [ -90.280260290296468, -0.759609178756427 ], [ -90.279928936822458, -0.758316671264412 ], [ -90.277636301470096, -0.758396553241633 ] ] ], [ [ [ -90.956256444822074, -0.96251415076465 ], [ -90.956159886708804, -0.964394723501354 ], [ -90.958403955543645, -0.967840894100401 ], [ -90.957523480801058, -0.969133296205699 ], [ -90.958748272605519, -0.968474009978019 ], [ -90.958948707406662, -0.970318599861534 ], [ -90.959520420406307, -0.96808569229781 ], [ -90.956397910614697, -0.964403909270381 ], [ -90.957872046894252, -0.96265074727373 ], [ -90.956256444822074, -0.96251415076465 ] ] ], [ [ [ -89.56319069330884, -0.855481725835328 ], [ -89.568197694293389, -0.856985381720053 ], [ -89.569005413582786, -0.85667002657428 ], [ -89.568365828371853, -0.855188369653214 ], [ -89.56319069330884, -0.855481725835328 ] ] ], [ [ [ -90.955725535099262, -0.97534371049096 ], [ -90.953729458775001, -0.974953705012234 ], [ -90.952932963036758, -0.975685577697745 ], [ -90.956119511928364, -0.976474138261755 ], [ -90.956950346666645, -0.973726030181531 ], [ -90.955725535099262, -0.97534371049096 ] ] ], [ [ [ -89.520843381383443, -0.776724269151094 ], [ -89.517752344067802, -0.777417049060453 ], [ -89.518017692029687, -0.777922977640339 ], [ -89.520843381383443, -0.776724269151094 ] ] ], [ [ [ -90.96208803815199, -0.966532103174034 ], [ -90.964131329029243, -0.967781069448267 ], [ -90.96351427356565, -0.966035680311748 ], [ -90.96208803815199, -0.966532103174034 ] ] ], [ [ [ -90.963702962894445, -0.96875729723414 ], [ -90.963428645254453, -0.970294193440591 ], [ -90.964604685488425, -0.971370848497379 ], [ -90.964925981424514, -0.970132351910531 ], [ -90.963702962894445, -0.96875729723414 ] ] ], [ [ [ -90.307495470572576, -0.755297517329491 ], [ -90.308329607517862, -0.756554215708666 ], [ -90.309319153905605, -0.756012598541813 ], [ -90.307495470572576, -0.755297517329491 ] ] ], [ [ [ -90.14187673418941, -0.565516847806667 ], [ -90.141508701604025, -0.566700377913143 ], [ -90.142637050279575, -0.566321426863512 ], [ -90.14187673418941, -0.565516847806667 ] ] ], [ [ [ -89.543598787305172, -0.824994297595116 ], [ -89.543336873602613, -0.826366740403434 ], [ -89.544522887831192, -0.826864469352979 ], [ -89.543598787305172, -0.824994297595116 ] ] ], [ [ [ -89.247922161716517, -0.702831293404212 ], [ -89.246933601678975, -0.703327020114594 ], [ -89.247404422194109, -0.70332740186983 ], [ -89.247498008680409, -0.704049700676999 ], [ -89.247779891033417, -0.704113124133524 ], [ -89.247922161716517, -0.702831293404212 ] ] ], [ [ [ -89.252110292624053, -0.700658977849955 ], [ -89.252368576234517, -0.701498774191245 ], [ -89.252557029306416, -0.701345452245283 ], [ -89.252110292624053, -0.700658977849955 ] ] ], [ [ [ -89.518323811827372, -0.77861858049724 ], [ -89.519518702309284, -0.778520239325035 ], [ -89.518243347930749, -0.778284385058552 ], [ -89.518323811827372, -0.77861858049724 ] ] ], [ [ [ -90.964298642945877, -0.965864363596937 ], [ -90.964881101592937, -0.966316793259436 ], [ -90.96454849676573, -0.96581026575451 ], [ -90.964298642945877, -0.965864363596937 ] ] ], [ [ [ -90.956517183528234, -0.977062079220501 ], [ -90.955744275752707, -0.977775883568053 ], [ -90.955913271315524, -0.977748862586077 ], [ -90.956517183528234, -0.977062079220501 ] ] ], [ [ [ -89.471159157528433, -0.800278229469654 ], [ -89.47129211268205, -0.80083820611152 ], [ -89.471623122101306, -0.80057662248357 ], [ -89.471159157528433, -0.800278229469654 ] ] ], [ [ [ -90.143584455799029, -0.567704403554159 ], [ -90.143969144048114, -0.568020855502548 ], [ -90.143951876631704, -0.567767838566887 ], [ -90.143584455799029, -0.567704403554159 ] ] ], [ [ [ -90.179804608903112, -0.599313133074615 ], [ -90.179598984534564, -0.599882312199544 ], [ -90.180033374771668, -0.599566268060531 ], [ -90.179804608903112, -0.599313133074615 ] ] ], [ [ [ -90.959314745732129, -0.974975201279332 ], [ -90.95952851063376, -0.975183285641111 ], [ -90.959552324073627, -0.974794516944881 ], [ -90.959314745732129, -0.974975201279332 ] ] ], [ [ [ -90.143499432054028, -0.567198346289064 ], [ -90.143661392011552, -0.567541794908251 ], [ -90.143695817249863, -0.567126156718232 ], [ -90.143499432054028, -0.567198346289064 ] ] ], [ [ [ -90.958758469382332, -0.971132219280736 ], [ -90.959150245338975, -0.971259039584291 ], [ -90.959292898704419, -0.971159668750645 ], [ -90.958758469382332, -0.971132219280736 ] ] ], [ [ [ -89.542152481731435, -0.83368058413179 ], [ -89.542418696567566, -0.833816279152043 ], [ -89.542418782805839, -0.833716943186756 ], [ -89.542152481731435, -0.83368058413179 ] ] ], [ [ [ -90.276935199628511, -0.759787810115155 ], [ -90.277207868859946, -0.759815093144487 ], [ -90.277053655973447, -0.759679440598735 ], [ -90.276935199628511, -0.759787810115155 ] ] ] ] } },
{ "type": "Feature", "properties": { "DPA_PROVIN": "09", "DPA_DESPRO": "GUAYAS", "AREA_KM2": 15338.055442257597, "TOTPOP": 4491991.0, "provincia": "Guayas", "provincia_id": "GUAYAS", "zona": "CZ5", "fuente_cartografica": "GeoJSON usuario reproyectado EPSG:3857 a EPSG:4326 · v0.5.2" }, "geometry": { "type": "MultiPolygon", "coordinates": [ [ [ [ -79.533072188962748, -0.83651547651665 ], [ -79.536028244525454, -0.844899858341719 ], [ -79.535637915754734, -0.847370240732495 ], [ -79.527986904292746, -0.854689088605567 ], [ -79.524923041014475, -0.861438666134315 ], [ -79.519838707660384, -0.851616322344402 ], [ -79.502913719173876, -0.839758946846221 ], [ -79.505526947979789, -0.847092860520988 ], [ -79.504359110262655, -0.849010205960989 ], [ -79.505025879392406, -0.854055844044788 ], [ -79.508349963048943, -0.862012704621023 ], [ -79.511636270751154, -0.864327447119706 ], [ -79.512691530698575, -0.875707992613243 ], [ -79.519053326777154, -0.885677862832617 ], [ -79.518633733589411, -0.891526215986274 ], [ -79.520882818616798, -0.892368535119067 ], [ -79.520842251596889, -0.896723670970895 ], [ -79.523238137511385, -0.898715216056082 ], [ -79.522611938994814, -0.905264327489929 ], [ -79.527605868593639, -0.913885229830928 ], [ -79.52641438901486, -0.921966924466908 ], [ -79.521839290832418, -0.926108211290751 ], [ -79.512828214758926, -0.940814407799644 ], [ -79.507222188396852, -0.944833504688884 ], [ -79.506857762547341, -0.961673027639773 ], [ -79.508207709433819, -0.968110184960652 ], [ -79.514237268994464, -0.969222813990174 ], [ -79.516275603866319, -0.973500732002409 ], [ -79.520981787808282, -0.973611483676777 ], [ -79.525565287035278, -0.979375812015242 ], [ -79.523502979721755, -0.983612817450437 ], [ -79.528486081028163, -0.989492666107672 ], [ -79.523616940897014, -0.995476445292555 ], [ -79.525876114903355, -1.000956842257119 ], [ -79.523846423621194, -1.00307948456385 ], [ -79.525390214369551, -1.007916057902964 ], [ -79.526932159978315, -1.009866713894202 ], [ -79.529932098242696, -1.008488140463583 ], [ -79.532326318680646, -1.012161038376793 ], [ -79.53609183087454, -1.010708564038719 ], [ -79.537185454274464, -1.015598041963418 ], [ -79.539842923311497, -1.01455611305905 ], [ -79.540177219666376, -1.017635755993973 ], [ -79.536617032702026, -1.022184809846909 ], [ -79.538550377873364, -1.024345580911797 ], [ -79.537011210753761, -1.026526426440437 ], [ -79.535080317983159, -1.025498902356541 ], [ -79.535590854813634, -1.027661445072789 ], [ -79.532723537529606, -1.030337642626363 ], [ -79.533802942395226, -1.035766698647827 ], [ -79.532451983107421, -1.04359322242578 ], [ -79.534876443532795, -1.045371853417678 ], [ -79.535311107756044, -1.050658161674993 ], [ -79.541602632223231, -1.058618985461795 ], [ -79.544574195402717, -1.057578426937891 ], [ -79.546092293435649, -1.059433059592638 ], [ -79.54623147121923, -1.057906628881958 ], [ -79.548291973817371, -1.057728905937081 ], [ -79.548035442819995, -1.06119148729519 ], [ -79.550741622104979, -1.061423513762752 ], [ -79.551632659238663, -1.064194491435592 ], [ -79.553264180355995, -1.064274869599438 ], [ -79.553584290515929, -1.061084906993307 ], [ -79.555653098038832, -1.062581020515398 ], [ -79.557985457791375, -1.061354190990475 ], [ -79.55794104867698, -1.064680952999038 ], [ -79.560535420048453, -1.065204693516709 ], [ -79.562139612618211, -1.063008044754277 ], [ -79.56622026908515, -1.067385941770247 ], [ -79.575124333350388, -1.063576896566433 ], [ -79.577505636014564, -1.067899365570488 ], [ -79.580695384705194, -1.066726193318523 ], [ -79.585100221598594, -1.069500047515317 ], [ -79.58996958630857, -1.068239839762566 ], [ -79.59173157783944, -1.070739301612797 ], [ -79.594096432350767, -1.069258119454537 ], [ -79.59454017854155, -1.070937711089643 ], [ -79.600021789135084, -1.072738619578751 ], [ -79.600107209037134, -1.070442076725103 ], [ -79.601815313329084, -1.069954025433964 ], [ -79.602461215493094, -1.071291651031535 ], [ -79.603610389811877, -1.069286568636278 ], [ -79.608375992818324, -1.069830842971891 ], [ -79.610506583771524, -1.068587491105936 ], [ -79.60797929589053, -1.066811408903802 ], [ -79.61056881546115, -1.064083875802805 ], [ -79.611971449437348, -1.064709236063473 ], [ -79.61183905842573, -1.063381342765355 ], [ -79.613632179276138, -1.065670450538583 ], [ -79.616931605076459, -1.064039166277463 ], [ -79.616547205186578, -1.06583994408633 ], [ -79.618096363368792, -1.065140973551792 ], [ -79.620438392587062, -1.067698150047529 ], [ -79.618689734749921, -1.068234947489625 ], [ -79.618903274174414, -1.07054277196877 ], [ -79.622088847495618, -1.072359323008947 ], [ -79.622254839990461, -1.075892670752061 ], [ -79.626166798236909, -1.077358906169479 ], [ -79.622869955093051, -1.078974994621527 ], [ -79.624024414200662, -1.080803086430609 ], [ -79.626479493702476, -1.080963872421043 ], [ -79.630685599000515, -1.084946466957284 ], [ -79.630845429052485, -1.083210876807785 ], [ -79.632347183137142, -1.083062703724255 ], [ -79.632168192918471, -1.087237622515741 ], [ -79.634570657195781, -1.088928827221945 ], [ -79.636298961005195, -1.087951005142264 ], [ -79.637294262000637, -1.091244265795717 ], [ -79.640545517440472, -1.092781352574531 ], [ -79.6426252996812, -1.10083998452214 ], [ -79.640654244132563, -1.102079621856148 ], [ -79.642569052568021, -1.102413097416453 ], [ -79.642706577451492, -1.103899381867032 ], [ -79.640793517137595, -1.104657145219575 ], [ -79.642277667835941, -1.105910623219246 ], [ -79.640996606460391, -1.10660383348665 ], [ -79.642074381782081, -1.109313311365073 ], [ -79.646261567661924, -1.10975739828027 ], [ -79.647266967517794, -1.112169548321807 ], [ -79.649245951597123, -1.111309701786344 ], [ -79.652254081598585, -1.117939170042566 ], [ -79.657309599693278, -1.118780734716101 ], [ -79.660066880541535, -1.121628324142333 ], [ -79.66205453965155, -1.121681182561348 ], [ -79.66322353080551, -1.11829375648948 ], [ -79.66531383501318, -1.120267762676371 ], [ -79.668031623226582, -1.119286510115207 ], [ -79.66750993920175, -1.117016031147964 ], [ -79.665451339235418, -1.116261275258072 ], [ -79.668716895854558, -1.11310193514692 ], [ -79.672904677317433, -1.115934904686358 ], [ -79.671684881044257, -1.119225546802448 ], [ -79.67381280849267, -1.118102096107029 ], [ -79.675426310303706, -1.122521047771944 ], [ -79.677619978261205, -1.121293069734471 ], [ -79.67898646043713, -1.124513746837601 ], [ -79.680974595654263, -1.121548253780225 ], [ -79.683767500093396, -1.122813750728059 ], [ -79.685087370485846, -1.128792357876174 ], [ -79.681486629078009, -1.13306406760127 ], [ -79.682369003757401, -1.13535806530709 ], [ -79.68502706747914, -1.134770139916345 ], [ -79.682813288937368, -1.137298114782376 ], [ -79.683598442546824, -1.139571267842485 ], [ -79.685570432343368, -1.139367877388253 ], [ -79.687377767236526, -1.141409877091421 ], [ -79.685531778734997, -1.144129141960191 ], [ -79.687696412244222, -1.144961930535242 ], [ -79.686430652771236, -1.145904071374162 ], [ -79.687903663461739, -1.147251273605107 ], [ -79.687303083100446, -1.149892077300194 ], [ -79.690116796114808, -1.150899382428554 ], [ -79.689137416859452, -1.152433733588321 ], [ -79.694228409424738, -1.147108377595521 ], [ -79.69700600387651, -1.148122533780588 ], [ -79.695109414173345, -1.150645422437628 ], [ -79.697396457513065, -1.15106880912717 ], [ -79.696960925517232, -1.152985027683777 ], [ -79.698619811114753, -1.15308178000116 ], [ -79.700122003577263, -1.155886942831562 ], [ -79.702133079071814, -1.153375139984087 ], [ -79.704628862137469, -1.156209989393002 ], [ -79.70776048713428, -1.154152218264245 ], [ -79.707628328786299, -1.156271645282413 ], [ -79.711987992997322, -1.152450598740616 ], [ -79.713008465685363, -1.154039726201223 ], [ -79.715668267647175, -1.153284455465319 ], [ -79.715138765584413, -1.154761967003388 ], [ -79.716728167393029, -1.155134640016904 ], [ -79.71489823897214, -1.160059553724388 ], [ -79.716584417184635, -1.164612839751313 ], [ -79.718878560808363, -1.16589423256129 ], [ -79.717743496327728, -1.1708588193506 ], [ -79.715782984305577, -1.169045829406975 ], [ -79.715793176590793, -1.173291882215285 ], [ -79.713380974575799, -1.17373357202859 ], [ -79.717682362379392, -1.178971457875055 ], [ -79.719646782971338, -1.179324242295201 ], [ -79.71887974029633, -1.181221865709112 ], [ -79.72164173640148, -1.182858147268926 ], [ -79.723014083677882, -1.18020528751168 ], [ -79.725492744854236, -1.182633227407927 ], [ -79.728930493241975, -1.179213242126199 ], [ -79.729508283344529, -1.18204260129012 ], [ -79.730834470690041, -1.177929305631571 ], [ -79.732292704094135, -1.177481996910184 ], [ -79.734413216848168, -1.181230515545071 ], [ -79.73644318750641, -1.18033764774022 ], [ -79.738229994997013, -1.18260453414447 ], [ -79.741124391995271, -1.18304946560636 ], [ -79.740221377623897, -1.185372610917647 ], [ -79.745221934992898, -1.190744454749295 ], [ -79.743753729390846, -1.193134176653484 ], [ -79.748625377618254, -1.192097118493726 ], [ -79.7470287021508, -1.195787186556551 ], [ -79.74870278993788, -1.196567479982132 ], [ -79.749219449685327, -1.200256561288322 ], [ -79.746867159011586, -1.200051206557712 ], [ -79.748947472156644, -1.201934919130305 ], [ -79.748876748692652, -1.204492910528019 ], [ -79.746646268673103, -1.204578859405411 ], [ -79.748119295533286, -1.207006433803685 ], [ -79.750002861461468, -1.206413889159941 ], [ -79.74533158515311, -1.209584197828769 ], [ -79.749749667705373, -1.212776045855537 ], [ -79.74872154855764, -1.214279016850257 ], [ -79.74749391089037, -1.213485992346452 ], [ -79.749029280831266, -1.216348487923876 ], [ -79.746792681488017, -1.21584812495182 ], [ -79.747506097435505, -1.218420150600345 ], [ -79.74556907186647, -1.219160364673312 ], [ -79.749010178156738, -1.223247213606183 ], [ -79.752773531699006, -1.224277994658183 ], [ -79.754263411852222, -1.230665691769455 ], [ -79.752404819987262, -1.237183191196556 ], [ -79.75488607819311, -1.236861853387119 ], [ -79.754639158270948, -1.234483970350753 ], [ -79.757212062602079, -1.235549370863554 ], [ -79.75584533698273, -1.232749624998726 ], [ -79.759027011615586, -1.234743068756468 ], [ -79.758685537721576, -1.237794526403587 ], [ -79.756903480522197, -1.237242363799278 ], [ -79.754443207859723, -1.239573705457882 ], [ -79.754128003399558, -1.243304903651411 ], [ -79.752366520315135, -1.24429601219301 ], [ -79.755268541315189, -1.247215184494985 ], [ -79.7580334605383, -1.246832303629841 ], [ -79.759125514581427, -1.250659441998507 ], [ -79.757724544285139, -1.251886712383505 ], [ -79.759596906425102, -1.252856447388824 ], [ -79.763326566855994, -1.250342114954635 ], [ -79.764352032380373, -1.25264657835017 ], [ -79.765306619930527, -1.250684444240028 ], [ -79.766222554770621, -1.254106013876357 ], [ -79.7680766272114, -1.254048216643607 ], [ -79.76838470982797, -1.256111281138052 ], [ -79.771114626196038, -1.25759438322932 ], [ -79.768150586407046, -1.258448418567091 ], [ -79.766899328437688, -1.260629841699853 ], [ -79.766109985085748, -1.259000164491692 ], [ -79.764345365982649, -1.25954797034264 ], [ -79.76340501942471, -1.265760661619 ], [ -79.766165598886673, -1.265492931977501 ], [ -79.764300103468742, -1.26896215664055 ], [ -79.767301237390754, -1.270072569111682 ], [ -79.769354495076101, -1.268440400229551 ], [ -79.769844212551547, -1.270275530397938 ], [ -79.773151340507113, -1.270276073745157 ], [ -79.772427950565003, -1.273593551935461 ], [ -79.774559424562128, -1.272096734317391 ], [ -79.775762250761261, -1.275441397228349 ], [ -79.7778504915387, -1.274156117557046 ], [ -79.777498213606791, -1.277374198008937 ], [ -79.780481853736944, -1.276761143242683 ], [ -79.778774227348748, -1.28083250835131 ], [ -79.777016472272749, -1.281070159340544 ], [ -79.777440625308856, -1.283014887905755 ], [ -79.775175525116595, -1.282013284678189 ], [ -79.775992108082903, -1.285319949982634 ], [ -79.774370438789305, -1.288315338143399 ], [ -79.777311747608309, -1.288115095001101 ], [ -79.775481566760845, -1.29020025933723 ], [ -79.780375349476856, -1.29285029514974 ], [ -79.782115610761025, -1.292382714399954 ], [ -79.782182531656431, -1.290375090032404 ], [ -79.785040421121536, -1.292694504960123 ], [ -79.788392519638549, -1.292713983561579 ], [ -79.787873776697936, -1.294644506298946 ], [ -79.790188937306041, -1.294550769472491 ], [ -79.788578446647833, -1.297837886037166 ], [ -79.785702797489563, -1.296373222406689 ], [ -79.785112056375567, -1.297380016302588 ], [ -79.787588153760083, -1.298645035162977 ], [ -79.787318243254873, -1.30002989462752 ], [ -79.78980234732353, -1.300156766958853 ], [ -79.789938634328536, -1.301754391449358 ], [ -79.792258905452314, -1.301515034239104 ], [ -79.793392558679614, -1.304069319902038 ], [ -79.791782506399244, -1.304154176134719 ], [ -79.792260728134011, -1.306540258295021 ], [ -79.789442970904233, -1.304829408417322 ], [ -79.789301827606792, -1.30624309560482 ], [ -79.79246981460966, -1.308312310337202 ], [ -79.79153672823584, -1.311617671398118 ], [ -79.793207343136032, -1.312870629074227 ], [ -79.794103921078388, -1.319141009331055 ], [ -79.796664619999731, -1.321316574370284 ], [ -79.797701741164929, -1.319784207653516 ], [ -79.799869896070064, -1.326612511904247 ], [ -79.798337150108111, -1.328479481462872 ], [ -79.801496417164515, -1.330058010053193 ], [ -79.799804372054908, -1.331275183696961 ], [ -79.800121439620966, -1.332936130177814 ], [ -79.801903988198816, -1.333753720605782 ], [ -79.803786931594502, -1.332519638381931 ], [ -79.804524407120255, -1.335871618417074 ], [ -79.802422202930018, -1.336864534638904 ], [ -79.804202221852037, -1.338276846607788 ], [ -79.80274297335167, -1.339965118411586 ], [ -79.805530005503812, -1.343027336365411 ], [ -79.803027763551256, -1.344780384323185 ], [ -79.809906052290671, -1.347407163155609 ], [ -79.810621757145512, -1.350427181537298 ], [ -79.808595112050455, -1.350872986738552 ], [ -79.811552613002476, -1.351422899195212 ], [ -79.813173842121614, -1.355047330435979 ], [ -79.815867800725471, -1.355137340701956 ], [ -79.817815561162163, -1.357616543097323 ], [ -79.82027947289987, -1.357114150372035 ], [ -79.820234335251783, -1.359378968871354 ], [ -79.822808711921653, -1.359786312008711 ], [ -79.821234017330866, -1.361529259935489 ], [ -79.822653815417212, -1.364682703508902 ], [ -79.824587502846654, -1.364708197649823 ], [ -79.824531751603487, -1.366616358074208 ], [ -79.827489544507998, -1.366081382017472 ], [ -79.826442103496831, -1.369167549627126 ], [ -79.829272409292813, -1.369848194587869 ], [ -79.830430590120628, -1.36821239833574 ], [ -79.83293625106117, -1.369689856082985 ], [ -79.83657720465439, -1.377638442908946 ], [ -79.838662819656264, -1.377618603064007 ], [ -79.839382379182013, -1.380148397495898 ], [ -79.84221130786068, -1.379088359561001 ], [ -79.844389380166547, -1.380614409697517 ], [ -79.846416270501678, -1.383289864324591 ], [ -79.845125832511201, -1.386311075093817 ], [ -79.847894352181939, -1.386605725152125 ], [ -79.846713194245794, -1.389262465710395 ], [ -79.844047470589615, -1.388452461084602 ], [ -79.847230886157504, -1.391633961860588 ], [ -79.84537155138581, -1.396083589559341 ], [ -79.847386480652929, -1.398593156366793 ], [ -79.849754333740648, -1.395426504350842 ], [ -79.851438587761791, -1.397451433964951 ], [ -79.849296638510125, -1.403104848308478 ], [ -79.851993742115795, -1.402677616385552 ], [ -79.85450662461291, -1.405796161114317 ], [ -79.851509978674059, -1.407131395447154 ], [ -79.854379319862417, -1.409905562475717 ], [ -79.847945831935945, -1.407920430584638 ], [ -79.847650844061263, -1.409884539281519 ], [ -79.85227944051212, -1.412462999856273 ], [ -79.851511679184895, -1.415710343804942 ], [ -79.855210149210819, -1.412618979027683 ], [ -79.854281174426049, -1.416614227359958 ], [ -79.857157107451954, -1.416952556096343 ], [ -79.856522224023223, -1.419506490538594 ], [ -79.85958646279731, -1.418964848664724 ], [ -79.861898450555842, -1.422926388955227 ], [ -79.865030710661543, -1.421560069117166 ], [ -79.862496338666219, -1.426294451200668 ], [ -79.862619751016595, -1.429868186509122 ], [ -79.865050343342091, -1.430558937400624 ], [ -79.866823663527015, -1.428159686682691 ], [ -79.86741693250022, -1.429082762674027 ], [ -79.861614545196815, -1.435438149241101 ], [ -79.868114838136023, -1.434981702176828 ], [ -79.866302134910725, -1.441513756362238 ], [ -79.868111011312919, -1.444912860389375 ], [ -79.864991943865476, -1.445727961342849 ], [ -79.870321262170563, -1.449410135423866 ], [ -79.868265086757177, -1.45088542769506 ], [ -79.86656189085997, -1.449098836736522 ], [ -79.864171066053771, -1.45115343494105 ], [ -79.867024952625997, -1.454093820956878 ], [ -79.865705986837042, -1.456842475729822 ], [ -79.871423689060279, -1.458171407625086 ], [ -79.870138247499426, -1.464814048239219 ], [ -79.86793315656476, -1.464746805269427 ], [ -79.865761859352759, -1.46802543897812 ], [ -79.870478193359119, -1.469380403233402 ], [ -79.86986103728421, -1.473897469253161 ], [ -79.867557389484773, -1.474054588285808 ], [ -79.866746577295856, -1.478581777140113 ], [ -79.867473038577913, -1.480073168686662 ], [ -79.869216726036569, -1.479737676327462 ], [ -79.869477028161512, -1.483047145534769 ], [ -79.867325634921258, -1.48570532485044 ], [ -79.86183686205996, -1.487170773398375 ], [ -79.864794098907296, -1.490359109496576 ], [ -79.869032125838942, -1.487029456727808 ], [ -79.87300775846937, -1.491320107204265 ], [ -79.871605164917355, -1.494458204425769 ], [ -79.868036630807396, -1.493155510723218 ], [ -79.866673037613438, -1.49420761300192 ], [ -79.869816739560918, -1.496896605693731 ], [ -79.873354000620907, -1.497462704035651 ], [ -79.869804996783529, -1.504057508636605 ], [ -79.875424955117339, -1.5099669731786 ], [ -79.873486638669235, -1.514098511141761 ], [ -79.876543734938508, -1.515013490208118 ], [ -79.871659866029958, -1.520905292707092 ], [ -79.877947176500143, -1.523409232533275 ], [ -79.867788893418336, -1.525924815568827 ], [ -79.870950742232878, -1.527087496510322 ], [ -79.868727619415509, -1.528097128707611 ], [ -79.870372078069565, -1.530602693614772 ], [ -79.867064302428702, -1.531659260526115 ], [ -79.870818220067221, -1.534370566784217 ], [ -79.870711343006278, -1.538107230802094 ], [ -79.872786876215741, -1.538011932337778 ], [ -79.873453873517562, -1.536070476189649 ], [ -79.874470693655638, -1.536823868393016 ], [ -79.87461832189112, -1.542355584492037 ], [ -79.867971702375286, -1.543302283768577 ], [ -79.871459804927966, -1.554665798556882 ], [ -79.870619079738418, -1.55730492069229 ], [ -79.868461087474088, -1.558024473838679 ], [ -79.865962474715275, -1.555948191130268 ], [ -79.866530797473033, -1.559446502459416 ], [ -79.864580305259565, -1.564504235049217 ], [ -79.859472546537816, -1.562339300143117 ], [ -79.856483803078518, -1.564077480591147 ], [ -79.856779163754055, -1.566180110077535 ], [ -79.854726940029593, -1.565320552962956 ], [ -79.853749846986631, -1.567023104508802 ], [ -79.85623001823096, -1.569425320867001 ], [ -79.853325722696596, -1.578652199031789 ], [ -79.857783270035924, -1.580437787888096 ], [ -79.860119498832404, -1.579732980896076 ], [ -79.864650493327659, -1.583765047535443 ], [ -79.867705847763574, -1.59100401912314 ], [ -79.865078843292792, -1.59371367642901 ], [ -79.865654961630582, -1.597834269596457 ], [ -79.871170567169415, -1.601161123144596 ], [ -79.866310476666456, -1.609781899469846 ], [ -79.861677575488727, -1.610245367490461 ], [ -79.862761635424135, -1.613782303495726 ], [ -79.861198977359862, -1.61994852371041 ], [ -79.85630650798079, -1.629461804612176 ], [ -79.863421076097808, -1.643749688992102 ], [ -79.859672284246301, -1.64880414311371 ], [ -79.852656808389952, -1.644084644234829 ], [ -79.848090948481882, -1.644802626944145 ], [ -79.844292922664593, -1.648314584337074 ], [ -79.844050631761107, -1.651789282615787 ], [ -79.836946169691046, -1.65537178423725 ], [ -79.834349689973607, -1.666167286161271 ], [ -79.829004123839965, -1.664512480171037 ], [ -79.825314738476493, -1.665686421898675 ], [ -79.822583143157175, -1.673567827487471 ], [ -79.827048104292544, -1.674875385895913 ], [ -79.827801594983185, -1.680353232689414 ], [ -79.836824676142129, -1.682072178693685 ], [ -79.839868058730261, -1.68530320271179 ], [ -79.832131443211608, -1.69254505341401 ], [ -79.827493356958058, -1.699661216752979 ], [ -79.825717633779732, -1.707685495868277 ], [ -79.814245363372294, -1.707678239806506 ], [ -79.809590808304634, -1.710734742733107 ], [ -79.801470924773383, -1.712790932610308 ], [ -79.799828190884682, -1.715709473901279 ], [ -79.788572186288619, -1.721765464291582 ], [ -79.788089797269251, -1.725778163791845 ], [ -79.785707055503991, -1.727737016930322 ], [ -79.77104961332229, -1.724082761327981 ], [ -79.748235867212756, -1.738455540953447 ], [ -79.744245954064255, -1.747063869372959 ], [ -79.748528724283574, -1.787096040871119 ], [ -79.738768778453277, -1.797113226552565 ], [ -79.736880682321114, -1.806461020436155 ], [ -79.730121189489822, -1.808934182288477 ], [ -79.728517485603589, -1.82546749743827 ], [ -79.72053101536676, -1.825770722485529 ], [ -79.719182855229391, -1.827664017509208 ], [ -79.73147479880771, -1.840089640920057 ], [ -79.731238181663556, -1.846080731857012 ], [ -79.726896751456181, -1.850191657302628 ], [ -79.71720654633296, -1.850640349977719 ], [ -79.709790067923677, -1.85405764740662 ], [ -79.708569135281678, -1.861024253641759 ], [ -79.705494932394473, -1.862776576228384 ], [ -79.703980328808001, -1.865881982237253 ], [ -79.700688897115413, -1.86585627800488 ], [ -79.698225297991428, -1.869088491820406 ], [ -79.685727393176322, -1.86802436031411 ], [ -79.683032217355247, -1.876536770290862 ], [ -79.683731160545221, -1.879957032338015 ], [ -79.672382949275132, -1.890513371402755 ], [ -79.673997316163792, -1.895339882379621 ], [ -79.669663408448613, -1.900949794365423 ], [ -79.669503309800362, -1.905197104234754 ], [ -79.666072713798911, -1.906823776772964 ], [ -79.665872962615694, -1.909993544914641 ], [ -79.660943884193856, -1.915119906133021 ], [ -79.661141715677289, -1.919533223976736 ], [ -79.656642559272328, -1.923031023694765 ], [ -79.65271030269372, -1.92086052868339 ], [ -79.648718910019937, -1.921547992819688 ], [ -79.645982500629017, -1.924396936841231 ], [ -79.639661290434944, -1.921453184066289 ], [ -79.637073215355315, -1.923828648117528 ], [ -79.632247419834954, -1.920394784035476 ], [ -79.627706242935929, -1.922133812937737 ], [ -79.623139994955665, -1.919157079648995 ], [ -79.621722042907237, -1.913883706260166 ], [ -79.617431760975492, -1.910463237393419 ], [ -79.613134561117761, -1.909785280274624 ], [ -79.613140661576864, -1.905331417906959 ], [ -79.609873575126798, -1.907282419778548 ], [ -79.609428211070167, -1.903197151767299 ], [ -79.606131515250013, -1.905392328615156 ], [ -79.603271487794544, -1.904183770087808 ], [ -79.602379780517637, -1.906395692679196 ], [ -79.599769060706322, -1.906127152578716 ], [ -79.597186044040043, -1.907982476758249 ], [ -79.591724012228127, -1.904862530268286 ], [ -79.589405967129636, -1.906473850434257 ], [ -79.580490599363159, -1.904999424297819 ], [ -79.576949730668986, -1.900952252599075 ], [ -79.573600610965485, -1.900576693173933 ], [ -79.572167943614389, -1.898766184791221 ], [ -79.564090589921946, -1.898520452675463 ], [ -79.563207623252765, -1.887498288425078 ], [ -79.561019856328343, -1.890330937573316 ], [ -79.558149875539513, -1.88985454721917 ], [ -79.555506805598185, -1.88539902101968 ], [ -79.549713078952436, -1.885925790661465 ], [ -79.541262655820816, -1.882281547764858 ], [ -79.538237805476996, -1.885081071023447 ], [ -79.532482275197125, -1.882876292182389 ], [ -79.524505714276174, -1.885130369922411 ], [ -79.522089641420621, -1.880282458614865 ], [ -79.520011344993378, -1.882159695093144 ], [ -79.516193140319871, -1.881487616659148 ], [ -79.506262929607217, -1.883584550830739 ], [ -79.502464937925922, -1.886939240541385 ], [ -79.49910134636319, -1.887372247751136 ], [ -79.497659990506662, -1.88471856080289 ], [ -79.4929973937206, -1.886303995570645 ], [ -79.488873503135679, -1.884116364130483 ], [ -79.487778980522151, -1.890858523639934 ], [ -79.484799816697048, -1.892342652966753 ], [ -79.487218809975587, -1.894178264956771 ], [ -79.484481612762153, -1.896172138827668 ], [ -79.486406306258985, -1.897828791882361 ], [ -79.485402776695523, -1.901083564289022 ], [ -79.481635810129191, -1.904646456675474 ], [ -79.480132880149824, -1.904401119539603 ], [ -79.477779675889437, -1.908705402644432 ], [ -79.474804811401285, -1.908537793694073 ], [ -79.476031472599857, -1.910061886682124 ], [ -79.471564677104695, -1.90981660777864 ], [ -79.471077740813342, -1.911371005393994 ], [ -79.468772856932091, -1.910321384263015 ], [ -79.467000752167721, -1.912371498347614 ], [ -79.46758175105245, -1.914611111548026 ], [ -79.465738163747687, -1.913858901450331 ], [ -79.463950748097645, -1.918246388008062 ], [ -79.459882317701741, -1.915606514703682 ], [ -79.455639774040833, -1.916697438268802 ], [ -79.453609979452395, -1.925387557060688 ], [ -79.45556260067309, -1.926824776670282 ], [ -79.452939334092193, -1.929512625739926 ], [ -79.451753336931588, -1.92857997569136 ], [ -79.446556208415487, -1.93492755589827 ], [ -79.442499832512382, -1.935573396706687 ], [ -79.442907995536444, -1.938235860960589 ], [ -79.440306119639104, -1.937110800603317 ], [ -79.440016867507509, -1.939069871503968 ], [ -79.438334827833543, -1.938604186609104 ], [ -79.437162744678375, -1.940732189429581 ], [ -79.436445630366848, -1.938891204629102 ], [ -79.432273696083911, -1.939690237437946 ], [ -79.43274993972841, -1.938193213601331 ], [ -79.427910600308508, -1.939981634744144 ], [ -79.423621956005547, -1.938026717230325 ], [ -79.422451243679504, -1.935571067806388 ], [ -79.42142558142406, -1.937307499117894 ], [ -79.419449423444618, -1.935044812567873 ], [ -79.418301486105989, -1.938551973187762 ], [ -79.41665125487792, -1.937543048182881 ], [ -79.415783436499382, -1.939650228751256 ], [ -79.406658807085748, -1.941628886697568 ], [ -79.406572061270367, -1.943548047914775 ], [ -79.405197920956638, -1.943543672942622 ], [ -79.405852561931738, -1.944861500584811 ], [ -79.410633435399703, -1.945117979852299 ], [ -79.409904442665166, -1.946969614712302 ], [ -79.412063778809156, -1.94835741838382 ], [ -79.409472301809529, -1.950859157253458 ], [ -79.411195556188758, -1.952015305335979 ], [ -79.40923943333506, -1.953217071299922 ], [ -79.411381502960978, -1.955092680873096 ], [ -79.409126621105059, -1.956174423345915 ], [ -79.409259747836913, -1.958067568853836 ], [ -79.407011282647062, -1.957399452589492 ], [ -79.405737974630725, -1.960148592672367 ], [ -79.404900561529615, -1.958399295323995 ], [ -79.403627190631227, -1.960075221709948 ], [ -79.400678936038418, -1.960115176941522 ], [ -79.403019881888454, -1.961448097786931 ], [ -79.401845799981785, -1.962777563779085 ], [ -79.403015311260276, -1.964831770224346 ], [ -79.401020403644225, -1.964362210432067 ], [ -79.400838522646964, -1.9675136485545 ], [ -79.395418802383233, -1.964629039104928 ], [ -79.392411524883002, -1.966418669269799 ], [ -79.388950952100501, -1.964850515121684 ], [ -79.382793270322452, -1.968738520458587 ], [ -79.376454681320922, -1.967583276321932 ], [ -79.375357382014826, -1.969337461471299 ], [ -79.373087574650469, -1.96791893948866 ], [ -79.372507717524456, -1.970058968685708 ], [ -79.368558982250278, -1.97111978760123 ], [ -79.370604046401894, -1.978172553444647 ], [ -79.36758198622536, -1.978603121462364 ], [ -79.368545070939774, -1.980460606869854 ], [ -79.366552470197362, -1.980690062928143 ], [ -79.361898419084596, -1.987546275030014 ], [ -79.358748968817608, -1.986812071005093 ], [ -79.360152185800416, -1.988140774245028 ], [ -79.358757843274304, -1.989919586022618 ], [ -79.361234514682295, -1.990650051235133 ], [ -79.35707278975255, -1.993887610188283 ], [ -79.355923138428352, -1.996980758317218 ], [ -79.358055129855089, -1.997958498363885 ], [ -79.355371182975063, -2.00351886988647 ], [ -79.352892228049626, -2.004075078103079 ], [ -79.353350762306619, -2.006103615530845 ], [ -79.351595058084399, -2.007157210308633 ], [ -79.352760005921269, -2.009176964688558 ], [ -79.348530504001658, -2.010916706402199 ], [ -79.349922386042223, -2.012867238759926 ], [ -79.345163277855292, -2.012469203807128 ], [ -79.345050789018785, -2.015262768563146 ], [ -79.346848567633941, -2.015988880912319 ], [ -79.342483925857934, -2.01598443790168 ], [ -79.34442286573686, -2.017995217231658 ], [ -79.342305014691007, -2.019295392279373 ], [ -79.344220781628849, -2.020582591008825 ], [ -79.343429684765482, -2.022009730920818 ], [ -79.342005410374071, -2.020725202353105 ], [ -79.338078081953114, -2.021312076545984 ], [ -79.336710981736289, -2.026882183569765 ], [ -79.338438126718998, -2.0323265136852 ], [ -79.335782096783063, -2.034331124051705 ], [ -79.336392409492149, -2.038098121592407 ], [ -79.33389477859194, -2.035363911352642 ], [ -79.333123225475873, -2.039170801431816 ], [ -79.334401559566217, -2.041719721422928 ], [ -79.332141869926886, -2.042193416496421 ], [ -79.330922288351076, -2.039594640025417 ], [ -79.329837720867516, -2.043329120626705 ], [ -79.326809116464133, -2.045043649328123 ], [ -79.327947076214926, -2.047548833691817 ], [ -79.321275935386765, -2.050790738282458 ], [ -79.322991177691932, -2.052133926297698 ], [ -79.3170824298589, -2.063229561272355 ], [ -79.318414642205042, -2.068592894107485 ], [ -79.316697597879411, -2.074468184138356 ], [ -79.318799036705016, -2.078485078923173 ], [ -79.317962759074405, -2.081070918591254 ], [ -79.304062265198866, -2.086293747151211 ], [ -79.298811121883034, -2.094544929570519 ], [ -79.297928341165147, -2.093627266972313 ], [ -79.291256494261177, -2.097303541905092 ], [ -79.284720370220214, -2.097192849335828 ], [ -79.277380644767135, -2.101940260361472 ], [ -79.271115590058116, -2.103837985841559 ], [ -79.268960827237251, -2.093251239885355 ], [ -79.263417407162265, -2.082118117271495 ], [ -79.259711580832473, -2.085741712206143 ], [ -79.259634869198791, -2.090415306298115 ], [ -79.252480581173174, -2.093279671443509 ], [ -79.250660448880481, -2.101701492596314 ], [ -79.234853223322219, -2.104220508004038 ], [ -79.230370356966617, -2.110111176218668 ], [ -79.228502874475282, -2.117161369055752 ], [ -79.21918055730869, -2.125637341070004 ], [ -79.210526631629222, -2.128447414265944 ], [ -79.204110508137177, -2.133484162816378 ], [ -79.196702997609378, -2.132845686018325 ], [ -79.19392143080745, -2.130988956044137 ], [ -79.187836587127578, -2.141538173094244 ], [ -79.183509582067018, -2.143612403393285 ], [ -79.179478780301736, -2.142095069821289 ], [ -79.179845331565232, -2.144822204446075 ], [ -79.178154551283541, -2.145388792289984 ], [ -79.175442145775321, -2.145724207993525 ], [ -79.168957799729029, -2.14148646896515 ], [ -79.168794749216744, -2.13325178789311 ], [ -79.16558647277337, -2.130200103618166 ], [ -79.164524401799483, -2.12536164298949 ], [ -79.161597032138729, -2.121548653693353 ], [ -79.155450634098969, -2.119774179896685 ], [ -79.147962299450114, -2.122092774416159 ], [ -79.136858471259814, -2.120528785902244 ], [ -79.128620233791551, -2.114253978635385 ], [ -79.124774782317161, -2.113508691335169 ], [ -79.120939612959504, -2.116240892010774 ], [ -79.115137612829997, -2.116676015583114 ], [ -79.116376972613409, -2.126858669230689 ], [ -79.121577281165628, -2.13544422932708 ], [ -79.120974727205635, -2.140880167744589 ], [ -79.107519579420412, -2.133037792298068 ], [ -79.10207946200984, -2.133333656568844 ], [ -79.10460755657796, -2.143525698529999 ], [ -79.112537405104135, -2.153098005305239 ], [ -79.128279337514272, -2.164080013755008 ], [ -79.132057323714207, -2.17459537781358 ], [ -79.13833984616393, -2.182448922219606 ], [ -79.116488506540776, -2.183170198397639 ], [ -79.117827179570426, -2.187533046364265 ], [ -79.120589763173783, -2.188840487608423 ], [ -79.126009283113191, -2.197828796926551 ], [ -79.127196240572843, -2.202613507433723 ], [ -79.15261804837877, -2.201332965617221 ], [ -79.163611558062271, -2.202693055519028 ], [ -79.179224046833255, -2.198460016635242 ], [ -79.192216478703827, -2.191322901929326 ], [ -79.202025908231576, -2.193966086062828 ], [ -79.205372247649294, -2.196400847928374 ], [ -79.208464955831346, -2.195875116252196 ], [ -79.210932697087102, -2.197839517613681 ], [ -79.221128121912642, -2.199464240764276 ], [ -79.225438190136828, -2.197567867603913 ], [ -79.230011053310847, -2.19834973982782 ], [ -79.234846509313783, -2.195894655522179 ], [ -79.240527063505084, -2.195563831688328 ], [ -79.24459442849907, -2.197619023144142 ], [ -79.248292046922103, -2.196262584766766 ], [ -79.249533434203116, -2.211336198316083 ], [ -79.252970873570419, -2.21076194872624 ], [ -79.254725118928604, -2.217534442106657 ], [ -79.247848689701812, -2.219278916926979 ], [ -79.242725210462595, -2.219222384362097 ], [ -79.238971715930575, -2.214987012028283 ], [ -79.233196284373918, -2.211894483947832 ], [ -79.22113008113827, -2.210064202429432 ], [ -79.212670430512048, -2.212748346094548 ], [ -79.207623712313861, -2.210704501134353 ], [ -79.169757559046701, -2.214522785435256 ], [ -79.162686982327457, -2.21434961994995 ], [ -79.155802835674081, -2.21159363338145 ], [ -79.140868751012434, -2.212679983210351 ], [ -79.142281265558424, -2.216917218468738 ], [ -79.141627813952766, -2.23351700784392 ], [ -79.147189625236564, -2.236944511555428 ], [ -79.151863060196533, -2.252614956124111 ], [ -79.156329271786788, -2.256900665119369 ], [ -79.168467241430477, -2.275715045177942 ], [ -79.173896371546803, -2.287612677149873 ], [ -79.175474247072003, -2.303586973684843 ], [ -79.186325185136766, -2.305225847006003 ], [ -79.191006056350659, -2.30809726948769 ], [ -79.203916515154944, -2.310342008564686 ], [ -79.215774549993156, -2.315006275712396 ], [ -79.223662297176901, -2.314150594258772 ], [ -79.22758116616285, -2.316017113490801 ], [ -79.231879933580743, -2.31316452126775 ], [ -79.240119019058625, -2.312034207644093 ], [ -79.241983347564997, -2.310278377859707 ], [ -79.254711314517621, -2.308409530818486 ], [ -79.260480797430503, -2.311727320049219 ], [ -79.272143857427864, -2.312572735505352 ], [ -79.284758279125199, -2.319180097348773 ], [ -79.293872396453352, -2.316670798597457 ], [ -79.295206374887343, -2.318520302676846 ], [ -79.300815443843277, -2.31990120623486 ], [ -79.302144577662929, -2.326658191873686 ], [ -79.30502975614975, -2.328580186173865 ], [ -79.307986034494689, -2.328239802923735 ], [ -79.312434541188978, -2.336506974733494 ], [ -79.317167539842188, -2.335715968084923 ], [ -79.319790969018143, -2.341422428801186 ], [ -79.326779248379268, -2.339868527889098 ], [ -79.327243798653711, -2.342456132833155 ], [ -79.332300056061911, -2.345883600374162 ], [ -79.338012493259271, -2.345237138956325 ], [ -79.347721391425253, -2.353865083346122 ], [ -79.348614463243067, -2.35774536448603 ], [ -79.352698801006028, -2.357912661511587 ], [ -79.352831545953862, -2.359531565619831 ], [ -79.358561681758971, -2.36314702641274 ], [ -79.364136433274425, -2.362289364702031 ], [ -79.366426260493213, -2.359892926957099 ], [ -79.370456968833707, -2.360471742882111 ], [ -79.374663662528249, -2.35799723449812 ], [ -79.376750101285239, -2.359819583377362 ], [ -79.380344302957823, -2.359872653917839 ], [ -79.383699376695048, -2.356700902003868 ], [ -79.393622232002102, -2.358286133971827 ], [ -79.398810664826286, -2.353907500108743 ], [ -79.399449846693642, -2.348689659576283 ], [ -79.401627347670996, -2.348194644026612 ], [ -79.401406763658017, -2.342743879460243 ], [ -79.409461494178359, -2.34062725214047 ], [ -79.415007430434457, -2.33579794395228 ], [ -79.419964977365964, -2.359191658419044 ], [ -79.430552356912898, -2.358856911173671 ], [ -79.43368371780501, -2.37348160560392 ], [ -79.430543892087968, -2.379962657803075 ], [ -79.428587540163903, -2.378996913857022 ], [ -79.42642645679669, -2.380490278626975 ], [ -79.424239107588875, -2.378122587440607 ], [ -79.422706735326088, -2.379173249245857 ], [ -79.42156808656749, -2.377695659143527 ], [ -79.418608197893434, -2.378115127972299 ], [ -79.467181247064516, -2.447333246801024 ], [ -79.476076313803887, -2.463482715238355 ], [ -79.479733649972943, -2.467277735355238 ], [ -79.486782700363037, -2.468905358396444 ], [ -79.488634461438579, -2.472503697578393 ], [ -79.491025535078094, -2.473988810872423 ], [ -79.492709622012597, -2.473130554194252 ], [ -79.495069604061811, -2.476673131596025 ], [ -79.497168114379591, -2.475357533196284 ], [ -79.502083453967472, -2.477802367037897 ], [ -79.503429907305801, -2.480283284681331 ], [ -79.511927837841228, -2.484554778811626 ], [ -79.514436288949028, -2.490316576443687 ], [ -79.518389592156439, -2.490170442798294 ], [ -79.525626057165923, -2.496859153989702 ], [ -79.531874443634862, -2.499748370471314 ], [ -79.515806042789194, -2.519526714907141 ], [ -79.520425843835142, -2.522306088775516 ], [ -79.516872632288965, -2.526820784623349 ], [ -79.512333764958555, -2.524988864906118 ], [ -79.509370000952373, -2.52632270161085 ], [ -79.502109533856796, -2.525373840123433 ], [ -79.498797813713509, -2.532948297564255 ], [ -79.495165381539081, -2.528516963861085 ], [ -79.489489047632972, -2.529634483429493 ], [ -79.48840479455977, -2.525134782865851 ], [ -79.481255157112386, -2.521864081798999 ], [ -79.481293456784528, -2.515790318693174 ], [ -79.478996339737193, -2.513443052790737 ], [ -79.47361501975692, -2.512870285931229 ], [ -79.474182780169315, -2.508968585639546 ], [ -79.471073043522722, -2.506735252945094 ], [ -79.467231382040524, -2.507261942650882 ], [ -79.462648530498839, -2.500994264874904 ], [ -79.458507488380206, -2.500814620373077 ], [ -79.454572035595803, -2.498188559035265 ], [ -79.447050333924054, -2.504407924845572 ], [ -79.437491121135551, -2.499594434454519 ], [ -79.432241001000833, -2.500701201202431 ], [ -79.426676369007041, -2.498849316712006 ], [ -79.429266325158892, -2.510403700181332 ], [ -79.427599125653416, -2.526304280712317 ], [ -79.420911171058108, -2.530346864744598 ], [ -79.42617062558692, -2.549640369487397 ], [ -79.415816465755739, -2.556800084189719 ], [ -79.425339331809525, -2.564018562122031 ], [ -79.42903028383482, -2.562753929229086 ], [ -79.426207284935359, -2.566633778483823 ], [ -79.428022374984366, -2.567545574227097 ], [ -79.427582352310424, -2.577912784556434 ], [ -79.430828976934961, -2.581925761461683 ], [ -79.427875690878253, -2.585597254883137 ], [ -79.426708252013114, -2.590673978942464 ], [ -79.422526774926908, -2.595558276969839 ], [ -79.420952968769953, -2.601100488356562 ], [ -79.411762226046378, -2.608741473267614 ], [ -79.421036797755633, -2.609756404634163 ], [ -79.425817989227198, -2.6062402920186 ], [ -79.436321402346209, -2.603506435538021 ], [ -79.445426235585913, -2.598700026826313 ], [ -79.44523867184617, -2.603239978567364 ], [ -79.456043759000522, -2.598749485658018 ], [ -79.463480795355082, -2.59880542006404 ], [ -79.469886386998709, -2.595842488697896 ], [ -79.473290663260642, -2.603076097518997 ], [ -79.470371680271384, -2.605484194656456 ], [ -79.469743496478046, -2.612891212833312 ], [ -79.465187715667454, -2.620863163472568 ], [ -79.471561275184698, -2.621095042622627 ], [ -79.466244229663005, -2.628731114696788 ], [ -79.467829682477614, -2.637192912519169 ], [ -79.467013185749579, -2.641846559356701 ], [ -79.469203264937534, -2.641972541589777 ], [ -79.474946763182473, -2.636535518815135 ], [ -79.480284603804691, -2.636620032588052 ], [ -79.47891021555597, -2.642465828601074 ], [ -79.48377387237062, -2.650194079530437 ], [ -79.480435353685792, -2.653607371699234 ], [ -79.489360271442052, -2.653619434802283 ], [ -79.490702821600479, -2.650752630526358 ], [ -79.496181187479209, -2.648784041392653 ], [ -79.503160797199513, -2.649317225693002 ], [ -79.500635508070019, -2.654745888334158 ], [ -79.501919945314413, -2.66307565002689 ], [ -79.483061728437562, -2.689268863201327 ], [ -79.488303027116174, -2.692981705191962 ], [ -79.488291915854418, -2.701978344891685 ], [ -79.492786376765409, -2.702980427255543 ], [ -79.502580416355684, -2.701863824857713 ], [ -79.505974651249403, -2.704921259743689 ], [ -79.509560167111502, -2.704070307481914 ], [ -79.516018756661964, -2.705532345953097 ], [ -79.525238159236366, -2.702524464201941 ], [ -79.519722307559135, -2.708741092428298 ], [ -79.517640499617428, -2.718905262245573 ], [ -79.521848370105005, -2.723730271715578 ], [ -79.525446971725842, -2.72616274935248 ], [ -79.52799040682406, -2.725966373737662 ], [ -79.527856281165612, -2.72904378335593 ], [ -79.530781938637446, -2.730747669193712 ], [ -79.533691889964857, -2.735433078977577 ], [ -79.538362172736498, -2.735720432123862 ], [ -79.541377832416657, -2.740266060894166 ], [ -79.544426164721997, -2.737505362499287 ], [ -79.550487322522784, -2.740553010896296 ], [ -79.55428939165715, -2.738052396211376 ], [ -79.554485802005814, -2.739945030915964 ], [ -79.558249490619673, -2.739605544523113 ], [ -79.557040658284564, -2.73699990808395 ], [ -79.559042329316398, -2.734618102746001 ], [ -79.558634343260437, -2.732519092824241 ], [ -79.56085612040151, -2.731392329862446 ], [ -79.562828150622224, -2.732293872936538 ], [ -79.561169739335199, -2.733510762767534 ], [ -79.561752070421477, -2.736635593717534 ], [ -79.559808618304899, -2.740198282442451 ], [ -79.563685737189687, -2.744306394249878 ], [ -79.570799328837978, -2.746451463501353 ], [ -79.578421519650703, -2.743853496713103 ], [ -79.580544998641798, -2.746176512494427 ], [ -79.587511075242347, -2.745725258593383 ], [ -79.587751715042359, -2.747756074326852 ], [ -79.591675208555358, -2.744420396104703 ], [ -79.591459261645895, -2.747031138073047 ], [ -79.597541864029154, -2.746891804370937 ], [ -79.59861814635083, -2.744546431436102 ], [ -79.602031781261402, -2.750539691611152 ], [ -79.605698279348061, -2.749165729361997 ], [ -79.605834994849445, -2.750715639305167 ], [ -79.607881542119628, -2.749876008133636 ], [ -79.610728005912634, -2.753346856849947 ], [ -79.611810325811362, -2.751063786676855 ], [ -79.620167714920584, -2.752373652308343 ], [ -79.621491240557916, -2.76019606891965 ], [ -79.6254078197382, -2.760631948852279 ], [ -79.624428197937704, -2.764418883391572 ], [ -79.621219731051511, -2.767657295614515 ], [ -79.62192389075831, -2.7741372581496 ], [ -79.616270297703636, -2.776558622704863 ], [ -79.60956902199095, -2.791779358853443 ], [ -79.622552468912076, -2.796963451760182 ], [ -79.621568894524344, -2.798507257018426 ], [ -79.623967457418374, -2.800181129035707 ], [ -79.62537060163767, -2.804149843817386 ], [ -79.62899581315385, -2.805273630541111 ], [ -79.631500084400642, -2.811594203929194 ], [ -79.635303055443558, -2.812420181034021 ], [ -79.637060983894401, -2.815472847303101 ], [ -79.642618361992277, -2.81621051266122 ], [ -79.647147631722206, -2.819526988098677 ], [ -79.65105418750052, -2.817621791470958 ], [ -79.658738756428264, -2.818597017381184 ], [ -79.659265749496427, -2.819720505765842 ], [ -79.653329319179591, -2.821198646127384 ], [ -79.644606091170914, -2.836754935234506 ], [ -79.641892841246317, -2.83811718505244 ], [ -79.633160892392851, -2.849083792409132 ], [ -79.622706928835285, -2.854434113332528 ], [ -79.617438941209571, -2.854584925586623 ], [ -79.615199827481845, -2.858475440114214 ], [ -79.614542299321414, -2.869677269312154 ], [ -79.608829264744386, -2.877528531556346 ], [ -79.608581141079753, -2.880205771588736 ], [ -79.599934945403305, -2.883580514666706 ], [ -79.595621999875291, -2.887529528527423 ], [ -79.594484251228593, -2.902062250351985 ], [ -79.599482224144523, -2.903612651415073 ], [ -79.607523249068564, -2.900752294388365 ], [ -79.607508589461432, -2.912709941451702 ], [ -79.624153728482426, -2.919421230261061 ], [ -79.654137405879936, -2.937562262688508 ], [ -79.659953150233292, -2.94285995714873 ], [ -79.658458197293669, -2.944621706765876 ], [ -79.655639581274443, -2.943885288153489 ], [ -79.651492778259907, -2.946224271718142 ], [ -79.648846089904609, -2.951666246148497 ], [ -79.649667843573681, -2.956762094289123 ], [ -79.645118536023048, -2.989786226475722 ], [ -79.652708035345938, -2.987852446707937 ], [ -79.659153318152093, -2.97540267174153 ], [ -79.664261234977346, -2.972542234902782 ], [ -79.670764229150592, -2.972607222200207 ], [ -79.67615702241369, -2.974940574129744 ], [ -79.685713819632383, -2.974181198105893 ], [ -79.702782683193107, -2.976469624252443 ], [ -79.706812389013734, -2.973929094451533 ], [ -79.710964480410382, -2.973983269752658 ], [ -79.720141951423926, -2.97667210764954 ], [ -79.720674638014387, -2.97873481699607 ], [ -79.725902436810912, -2.979162654515798 ], [ -79.727847200467821, -2.986094097760694 ], [ -79.721958116756355, -2.990583062356154 ], [ -79.715445519592691, -2.992203853222174 ], [ -79.716797532604318, -2.994909541404746 ], [ -79.715710603449878, -3.002747407418328 ], [ -79.717106358127637, -3.005867983151074 ], [ -79.712564398796019, -3.015320893432321 ], [ -79.724742550980679, -3.014961854830105 ], [ -79.734353132132071, -3.009822930627778 ], [ -79.739693272441414, -3.029280410723445 ], [ -79.745722975732505, -3.029584279001561 ], [ -79.745655547288962, -3.045321529918231 ], [ -79.749476817014227, -3.049827774506022 ], [ -79.749556548783914, -3.053860317666714 ], [ -79.760196213873627, -3.06344241581523 ], [ -79.767965405897755, -3.060607547423365 ], [ -79.775882404922072, -3.063992688923858 ], [ -79.80136159890499, -3.054541237772078 ], [ -79.808353930566341, -3.05014604978232 ], [ -79.815900526351271, -3.055164407005987 ], [ -79.823272644155196, -3.052649500131887 ], [ -79.826393890017201, -3.054575562969377 ], [ -79.827746186896462, -3.053699756539809 ], [ -79.827266756927628, -3.05172191311136 ], [ -79.828408561467839, -3.053133728814574 ], [ -79.832499155996729, -3.052059373741809 ], [ -79.834446480750515, -3.054082565479592 ], [ -79.837120052089006, -3.052506240048378 ], [ -79.837165086430829, -3.055139806622059 ], [ -79.840434216548175, -3.054132819419534 ], [ -79.841233094618559, -3.051767017247438 ], [ -79.842844259911558, -3.054826620828953 ], [ -79.849927773269187, -3.04748925365717 ], [ -79.851361911162414, -3.049266892873812 ], [ -79.855165812859966, -3.048693512436631 ], [ -79.856194347927669, -3.051336894813777 ], [ -79.863236822649867, -3.049848265657895 ], [ -79.862797468322498, -3.053837480832776 ], [ -79.869486590727703, -3.060215067194389 ], [ -79.870305191310152, -3.057480267256222 ], [ -79.865530756966137, -3.045044851973387 ], [ -79.845641181616656, -3.012721655952275 ], [ -79.846780615502809, -3.00403572842911 ], [ -79.845106905906476, -2.999809692529151 ], [ -79.848734694689213, -2.990772355008068 ], [ -79.848790186319263, -2.984221549133684 ], [ -79.850963723031242, -2.981572332121717 ], [ -79.849387787867073, -2.977002512518086 ], [ -79.852918201069642, -2.981765864222725 ], [ -79.855416821913295, -2.981956794702774 ], [ -79.853172196122969, -2.963612468767808 ], [ -79.852746757597671, -2.928841467628715 ], [ -79.854173443965593, -2.915060244029966 ], [ -79.851978293787866, -2.910368526584525 ], [ -79.855141070562098, -2.888865094349062 ], [ -79.852340294186135, -2.886334579973919 ], [ -79.842694929368619, -2.882701280033344 ], [ -79.836320078972307, -2.886967226815377 ], [ -79.837133333680498, -2.890240048963061 ], [ -79.836617171599713, -2.89099777107453 ], [ -79.836329012717798, -2.890743307050843 ], [ -79.836117785556851, -2.886494228785809 ], [ -79.844934483270848, -2.879251928346188 ], [ -79.83516503416314, -2.868187443290198 ], [ -79.830069390121309, -2.855976835482582 ], [ -79.827050896256424, -2.854393567036714 ], [ -79.828630149797291, -2.851783858294159 ], [ -79.824911173928385, -2.844768560738094 ], [ -79.819703977992887, -2.843872284331988 ], [ -79.823011469766115, -2.840476618885875 ], [ -79.822800434844623, -2.838870084145898 ], [ -79.816419628617979, -2.836884390716322 ], [ -79.813381811991363, -2.829514059726551 ], [ -79.814723356036652, -2.828336863297262 ], [ -79.812401465250431, -2.820477124148801 ], [ -79.812880279873283, -2.810442111041728 ], [ -79.815461348093692, -2.798632864885662 ], [ -79.806113431636447, -2.790614047026821 ], [ -79.800277698869692, -2.789312839109747 ], [ -79.794692332860834, -2.79234116765784 ], [ -79.793172808303254, -2.790263139679136 ], [ -79.795071223383061, -2.792067131729444 ], [ -79.798490567087271, -2.789972923148329 ], [ -79.796536820277524, -2.788618055293226 ], [ -79.794190148565875, -2.7899322355299 ], [ -79.795548744431898, -2.788123906477015 ], [ -79.798816284531185, -2.789354033696436 ], [ -79.802077643323031, -2.787099729779789 ], [ -79.803520490382908, -2.77798407120263 ], [ -79.800862963853703, -2.772517080846174 ], [ -79.797795524382266, -2.772164005707496 ], [ -79.796249162655556, -2.769675047397336 ], [ -79.798773508554007, -2.768737387989972 ], [ -79.798913801146867, -2.76671090149954 ], [ -79.797463208812587, -2.758966251432475 ], [ -79.793636249158311, -2.755143104268266 ], [ -79.795235251262369, -2.751418362956011 ], [ -79.794047062212471, -2.740684249109697 ], [ -79.788319147941081, -2.739762276600321 ], [ -79.790676671301341, -2.736650743575319 ], [ -79.790350954755752, -2.728207081917144 ], [ -79.789039204235152, -2.727528557323204 ], [ -79.790151926716362, -2.727008960880451 ], [ -79.790701986724372, -2.717766601737267 ], [ -79.781492733316057, -2.716093031867399 ], [ -79.77640618830975, -2.718213890189472 ], [ -79.777478285380525, -2.711921492479518 ], [ -79.773082826000376, -2.711176337064484 ], [ -79.774413898384424, -2.710410045045679 ], [ -79.77223403573619, -2.70524379397939 ], [ -79.77402542732969, -2.699823434520538 ], [ -79.772536993464087, -2.697240767023943 ], [ -79.767050241812157, -2.69842659736269 ], [ -79.760942867486648, -2.698456998536926 ], [ -79.761438353044539, -2.70425475326496 ], [ -79.761021812332132, -2.703104536797565 ], [ -79.757830134060271, -2.705298087766378 ], [ -79.75553000047023, -2.704825929954989 ], [ -79.752504850987407, -2.700624539282258 ], [ -79.749740124003793, -2.700900991132217 ], [ -79.752719637273529, -2.700184998056423 ], [ -79.757260720747752, -2.704828977234941 ], [ -79.760752084184915, -2.702644235267313 ], [ -79.760076145052764, -2.698917493680272 ], [ -79.761081533230538, -2.697685609782297 ], [ -79.772372191236997, -2.696276137686368 ], [ -79.774726718715797, -2.698845750344864 ], [ -79.775533335772366, -2.707751149179623 ], [ -79.77806502539822, -2.708579067558206 ], [ -79.779861646084996, -2.706830410388405 ], [ -79.782436647982308, -2.699031982585824 ], [ -79.780767656337858, -2.690759301852522 ], [ -79.78223878056626, -2.687867285920655 ], [ -79.782104125800117, -2.681783131806229 ], [ -79.780030375746492, -2.67340432096879 ], [ -79.777954803011198, -2.674352784896272 ], [ -79.780019476487169, -2.672601658515468 ], [ -79.778475073087776, -2.667480299286372 ], [ -79.777108867592972, -2.667086023337828 ], [ -79.777330693077658, -2.668244634253216 ], [ -79.775989852413232, -2.669488787544747 ], [ -79.774350733345216, -2.669575607922124 ], [ -79.776831210915063, -2.668182449392943 ], [ -79.776438612999925, -2.666903006792598 ], [ -79.778052452577512, -2.666636253807352 ], [ -79.777478271905792, -2.66333580291439 ], [ -79.773659430326745, -2.659840548796328 ], [ -79.763430976244834, -2.657272484796108 ], [ -79.766588205023879, -2.656636448797652 ], [ -79.766736286010271, -2.653330310645245 ], [ -79.7616994025678, -2.652132142059369 ], [ -79.761107615814808, -2.653643134765809 ], [ -79.760394184595953, -2.651940707019491 ], [ -79.755009412390038, -2.652472908255902 ], [ -79.755499464038778, -2.651429351078249 ], [ -79.750457415283435, -2.650757101144381 ], [ -79.747883428482396, -2.65234114275332 ], [ -79.748329330629858, -2.650035694658565 ], [ -79.742845783268564, -2.65043885627394 ], [ -79.742940257290357, -2.648348866967207 ], [ -79.735803979587871, -2.64600339826828 ], [ -79.733151767491904, -2.643047093458049 ], [ -79.729557135526306, -2.642617758832521 ], [ -79.729612443900038, -2.641294106402715 ], [ -79.73288238160282, -2.642175802686058 ], [ -79.729875649379963, -2.636903571857146 ], [ -79.727967370798325, -2.627352559808049 ], [ -79.722563056641718, -2.617599815040044 ], [ -79.720271305231591, -2.616232790869669 ], [ -79.716932305049752, -2.605748827663101 ], [ -79.717952729228756, -2.596023933571149 ], [ -79.721498470385029, -2.586490710341312 ], [ -79.720380707456783, -2.585908904176101 ], [ -79.722558277604406, -2.584139592552413 ], [ -79.724619559041869, -2.576673739736542 ], [ -79.722529742619415, -2.571705770788608 ], [ -79.71147835538045, -2.57091495890974 ], [ -79.701479514278432, -2.575203472949565 ], [ -79.696153624842765, -2.573803319038183 ], [ -79.694332235806968, -2.57509891144245 ], [ -79.695567880158379, -2.573367577503103 ], [ -79.687215410223658, -2.568000096120402 ], [ -79.68690823310888, -2.56928918728206 ], [ -79.686215150527829, -2.569171524865015 ], [ -79.686680645829966, -2.567494400120384 ], [ -79.684157050923105, -2.56467121667587 ], [ -79.682728690993784, -2.565339226565203 ], [ -79.681520419207416, -2.565280905356658 ], [ -79.684014170283888, -2.564384806491014 ], [ -79.679207101942254, -2.557887588369503 ], [ -79.674594285297673, -2.560295195898688 ], [ -79.672059069784282, -2.557708334048484 ], [ -79.67033075160181, -2.558335680088819 ], [ -79.669118734739016, -2.558521460358911 ], [ -79.668723649388852, -2.558273949262842 ], [ -79.671779507779661, -2.557499655079047 ], [ -79.674869171571231, -2.559189684349918 ], [ -79.678824101627612, -2.557340805356696 ], [ -79.677713075165684, -2.555240125032955 ], [ -79.678931311065199, -2.555568257507215 ], [ -79.679009070134512, -2.551369090802008 ], [ -79.676691087019776, -2.545466972844733 ], [ -79.682082493284057, -2.538673557208733 ], [ -79.680545115608496, -2.535846072785843 ], [ -79.682355519146668, -2.535117748850595 ], [ -79.682668767076137, -2.539368336679994 ], [ -79.679001665321621, -2.544861732286829 ], [ -79.680623914926912, -2.554774888772362 ], [ -79.687572132121275, -2.56468622505241 ], [ -79.699946364074592, -2.572587528394474 ], [ -79.702809755720807, -2.572590814709624 ], [ -79.708203975508582, -2.569373938891651 ], [ -79.719063159209355, -2.567708648602742 ], [ -79.720112933145302, -2.56411241118592 ], [ -79.718457681233133, -2.561148128234441 ], [ -79.698104698266221, -2.559510698383026 ], [ -79.695873513967499, -2.556706463432595 ], [ -79.694583241267026, -2.546901595619763 ], [ -79.701175307892299, -2.539085229694657 ], [ -79.70320640773285, -2.532390283305003 ], [ -79.694362857578383, -2.528014316216952 ], [ -79.692859955446792, -2.524131444781654 ], [ -79.694893714300576, -2.521880007862673 ], [ -79.701366787388352, -2.520149469302842 ], [ -79.702072997050664, -2.512785051373235 ], [ -79.689850237223936, -2.508563038614019 ], [ -79.687094119693981, -2.508906765406941 ], [ -79.683455299599558, -2.515779210063793 ], [ -79.676537690701849, -2.517929962976324 ], [ -79.671200985550158, -2.52384747202398 ], [ -79.666859567020879, -2.525001532315583 ], [ -79.664034743643057, -2.528147766587354 ], [ -79.658955495651796, -2.531617615886426 ], [ -79.655930091047452, -2.532587844392123 ], [ -79.666999212826738, -2.524572871238921 ], [ -79.661595305606951, -2.520687442569581 ], [ -79.65863825650753, -2.521496860604766 ], [ -79.657571512497512, -2.518962101336285 ], [ -79.655730149421402, -2.519656445334559 ], [ -79.655109568968626, -2.520870215528094 ], [ -79.654493941826317, -2.521111518081641 ], [ -79.655801589741003, -2.519092410673382 ], [ -79.654459925321433, -2.518240830842821 ], [ -79.657027211588769, -2.518663158026604 ], [ -79.656415682560805, -2.517098086766543 ], [ -79.65651410467828, -2.514682021993427 ], [ -79.658316019137018, -2.520465444903465 ], [ -79.661796238074771, -2.52038981082505 ], [ -79.667827065158292, -2.524251916721487 ], [ -79.670545718449318, -2.523005287061644 ], [ -79.673781621680931, -2.518126674584423 ], [ -79.668127963947541, -2.519386045485679 ], [ -79.673044909723174, -2.517340847475194 ], [ -79.669088085119853, -2.512952150553622 ], [ -79.668742687384679, -2.507241391821488 ], [ -79.663995883422174, -2.509247692053151 ], [ -79.665211361493775, -2.507813922424975 ], [ -79.668870237375231, -2.507031144047568 ], [ -79.670157911249575, -2.512111914096486 ], [ -79.67396926806569, -2.51744924218428 ], [ -79.681945904445115, -2.514818403905935 ], [ -79.685056569051383, -2.508042844312253 ], [ -79.677523392300188, -2.504420078211854 ], [ -79.675464819283306, -2.507497416954817 ], [ -79.677015378837325, -2.503981259230698 ], [ -79.664534887864022, -2.500826275682546 ], [ -79.660252974637473, -2.503160372490674 ], [ -79.655746272384121, -2.503249533157366 ], [ -79.65994937730909, -2.502985681357658 ], [ -79.662331039299389, -2.500382828194583 ], [ -79.658992387663886, -2.501552489118918 ], [ -79.654657471140624, -2.496759389369383 ], [ -79.650577692327744, -2.499748212518274 ], [ -79.65127439152613, -2.501564082497136 ], [ -79.64857188365572, -2.503787240558343 ], [ -79.648787786547715, -2.506083148925049 ], [ -79.648738997248017, -2.506393598704789 ], [ -79.648504674401096, -2.506719139128329 ], [ -79.648448042808965, -2.503358584179534 ], [ -79.643693405537178, -2.497951360830126 ], [ -79.648496860854749, -2.502932454005589 ], [ -79.650890022178984, -2.501583402101549 ], [ -79.650143318260319, -2.500656198079625 ], [ -79.650550009843954, -2.499291433783788 ], [ -79.654195154976279, -2.496497166057055 ], [ -79.655390736262675, -2.496755078856998 ], [ -79.65965320814982, -2.501072447963671 ], [ -79.661904357505733, -2.499648332345047 ], [ -79.664766166320433, -2.500127004497084 ], [ -79.665479612810657, -2.491951411897533 ], [ -79.663871810810079, -2.489898912335681 ], [ -79.662477065838715, -2.486041872758715 ], [ -79.665675479678583, -2.482447993107054 ], [ -79.66013066631659, -2.482424182270587 ], [ -79.665395209801503, -2.480353611617473 ], [ -79.666484469185789, -2.482881597778066 ], [ -79.663686311398862, -2.486929834471011 ], [ -79.665858040700513, -2.491757157209511 ], [ -79.666119224072744, -2.496814169581889 ], [ -79.669183175385925, -2.494532528136681 ], [ -79.670296795284074, -2.490353596952652 ], [ -79.670037617849886, -2.492245468323262 ], [ -79.671670136995488, -2.491452010685884 ], [ -79.668801007809563, -2.495586108295694 ], [ -79.666130264367581, -2.497461051392346 ], [ -79.665496263084449, -2.499614559110042 ], [ -79.666734959911182, -2.500647179505671 ], [ -79.67497733142639, -2.501750050393066 ], [ -79.675252996539299, -2.500636573325179 ], [ -79.67662060879583, -2.499295554026184 ], [ -79.675681658219844, -2.502096812385236 ], [ -79.685034120152437, -2.506656181713017 ], [ -79.686286237809512, -2.500555544365071 ], [ -79.683837852553197, -2.498119793736466 ], [ -79.683578478387943, -2.497237586022123 ], [ -79.686756361232014, -2.501028962457768 ], [ -79.685846856532706, -2.506874888963501 ], [ -79.704553377602466, -2.51156377005374 ], [ -79.709056098522481, -2.51051516116635 ], [ -79.723321981241511, -2.501452308434179 ], [ -79.699805815461858, -2.48769235280382 ], [ -79.690954509253245, -2.48688120958873 ], [ -79.690491292977001, -2.490438751299055 ], [ -79.690518203807969, -2.486492215850871 ], [ -79.687956204126067, -2.484095532144943 ], [ -79.684404746091346, -2.486978232291773 ], [ -79.685708600420583, -2.484610011856976 ], [ -79.677036562908356, -2.484102597935144 ], [ -79.686982070133652, -2.483410783035098 ], [ -79.685321024986195, -2.480773687564201 ], [ -79.678392593185947, -2.476728408946838 ], [ -79.678627240324687, -2.475244506725921 ], [ -79.676446581769113, -2.475196015138029 ], [ -79.678787544687125, -2.475006249860022 ], [ -79.678505870743265, -2.473757625011197 ], [ -79.687564693172419, -2.48287754658966 ], [ -79.685442117886495, -2.473415961321694 ], [ -79.686184768606608, -2.472368602751892 ], [ -79.687967537271689, -2.480075452188784 ], [ -79.690569733867591, -2.478532209986888 ], [ -79.688021255627362, -2.481137804133585 ], [ -79.690443455891483, -2.484686095837612 ], [ -79.692802315944888, -2.479482671469635 ], [ -79.690816379803564, -2.484780350005041 ], [ -79.691761576365749, -2.485723657748627 ], [ -79.699408738546737, -2.485993811454778 ], [ -79.698310520264116, -2.482983456353574 ], [ -79.698495196818541, -2.478965972999791 ], [ -79.698543351907674, -2.48297310311787 ], [ -79.700722348579959, -2.486599390756727 ], [ -79.724546905996618, -2.499965724606992 ], [ -79.728812577682845, -2.500477564071439 ], [ -79.732088397554108, -2.491224254405906 ], [ -79.729752472388213, -2.490680299982399 ], [ -79.721567213063835, -2.493697568628879 ], [ -79.715252206635128, -2.491220631334518 ], [ -79.713493843399661, -2.487498791231336 ], [ -79.713743794237587, -2.483457648103438 ], [ -79.717654617911847, -2.477343293931413 ], [ -79.717713692921549, -2.473978235889331 ], [ -79.709020960021832, -2.468204548177476 ], [ -79.704256058599626, -2.462765448560421 ], [ -79.700438427051253, -2.46434228488482 ], [ -79.699520865362175, -2.46420489974559 ], [ -79.704066620974189, -2.462355174639977 ], [ -79.699411087641195, -2.449477617741736 ], [ -79.693592250388306, -2.449076589321324 ], [ -79.692710262882798, -2.452978788530467 ], [ -79.690717751073592, -2.453298461730911 ], [ -79.68761010480668, -2.45220913853766 ], [ -79.68352430997632, -2.456139542105372 ], [ -79.681893152676679, -2.455413088356143 ], [ -79.681783597737876, -2.454336574085656 ], [ -79.684987220908084, -2.451058873757477 ], [ -79.681976770558265, -2.451840163997492 ], [ -79.680302197680945, -2.448341478985284 ], [ -79.679507967493848, -2.451118942991394 ], [ -79.677641936680018, -2.451676956697584 ], [ -79.677366125141702, -2.447745605728337 ], [ -79.676462039978517, -2.449108554494253 ], [ -79.674947852312016, -2.449518311936249 ], [ -79.673721289928125, -2.448783391214026 ], [ -79.672990271492637, -2.447343933284992 ], [ -79.671874837895928, -2.449920545559115 ], [ -79.67106590767753, -2.45025855259946 ], [ -79.667806069733459, -2.44743419444652 ], [ -79.667518400433408, -2.445064669559637 ], [ -79.665982565165194, -2.444547867096851 ], [ -79.662728975902255, -2.446161611129899 ], [ -79.661758840311165, -2.445021653403947 ], [ -79.661493968456384, -2.446250457018817 ], [ -79.660331760481156, -2.447466422624916 ], [ -79.657925034596119, -2.447479925449696 ], [ -79.655303177471907, -2.45141212802234 ], [ -79.651658734822121, -2.452511703920938 ], [ -79.651876959859152, -2.453159967949404 ], [ -79.651748833150165, -2.453684240502891 ], [ -79.650209880727928, -2.45494222795569 ], [ -79.651687665964161, -2.452176542501391 ], [ -79.650687682051142, -2.451940732561292 ], [ -79.64790596433221, -2.449453197813914 ], [ -79.646852813629096, -2.449604439989597 ], [ -79.647920863789523, -2.449301626240668 ], [ -79.651575928119229, -2.451958727292601 ], [ -79.654881306156597, -2.451271240431002 ], [ -79.655374487535795, -2.448250941456266 ], [ -79.656542201285404, -2.449277682879291 ], [ -79.657737886776346, -2.447315397401927 ], [ -79.656886627043434, -2.446455850009122 ], [ -79.657402489985245, -2.445214908828404 ], [ -79.657945449709274, -2.446933925674144 ], [ -79.660022084253271, -2.447263514955738 ], [ -79.661232432046262, -2.444564011286988 ], [ -79.662728104536441, -2.445678175337275 ], [ -79.666336861611555, -2.444366967430155 ], [ -79.667660117754323, -2.444610589625933 ], [ -79.669969119512842, -2.448689935061118 ], [ -79.672904777928721, -2.447044381423631 ], [ -79.675407486106934, -2.449212335396671 ], [ -79.677269478095226, -2.447447671244246 ], [ -79.678187926421501, -2.44941488826037 ], [ -79.67762377364329, -2.451034046396495 ], [ -79.67832912900775, -2.451412811014688 ], [ -79.680174041327561, -2.447803647668243 ], [ -79.682256306511761, -2.451603469967454 ], [ -79.685084489588746, -2.45072015610419 ], [ -79.685192357491417, -2.451685510703487 ], [ -79.684106367076453, -2.453865381234085 ], [ -79.682202026709007, -2.454235596445983 ], [ -79.683323494289496, -2.455784521033574 ], [ -79.687530254459375, -2.451744614206842 ], [ -79.692288383482648, -2.452555807596957 ], [ -79.6926062334813, -2.44888034938548 ], [ -79.690399194100792, -2.44648459682212 ], [ -79.689664689303683, -2.442493083824472 ], [ -79.685346662006083, -2.443188816918183 ], [ -79.68584071564942, -2.442252001167573 ], [ -79.683185997253787, -2.441214591170485 ], [ -79.680750346514941, -2.442662053288808 ], [ -79.681892372939018, -2.441284319739997 ], [ -79.679256317941736, -2.439836564449976 ], [ -79.689884662462248, -2.441823990851562 ], [ -79.688978760905556, -2.436809268841976 ], [ -79.684930771673947, -2.431027200440661 ], [ -79.67207442109418, -2.431713624241751 ], [ -79.666739344588095, -2.430291323639338 ], [ -79.666552402482523, -2.434317710374393 ], [ -79.664951928938038, -2.436995584160337 ], [ -79.665428331584351, -2.435451601074989 ], [ -79.663865607044741, -2.435221942382308 ], [ -79.66630574666506, -2.434315113893516 ], [ -79.666253977653554, -2.429979798821016 ], [ -79.661626184296537, -2.427621706192007 ], [ -79.659181718389803, -2.431841106935187 ], [ -79.654945752193399, -2.436011488997484 ], [ -79.661638012413874, -2.42729918896186 ], [ -79.669097841722134, -2.43037777512932 ], [ -79.667588267802941, -2.427388661659404 ], [ -79.66793579544364, -2.426676650351471 ], [ -79.671752908664104, -2.430831998978654 ], [ -79.6829163050392, -2.429915628828068 ], [ -79.680892940591548, -2.42611280412684 ], [ -79.676287369758043, -2.423235705984607 ], [ -79.675355565280114, -2.422058624794131 ], [ -79.678381421737072, -2.423673260954283 ], [ -79.677632686727534, -2.421393815389451 ], [ -79.678841244178187, -2.424273008647851 ], [ -79.682383974181604, -2.425997045067867 ], [ -79.682383674144319, -2.428631757136457 ], [ -79.685744472844817, -2.430390164319164 ], [ -79.688241476720961, -2.424401939728869 ], [ -79.692393819645858, -2.420592632941567 ], [ -79.688439572309107, -2.424593789915731 ], [ -79.688443824035332, -2.427839300965866 ], [ -79.692032228879398, -2.426512767763367 ], [ -79.693746750735713, -2.427311180583357 ], [ -79.691859234016917, -2.426869503631421 ], [ -79.686437049674367, -2.430403685265535 ], [ -79.689536187997234, -2.433838357560865 ], [ -79.691319972656913, -2.439279673080545 ], [ -79.693502569776882, -2.439883729020881 ], [ -79.691298334038351, -2.440084448801012 ], [ -79.691982408313734, -2.446762643002173 ], [ -79.696873303844427, -2.446970839692089 ], [ -79.697362430228424, -2.443956981346901 ], [ -79.698009420252234, -2.44285406242695 ], [ -79.702232622286758, -2.440154240254226 ], [ -79.69802732457417, -2.443406533032279 ], [ -79.697667565472557, -2.446830245114909 ], [ -79.701836108615311, -2.450028814766702 ], [ -79.704557587107885, -2.457627691915235 ], [ -79.708711675459398, -2.457012346376933 ], [ -79.71141316194533, -2.449464297128443 ], [ -79.714906804408386, -2.444987150010653 ], [ -79.714757193591069, -2.440982697788479 ], [ -79.715227781442536, -2.44495091803625 ], [ -79.711670848176155, -2.449601031305816 ], [ -79.709618736741106, -2.456752194679544 ], [ -79.708720469966011, -2.457311646504511 ], [ -79.704588147793856, -2.457921767622438 ], [ -79.706472159286406, -2.462806232996191 ], [ -79.720053051448488, -2.473335701623544 ], [ -79.72752421120741, -2.470333430064642 ], [ -79.727369520417184, -2.466752342702415 ], [ -79.72501787653043, -2.466046666091403 ], [ -79.727404147776426, -2.466273813722925 ], [ -79.727623021397093, -2.464575404668075 ], [ -79.729369590651174, -2.463621672845838 ], [ -79.727845127156158, -2.466393356684371 ], [ -79.728232970288474, -2.470386299739743 ], [ -79.732448825002294, -2.471187648097384 ], [ -79.733566884374582, -2.472149825156116 ], [ -79.727920520961305, -2.470901102485982 ], [ -79.720413153706531, -2.474145921563935 ], [ -79.717062504172105, -2.488202980076937 ], [ -79.729021287764382, -2.486985320503245 ], [ -79.73447211578808, -2.488804707329678 ], [ -79.736054439770555, -2.493691627413259 ], [ -79.73384708597969, -2.503787437999037 ], [ -79.734200955726308, -2.509884278421918 ], [ -79.737012422952489, -2.512070708485481 ], [ -79.744164037591815, -2.512489805046091 ], [ -79.751977289285662, -2.518319712909338 ], [ -79.744768380097526, -2.509369812196366 ], [ -79.742585635653853, -2.503842191891857 ], [ -79.743411034686375, -2.496533910871103 ], [ -79.750684371945013, -2.483933717192949 ], [ -79.746855029060285, -2.470021919049456 ], [ -79.744789794137276, -2.470826766902013 ], [ -79.746653769605729, -2.469348789532434 ], [ -79.746994988378177, -2.465853078021303 ], [ -79.744691071982473, -2.463220282498185 ], [ -79.745139039356786, -2.455857892655162 ], [ -79.741096437321943, -2.450873782777126 ], [ -79.736131988634099, -2.450161599015245 ], [ -79.733790475048806, -2.44796572998083 ], [ -79.731510231057484, -2.449578070706211 ], [ -79.730144769367712, -2.45007993692832 ], [ -79.736545508312204, -2.44386821338849 ], [ -79.733975848695891, -2.437639212905218 ], [ -79.731750071356871, -2.437961458412038 ], [ -79.734385397820432, -2.437319592516408 ], [ -79.73705888561561, -2.43209788794074 ], [ -79.738450164886615, -2.431467319756646 ], [ -79.734810736632753, -2.438967876602158 ], [ -79.737137146843168, -2.443658477904898 ], [ -79.73958436159468, -2.439927693999547 ], [ -79.73998426999961, -2.440597030241659 ], [ -79.734510843956613, -2.447422997288143 ], [ -79.736594416189533, -2.449556574817142 ], [ -79.741529617528357, -2.450290617366024 ], [ -79.745718063744533, -2.455200332829384 ], [ -79.746490847552536, -2.453706389699607 ], [ -79.744512366529747, -2.451385960710567 ], [ -79.744372355109576, -2.450608057346766 ], [ -79.745151551092064, -2.448887366898043 ], [ -79.746758366742469, -2.448010164084966 ], [ -79.744653261892168, -2.45102049783533 ], [ -79.746835684738969, -2.453839493090195 ], [ -79.745587790062032, -2.462108789625026 ], [ -79.747783410058659, -2.464188836566234 ], [ -79.750948406569961, -2.461788498371298 ], [ -79.760267027169178, -2.4599107270178 ], [ -79.770458478746207, -2.451649285192646 ], [ -79.777537553528035, -2.439164643922837 ], [ -79.777903927823388, -2.435956712563477 ], [ -79.768933811333596, -2.429514639449801 ], [ -79.768231666547976, -2.426333693902516 ], [ -79.770151890027932, -2.422307987023819 ], [ -79.768183675850551, -2.419426723510612 ], [ -79.765215276537504, -2.418984609589519 ], [ -79.763081757076463, -2.417238247512032 ], [ -79.758584954257529, -2.410002964441939 ], [ -79.750028560465111, -2.408024038399069 ], [ -79.74850408529197, -2.406038722705846 ], [ -79.74664188399619, -2.406002726634325 ], [ -79.745500489087775, -2.404910134208477 ], [ -79.743850086281469, -2.400511977299147 ], [ -79.743819938820565, -2.395997097731495 ], [ -79.740529019167653, -2.393142031390129 ], [ -79.740550960518476, -2.39264928544302 ], [ -79.741463306589026, -2.392166225489005 ], [ -79.740585409112995, -2.391058953626628 ], [ -79.741095359343589, -2.390269986741115 ], [ -79.738295193822012, -2.385406779821657 ], [ -79.74062735953845, -2.388142741405631 ], [ -79.741713526921529, -2.391809995713308 ], [ -79.741541749276266, -2.392430045252648 ], [ -79.74069558568597, -2.393010580670726 ], [ -79.744000408564503, -2.395905005771896 ], [ -79.744138731151949, -2.400619334086239 ], [ -79.746572590650132, -2.405665557580976 ], [ -79.74833460553721, -2.405517127814994 ], [ -79.750284756390883, -2.407723711338681 ], [ -79.7582549572396, -2.40918002564283 ], [ -79.763867506268952, -2.417457764638008 ], [ -79.768532055094141, -2.419118157091962 ], [ -79.771044875607473, -2.422381432272482 ], [ -79.771924544561244, -2.417563334930516 ], [ -79.777391892603035, -2.411057690901766 ], [ -79.776629400793226, -2.40895657244637 ], [ -79.772230601476863, -2.407074678753889 ], [ -79.771283059413477, -2.405270973845118 ], [ -79.77229232112677, -2.403414496566057 ], [ -79.776748632384255, -2.400678146330283 ], [ -79.775662950091444, -2.387210150987058 ], [ -79.778965999695586, -2.383156138781565 ], [ -79.774041588919971, -2.381452913347642 ], [ -79.773388172348604, -2.38067843891359 ], [ -79.771145339595591, -2.380846750978761 ], [ -79.767830725978783, -2.380297554322815 ], [ -79.773626034557751, -2.380251998772108 ], [ -79.774167581231822, -2.381239563718753 ], [ -79.778915264644993, -2.382768152653095 ], [ -79.780685108349772, -2.384337953020679 ], [ -79.780262592044082, -2.382560230644558 ], [ -79.777113581053285, -2.381008015541433 ], [ -79.776929281791254, -2.37891501682504 ], [ -79.781851920190846, -2.377305846774898 ], [ -79.782927459605787, -2.375388077926126 ], [ -79.779176502814437, -2.370970513111752 ], [ -79.777144291757892, -2.371231649681738 ], [ -79.776240253307094, -2.370462202058726 ], [ -79.776605766118109, -2.372129522180872 ], [ -79.775679894114333, -2.372673661726527 ], [ -79.776134704854471, -2.370337287802518 ], [ -79.777846521883475, -2.370690657264211 ], [ -79.77612301148443, -2.369111136196505 ], [ -79.776420085247196, -2.36565394422141 ], [ -79.780436333406556, -2.364777142005468 ], [ -79.781625343516623, -2.362956611784895 ], [ -79.777633250156924, -2.361408291601487 ], [ -79.776110238339399, -2.356879193310679 ], [ -79.78458112778813, -2.351601172710462 ], [ -79.780167585321323, -2.350577389880747 ], [ -79.777373544513352, -2.347888293873256 ], [ -79.778484477550492, -2.343579045880354 ], [ -79.776084790864019, -2.339909460501755 ], [ -79.773247068577035, -2.338883527521337 ], [ -79.771814415598982, -2.337585127251764 ], [ -79.772509919139722, -2.333366696079088 ], [ -79.770243245997392, -2.332708220291306 ], [ -79.770532357093487, -2.330197855041132 ], [ -79.768741638338142, -2.331505366204627 ], [ -79.762430346443125, -2.328933659550466 ], [ -79.759701915888556, -2.326054593385337 ], [ -79.75628945777099, -2.325366873860872 ], [ -79.75073288007205, -2.320079707763449 ], [ -79.749670292566847, -2.31784828534607 ], [ -79.747660249236574, -2.317653663888807 ], [ -79.744924350088723, -2.315151309717338 ], [ -79.749608296235834, -2.317383320710735 ], [ -79.755918133758399, -2.32470174239829 ], [ -79.760095107590089, -2.325877115847611 ], [ -79.762477057041266, -2.328677820625768 ], [ -79.768574565170013, -2.331092405999529 ], [ -79.770719429454772, -2.329944940637684 ], [ -79.770808827995211, -2.332620980887836 ], [ -79.772437106194374, -2.332821759411535 ], [ -79.772750123256827, -2.333646576468988 ], [ -79.772213787709674, -2.337543417277572 ], [ -79.776131629921267, -2.339505460481018 ], [ -79.778599186124055, -2.342366661792187 ], [ -79.778970258608368, -2.344896877324981 ], [ -79.777619960480621, -2.347538920843981 ], [ -79.780328310993639, -2.350118767457023 ], [ -79.785033030681703, -2.35133718180398 ], [ -79.782043064615308, -2.354949864403361 ], [ -79.776594339547671, -2.357025245307236 ], [ -79.7780855465126, -2.360904973719631 ], [ -79.781422041293084, -2.36170279199002 ], [ -79.782317550240265, -2.363386949937587 ], [ -79.780974286819514, -2.365146382467189 ], [ -79.77688558234594, -2.366100003013104 ], [ -79.776849144881396, -2.368998898779793 ], [ -79.780322615674734, -2.370917256306281 ], [ -79.783622443920279, -2.376248693415603 ], [ -79.781828264854454, -2.378030423377587 ], [ -79.77750510997322, -2.379472069308195 ], [ -79.781036375677004, -2.382364188428861 ], [ -79.781222962948036, -2.384519602942506 ], [ -79.776279506091768, -2.387572140543706 ], [ -79.77766820540127, -2.40016602997132 ], [ -79.772193638497868, -2.405267002302109 ], [ -79.777211581860882, -2.40834465925934 ], [ -79.778235345077803, -2.411513597793598 ], [ -79.779587094883041, -2.410612755145721 ], [ -79.78041410639149, -2.410445894439164 ], [ -79.772850810925434, -2.417726985247325 ], [ -79.769567766802638, -2.4281481615745 ], [ -79.77591173132285, -2.432515354758306 ], [ -79.780739751071877, -2.430570904313057 ], [ -79.783786158287569, -2.431319605433988 ], [ -79.786311597435684, -2.426754234677506 ], [ -79.78400510557006, -2.421166305646698 ], [ -79.786136354988386, -2.418333327821889 ], [ -79.785472226007272, -2.41603266854871 ], [ -79.785983162588053, -2.415246481345982 ], [ -79.789407960862661, -2.41385480202654 ], [ -79.785737109540136, -2.415974838850907 ], [ -79.786501928884832, -2.417798913045321 ], [ -79.784404853176568, -2.421036238005646 ], [ -79.785010456916922, -2.422608628579317 ], [ -79.787777871659884, -2.421164634476838 ], [ -79.790148729612241, -2.421017608319103 ], [ -79.791617941327416, -2.419498721224618 ], [ -79.792849054576536, -2.419371563165663 ], [ -79.790183194376439, -2.421195011713404 ], [ -79.785695400761497, -2.422433770715608 ], [ -79.78675101734008, -2.42691310015802 ], [ -79.790494014159677, -2.427343846330576 ], [ -79.795078111664651, -2.42898456943693 ], [ -79.79634691193489, -2.430182547545711 ], [ -79.786954909756759, -2.427589038656486 ], [ -79.783955307462307, -2.43192794604858 ], [ -79.777402315755253, -2.43245972734666 ], [ -79.77966464284826, -2.438317435555442 ], [ -79.783740990995085, -2.440280202680121 ], [ -79.779324564936204, -2.438687882127214 ], [ -79.773973169634658, -2.450215002601541 ], [ -79.779985059333697, -2.45167024883477 ], [ -79.783518344450215, -2.455246622703854 ], [ -79.784186470934358, -2.460863832358008 ], [ -79.783403009750899, -2.455697049835167 ], [ -79.779828208095182, -2.452086717840948 ], [ -79.773883029085795, -2.450943673290843 ], [ -79.766024858932795, -2.458430270332196 ], [ -79.769607043841816, -2.459818285803739 ], [ -79.76604927693883, -2.45916185068611 ], [ -79.765828541110594, -2.460492429813689 ], [ -79.765377016407768, -2.459018767758519 ], [ -79.74926584407649, -2.466243792012215 ], [ -79.750703308431213, -2.468305849647351 ], [ -79.748895408497731, -2.468771040422836 ], [ -79.754201343655993, -2.482569911116487 ], [ -79.750548198127717, -2.493711312401548 ], [ -79.745164333220245, -2.503330562848467 ], [ -79.759064362666777, -2.520217621384587 ], [ -79.764414688074808, -2.521844126205842 ], [ -79.772463864311746, -2.52016000263181 ], [ -79.776995020503762, -2.513593184679052 ], [ -79.783774799090793, -2.497919461451509 ], [ -79.795495033262753, -2.484636596736153 ], [ -79.797278464884528, -2.447219684841695 ], [ -79.798892396988592, -2.440749564021046 ], [ -79.809893089601118, -2.422600051053335 ], [ -79.814570089076142, -2.411626092014589 ], [ -79.816461461364142, -2.410540971468171 ], [ -79.81527714944302, -2.407704829265852 ], [ -79.817223202182348, -2.40973716095987 ], [ -79.830139511714066, -2.40016878627733 ], [ -79.832986527072677, -2.395765586147915 ], [ -79.831560707579001, -2.366850232049296 ], [ -79.824397122888499, -2.348676290410559 ], [ -79.825701988720766, -2.348896556263397 ], [ -79.824263989868442, -2.339561537743784 ], [ -79.825458477905116, -2.325712654027436 ], [ -79.830713459722134, -2.289816186764904 ], [ -79.827427227478424, -2.27085205289321 ], [ -79.830025381655531, -2.247595149558157 ], [ -79.827018018815352, -2.231306850153642 ], [ -79.82684108933195, -2.216227187620864 ], [ -79.828775942774641, -2.209139002682203 ], [ -79.834917580641715, -2.199362162300785 ], [ -79.834121318465449, -2.198298454152747 ], [ -79.835279380715662, -2.199146989347118 ], [ -79.84369140625877, -2.188791040912412 ], [ -79.849051649067533, -2.187316370820372 ], [ -79.858022903722798, -2.188002374687817 ], [ -79.860098838479175, -2.180357145379362 ], [ -79.853926588722146, -2.169088700259657 ], [ -79.845793448752261, -2.162081093993031 ], [ -79.84065359771698, -2.151063935824698 ], [ -79.838708976892192, -2.134481428928629 ], [ -79.844373948906593, -2.119966163023327 ], [ -79.844180980902095, -2.095210024104039 ], [ -79.838025368842466, -2.094560975330134 ], [ -79.814902453154858, -2.100145444473012 ], [ -79.799748695371932, -2.097891636613433 ], [ -79.79191754115277, -2.094385039321326 ], [ -79.78647529473497, -2.087405792694969 ], [ -79.78387938814268, -2.074672929516937 ], [ -79.78891817960681, -2.065931292454806 ], [ -79.801110357188008, -2.059671576939329 ], [ -79.804827932583407, -2.055420268570297 ], [ -79.799191998610567, -2.039088026517326 ], [ -79.792487901289604, -2.034738624889029 ], [ -79.777494835941326, -2.037463957468439 ], [ -79.749091047193559, -2.033146066963074 ], [ -79.740803850643999, -2.029444283123281 ], [ -79.742103285262047, -2.025556430408791 ], [ -79.745511223955418, -2.027475441250284 ], [ -79.754198334299787, -2.025878322760194 ], [ -79.768901044385288, -2.02606137385256 ], [ -79.778496315549319, -2.029130239629109 ], [ -79.793666739775688, -2.03021053387491 ], [ -79.802907212335072, -2.036353564792946 ], [ -79.809179090646992, -2.05207763715383 ], [ -79.809790630454756, -2.057173145490543 ], [ -79.805391510439819, -2.073195401288255 ], [ -79.795169739823635, -2.084798108415583 ], [ -79.796292415638192, -2.090570929203668 ], [ -79.811386285436043, -2.088768651017375 ], [ -79.823157951751298, -2.084312384900576 ], [ -79.838889575993548, -2.075378174268345 ], [ -79.845109119355328, -2.076046851646575 ], [ -79.854334183112655, -2.08047755962031 ], [ -79.867942898794027, -2.092436778897538 ], [ -79.871179714713961, -2.097450790255711 ], [ -79.871274616333849, -2.104033163192891 ], [ -79.867284588200988, -2.115275698030108 ], [ -79.860982709751838, -2.123293632467504 ], [ -79.855219418027914, -2.143821283393422 ], [ -79.857039132604001, -2.148670661831748 ], [ -79.865064804421536, -2.159171601930903 ], [ -79.869350087228696, -2.153732770724277 ], [ -79.874061464331334, -2.135295592265186 ], [ -79.874609861557772, -2.130175416121688 ], [ -79.873462570107833, -2.125372484479898 ], [ -79.871992296583997, -2.124704039172598 ], [ -79.873437519687812, -2.124704195371997 ], [ -79.873273058820544, -2.114012007058411 ], [ -79.890198743501401, -2.085844530782866 ], [ -79.8925892754568, -2.072623350515189 ], [ -79.890345272198971, -2.069048901320435 ], [ -79.892666504520093, -2.067963467734737 ], [ -79.894822813341563, -2.070104498139447 ], [ -79.893878807047159, -2.087523793388654 ], [ -79.878017096870266, -2.117495394983031 ], [ -79.880132431735007, -2.130606759170593 ], [ -79.875928371002573, -2.149146591204623 ], [ -79.876955136389157, -2.173698551207427 ], [ -79.873608868836683, -2.181031920846298 ], [ -79.878009786380503, -2.188938609905773 ], [ -79.88382100502146, -2.205873205281198 ], [ -79.886453732658921, -2.227451872560324 ], [ -79.883162747429026, -2.240352328545202 ], [ -79.877581793046531, -2.248532644123645 ], [ -79.866044103726836, -2.259754992978472 ], [ -79.87340754919498, -2.268488142537725 ], [ -79.875339795726745, -2.266544722133649 ], [ -79.874695230255853, -2.262609222772099 ], [ -79.875323633238139, -2.261960255109304 ], [ -79.876015136580904, -2.266367417624401 ], [ -79.874098068882532, -2.271593043074507 ], [ -79.876678194770221, -2.272675257063463 ], [ -79.874043333633949, -2.27272231150532 ], [ -79.871080774268563, -2.281259778784618 ], [ -79.872594075297883, -2.28132772376548 ], [ -79.871124367712682, -2.282898555607097 ], [ -79.872558047465091, -2.283831807692637 ], [ -79.872878278897574, -2.282410765213811 ], [ -79.87491120052151, -2.286338764961318 ], [ -79.881031268940305, -2.284726891375287 ], [ -79.880448064691549, -2.283305861450535 ], [ -79.881583884655342, -2.283145018332672 ], [ -79.882944923938936, -2.285236285337358 ], [ -79.895280152839234, -2.286438682218051 ], [ -79.898911632799468, -2.283580689223883 ], [ -79.905488631084154, -2.283358964485191 ], [ -79.914047322767075, -2.275693845500464 ], [ -79.908705295097349, -2.25549519948415 ], [ -79.91398963924776, -2.249000270946651 ], [ -79.913717612311729, -2.24683648457235 ], [ -79.910351178479431, -2.243974787924582 ], [ -79.914642616542949, -2.226983089889156 ], [ -79.910428686020452, -2.22553513637194 ], [ -79.908989923600174, -2.222944535557875 ], [ -79.911128086452919, -2.225383690523165 ], [ -79.913952932288623, -2.225402155829943 ], [ -79.9152014710576, -2.216597941206487 ], [ -79.918092440084735, -2.211089194755659 ], [ -79.921299577464339, -2.210755771121929 ], [ -79.92226346167935, -2.208421830518643 ], [ -79.917979565870979, -2.207643778588392 ], [ -79.921042456273824, -2.206701844256981 ], [ -79.922509803086456, -2.207714923517204 ], [ -79.922555249754993, -2.209535995376249 ], [ -79.921138187038707, -2.211363961618561 ], [ -79.918609731347843, -2.211711360567585 ], [ -79.916107341173259, -2.216293684140971 ], [ -79.915272418202107, -2.222400575934588 ], [ -79.917050035029064, -2.221493358241427 ], [ -79.914797128568438, -2.22472255950063 ], [ -79.920498697049197, -2.22502399445193 ], [ -79.924339037109618, -2.222373494147602 ], [ -79.921471233837039, -2.225915509397546 ], [ -79.922300104858124, -2.227271495182459 ], [ -79.925454387163015, -2.227092807134825 ], [ -79.92679432412227, -2.231729610655117 ], [ -79.932837344039143, -2.230686554288926 ], [ -79.930805818397147, -2.228055087772377 ], [ -79.932722263563036, -2.223156070519988 ], [ -79.93145629298597, -2.217532000518905 ], [ -79.933551348383162, -2.221095738608825 ], [ -79.931766297098918, -2.228224939373971 ], [ -79.941040896655963, -2.235866830966766 ], [ -79.945656287872168, -2.235099485188523 ], [ -79.945320946776604, -2.228192142445078 ], [ -79.947497544048773, -2.22410628407901 ], [ -79.946665760689541, -2.222884809332633 ], [ -79.948729707428456, -2.221806604998902 ], [ -79.948128830623119, -2.217914047913446 ], [ -79.944380500505659, -2.211924652033376 ], [ -79.946195286025798, -2.201863026541585 ], [ -79.937915019080336, -2.200537018862943 ], [ -79.935643247100444, -2.196239937818554 ], [ -79.929387535768711, -2.190705562397484 ], [ -79.902537930378841, -2.190223381340896 ], [ -79.895619680982335, -2.18453865845585 ], [ -79.898132232001089, -2.184951804836498 ], [ -79.903256614945477, -2.177694704778229 ], [ -79.900793380537507, -2.165887520866222 ], [ -79.897550725568223, -2.166139694393582 ], [ -79.900828674446714, -2.165323112124395 ], [ -79.902522797359566, -2.161614537708778 ], [ -79.902456921204831, -2.159063222629909 ], [ -79.90328779816393, -2.154053189738976 ], [ -79.90380648990056, -2.15319650874451 ], [ -79.901787277466184, -2.152484529034995 ], [ -79.901562707628301, -2.152061492109326 ], [ -79.90154552016196, -2.151701562105231 ], [ -79.901901713850222, -2.151256331566381 ], [ -79.903709671275877, -2.150524322754768 ], [ -79.904357441935687, -2.15072541621006 ], [ -79.901648773419055, -2.151656771368456 ], [ -79.901876465800854, -2.152365375284421 ], [ -79.903770895954068, -2.152802461735102 ], [ -79.904093056967781, -2.153430719988519 ], [ -79.902898481794537, -2.161454342920448 ], [ -79.901287089227765, -2.165901087406128 ], [ -79.904013379995348, -2.178133779435365 ], [ -79.910139319802838, -2.176447191981829 ], [ -79.912566384444204, -2.171048712916581 ], [ -79.914907709383286, -2.169984212718772 ], [ -79.912890801127588, -2.171167173096616 ], [ -79.910201640425669, -2.177061423365829 ], [ -79.904414234326268, -2.178737855735347 ], [ -79.899159289340147, -2.185010273163567 ], [ -79.901343412697784, -2.188728737929501 ], [ -79.927726896659749, -2.188899788812253 ], [ -79.932867760994668, -2.191957966361284 ], [ -79.938176776476041, -2.197977496072867 ], [ -79.94333234802879, -2.199772371058902 ], [ -79.945787782365159, -2.192998985346945 ], [ -79.948277066119715, -2.193867218142118 ], [ -79.948213432159946, -2.191635629912414 ], [ -79.948712779575246, -2.193001231285652 ], [ -79.948263943530051, -2.193991768023014 ], [ -79.945620011206046, -2.194395591430025 ], [ -79.944619115503016, -2.19905633260787 ], [ -79.947119491654732, -2.199887856842849 ], [ -79.94687129792149, -2.198507690144893 ], [ -79.947566393627113, -2.19768494420232 ], [ -79.947745743171893, -2.199150091638186 ], [ -79.95321657577864, -2.194378788197543 ], [ -79.94796045669446, -2.199804600402222 ], [ -79.949087731883253, -2.20355885991525 ], [ -79.947115224657111, -2.208277802878503 ], [ -79.949761147647777, -2.208661675780645 ], [ -79.946494926275335, -2.209876075337873 ], [ -79.94921335588586, -2.215207117935766 ], [ -79.951913257743641, -2.213776308668173 ], [ -79.952098656543541, -2.216229874267402 ], [ -79.949808973953523, -2.215846069749677 ], [ -79.951019001946278, -2.221729904355198 ], [ -79.951786687815044, -2.222298243221353 ], [ -79.952262562251974, -2.220731525462646 ], [ -79.953422509167638, -2.220480612448616 ], [ -79.952226511062989, -2.22136098144708 ], [ -79.9528766092577, -2.223811351435251 ], [ -79.950862071656033, -2.222780347452391 ], [ -79.948252869997546, -2.229046882936048 ], [ -79.948407275123543, -2.233338483026444 ], [ -79.949709371449757, -2.234261162321835 ], [ -79.953490239445117, -2.233086135946356 ], [ -79.956165730483363, -2.229860309277767 ], [ -79.956129422376208, -2.23123711115772 ], [ -79.95846381411792, -2.231121815423869 ], [ -79.96191663803279, -2.219533309402861 ], [ -79.959827039900944, -2.216139823581791 ], [ -79.959759259317806, -2.214438026259784 ], [ -79.962141563603524, -2.217537282247691 ], [ -79.965869363623469, -2.21190683106814 ], [ -79.961291284830907, -2.205897605192745 ], [ -79.966243672737733, -2.210245501096651 ], [ -79.971716593927525, -2.199581339655226 ], [ -79.969137272032029, -2.197252833888684 ], [ -79.966802790458786, -2.198356229867235 ], [ -79.965700338416241, -2.198050354187827 ], [ -79.96001239737835, -2.194041987429732 ], [ -79.959273634566784, -2.192088795518142 ], [ -79.966522402902413, -2.197866756040083 ], [ -79.971503209911575, -2.195645704180282 ], [ -79.971727680036452, -2.193880692868832 ], [ -79.97479731678709, -2.190667169533006 ], [ -79.971967230180013, -2.195053084291407 ], [ -79.974638521594301, -2.196223171410669 ], [ -79.978640686864978, -2.195416336058272 ], [ -79.97965372329908, -2.195914905735155 ], [ -79.97519076810174, -2.196396685500672 ], [ -79.973856784277871, -2.199901318050457 ], [ -79.970558377167094, -2.202313315660832 ], [ -79.967431259018085, -2.210850941413213 ], [ -79.968588504699682, -2.210730267184751 ], [ -79.963665300361484, -2.217578697679254 ], [ -79.963442979006757, -2.219579975082574 ], [ -79.9671347790417, -2.216472591622526 ], [ -79.968800911348609, -2.216176517448285 ], [ -79.964886808823593, -2.218541919861947 ], [ -79.962475771923494, -2.223248375647542 ], [ -79.962571716487432, -2.225953262233405 ], [ -79.966925283832609, -2.222416416580523 ], [ -79.962587831365312, -2.226440017723192 ], [ -79.96741165867688, -2.22953060070337 ], [ -79.973623324711937, -2.22665953217692 ], [ -79.974661268733939, -2.223919335576692 ], [ -79.974197519756714, -2.226575899334526 ], [ -79.977843636866197, -2.225979078285884 ], [ -79.980027819512628, -2.223443741395508 ], [ -79.980235384242178, -2.212484068477118 ], [ -79.978905105968835, -2.211058637972202 ], [ -79.9770760129812, -2.21297821781796 ], [ -79.976705743590742, -2.211508495231839 ], [ -79.979219366299645, -2.210675410200054 ], [ -79.980744428970965, -2.207712016931352 ], [ -79.97970830313912, -2.21073698607012 ], [ -79.98081040843195, -2.212100566393534 ], [ -79.984007684106345, -2.20822434433906 ], [ -79.98568807627008, -2.199861408388213 ], [ -79.984832722914433, -2.199267698625736 ], [ -79.984202983239015, -2.202256322851989 ], [ -79.982761178224848, -2.203526614495428 ], [ -79.982447385018006, -2.203494466918863 ], [ -79.98415880409334, -2.201635126138828 ], [ -79.983956586136358, -2.200158461562158 ], [ -79.983009376449644, -2.200572466275014 ], [ -79.982631964554386, -2.200474153541155 ], [ -79.984995896495889, -2.198776086885953 ], [ -79.982418823981874, -2.198265777745134 ], [ -79.985700411935582, -2.196768336299673 ], [ -79.985937910326996, -2.198867457277024 ], [ -79.989246228550314, -2.1969339330093 ], [ -79.9871173470911, -2.195827284671107 ], [ -79.984909904367015, -2.193084759197999 ], [ -79.983421753470708, -2.195098577503114 ], [ -79.98225008623551, -2.195414375577789 ], [ -79.984151626554223, -2.19255018353057 ], [ -79.981921246247666, -2.192632063368729 ], [ -79.981204577500534, -2.192533157658247 ], [ -79.980512243216097, -2.192218618389161 ], [ -79.983730358008472, -2.192152338924473 ], [ -79.984751084919722, -2.192718661290423 ], [ -79.983669548351941, -2.190055057697616 ], [ -79.988702512444817, -2.195833246899996 ], [ -79.987582237827041, -2.193933613328556 ], [ -79.987108946944872, -2.188783763583757 ], [ -79.987850904165569, -2.190596389138415 ], [ -79.988748486424441, -2.190025581264706 ], [ -79.989560881444888, -2.190583979005477 ], [ -79.99104284923709, -2.18838624562326 ], [ -79.991867110104124, -2.188410319969901 ], [ -79.989649140023232, -2.190781235026752 ], [ -79.988408371681444, -2.190362575035319 ], [ -79.987692105379551, -2.19180786178128 ], [ -79.988136634002942, -2.193991069646035 ], [ -79.989691838745316, -2.192141284267819 ], [ -79.988427862428168, -2.194417498737213 ], [ -79.989979504452123, -2.196677533098188 ], [ -79.9891733060105, -2.198404894390332 ], [ -79.993364999636441, -2.194693119653802 ], [ -79.990910384563605, -2.191505382398482 ], [ -79.992128553987797, -2.190084855491887 ], [ -79.993855177049298, -2.194373414825547 ], [ -79.995804722438479, -2.193391642167442 ], [ -79.995032825267657, -2.192639423263217 ], [ -79.995569761787721, -2.18947876132769 ], [ -79.996938010051466, -2.190750693984916 ], [ -79.995235027953271, -2.192269498531517 ], [ -79.995997678764866, -2.193538945000936 ], [ -79.991203385364869, -2.198015407606938 ], [ -79.987140732932886, -2.199157830310369 ], [ -79.987014649891179, -2.201586782182973 ], [ -79.993927968435088, -2.200759459012289 ], [ -79.992920779135162, -2.201850322072402 ], [ -79.996031240722189, -2.20280476196403 ], [ -79.99630675132488, -2.198495570019873 ], [ -79.997163132353236, -2.202141933284435 ], [ -80.003783470757128, -2.197855095508958 ], [ -80.004122224552447, -2.196856130555932 ], [ -80.000927028477918, -2.196623412570621 ], [ -80.00104309171094, -2.195572378269355 ], [ -80.003525191638204, -2.196543471886323 ], [ -80.003303005929112, -2.193410245213524 ], [ -80.005370488436952, -2.19792816278333 ], [ -80.006719900825829, -2.195476220477946 ], [ -80.006984366642129, -2.196543070634427 ], [ -80.007536052600813, -2.194991551758105 ], [ -80.009715342123897, -2.193458029296078 ], [ -80.00647233681164, -2.197953774658367 ], [ -80.007682853487907, -2.198593663856551 ], [ -80.011868636199267, -2.198924813765161 ], [ -80.011995943644706, -2.197306974141848 ], [ -80.01446928769289, -2.198907814895099 ], [ -80.016269785508428, -2.194568848104802 ], [ -80.023552340380192, -2.192470948187388 ], [ -80.026428734241861, -2.194880095174286 ], [ -80.028460035305017, -2.199161260244999 ], [ -80.028976200080763, -2.197445972385974 ], [ -80.029408566413522, -2.19739378812749 ], [ -80.030307647062273, -2.198270370143975 ], [ -80.030475274490925, -2.196846579506233 ], [ -80.030940830878478, -2.196639643971539 ], [ -80.033101720209601, -2.198266582043291 ], [ -80.033183600749425, -2.19902340666913 ], [ -80.032417097961883, -2.19948578354983 ], [ -80.03286074623631, -2.200487895708779 ], [ -80.032648130279924, -2.200698252562117 ], [ -80.032071941873539, -2.199414367136469 ], [ -80.033011788968196, -2.198423557516805 ], [ -80.030985821202862, -2.196871696791926 ], [ -80.030246161872654, -2.198517913526817 ], [ -80.029057636852841, -2.197632730329579 ], [ -80.028513239824363, -2.199482603163581 ], [ -80.023816070476258, -2.193169001640839 ], [ -80.016523606288601, -2.195703988968185 ], [ -80.015966213332888, -2.197744254929762 ], [ -80.018273862228597, -2.199317030075686 ], [ -80.016116883263919, -2.198210662674267 ], [ -80.015577825821481, -2.199434288760539 ], [ -80.017626199366632, -2.205327515903696 ], [ -80.019299895488231, -2.205845500223353 ], [ -80.01816107335479, -2.205828281508084 ], [ -80.01908800447228, -2.210162545049592 ], [ -80.021195120650475, -2.210541511824883 ], [ -80.022561092583317, -2.212336827659468 ], [ -80.023558680689476, -2.211902293467781 ], [ -80.024407134983747, -2.212780657740009 ], [ -80.022468430463434, -2.212543191006748 ], [ -80.018776726548225, -2.210260937931522 ], [ -80.015324789270579, -2.2001291074093 ], [ -80.012630793835783, -2.200150747131782 ], [ -80.012441390346325, -2.201572524773078 ], [ -80.012444495822265, -2.200129457494007 ], [ -80.010535565063719, -2.200323032775987 ], [ -80.010703599429206, -2.202271509324947 ], [ -80.010211443926082, -2.203132064501612 ], [ -80.010136404057121, -2.200338596282834 ], [ -80.005935712905313, -2.199431849835983 ], [ -80.006498768840558, -2.201770821517663 ], [ -80.0054616377939, -2.199332120529635 ], [ -80.001080882038323, -2.200410962368713 ], [ -79.998100304264966, -2.203031577825081 ], [ -79.999266097416509, -2.203850912437031 ], [ -79.995623812520023, -2.204426470778466 ], [ -79.994622562880764, -2.206977947633118 ], [ -79.996454913159653, -2.206338483033671 ], [ -79.998443124733583, -2.207265115376796 ], [ -79.996555664608664, -2.208291068322948 ], [ -79.996056737604903, -2.206627043154687 ], [ -79.993646588240324, -2.208439342734779 ], [ -79.994952197877637, -2.212613465882248 ], [ -79.993238798017103, -2.209117583014092 ], [ -79.991416741533072, -2.210354878478257 ], [ -79.991969810897302, -2.215056937604335 ], [ -79.993327858791005, -2.214935205395793 ], [ -79.995159733861101, -2.215553279928655 ], [ -79.992062237658573, -2.215472740635692 ], [ -79.992465959411874, -2.217362662933815 ], [ -79.989253405191121, -2.221469287122922 ], [ -79.993133599009127, -2.223239839997464 ], [ -79.996550039358354, -2.217340120433519 ], [ -80.001710182437577, -2.219216180761455 ], [ -80.0019690149187, -2.216463740860573 ], [ -80.003170602341058, -2.213923337498694 ], [ -80.005870270636862, -2.209857381834964 ], [ -80.002329392061228, -2.217036126529923 ], [ -80.008675837728262, -2.220172767413237 ], [ -80.003176215913257, -2.217770490662379 ], [ -80.002320095396342, -2.219639842371131 ], [ -80.000114813120518, -2.22030121803288 ], [ -79.997585571403789, -2.21892228661033 ], [ -79.997669677070576, -2.223018876245015 ], [ -79.996754590240116, -2.220169849182521 ], [ -79.99281829663262, -2.224231937314938 ], [ -79.98644614747036, -2.222600780969193 ], [ -79.983009354890086, -2.219131655241564 ], [ -79.983252958232185, -2.221618206516616 ], [ -79.980061584489206, -2.227047103959301 ], [ -79.970186880677986, -2.23052594322253 ], [ -79.978048972875527, -2.233608780025748 ], [ -79.985075659706609, -2.22671534814266 ], [ -79.987969851888991, -2.224827882975973 ], [ -79.985316945395283, -2.227065129403208 ], [ -79.986819748712193, -2.227637492112786 ], [ -79.987448653852709, -2.230399935060139 ], [ -79.991657380434745, -2.232905870565748 ], [ -79.997104849657603, -2.228804579663099 ], [ -79.99786921894632, -2.228606007372896 ], [ -80.001345914691541, -2.228994630671945 ], [ -79.997075688546843, -2.228979413055788 ], [ -79.995998892388812, -2.232296823622002 ], [ -79.991156238185511, -2.2333227143086 ], [ -79.993288531446183, -2.236753406858517 ], [ -79.995233610411759, -2.235164781621267 ], [ -79.997398283446842, -2.23515206576889 ], [ -79.998158132413067, -2.238443143888892 ], [ -79.996252926968012, -2.235334544433583 ], [ -79.993142150072316, -2.237002060455542 ], [ -79.986439761347015, -2.230250345122789 ], [ -79.985913291098342, -2.227863008881926 ], [ -79.982889189949461, -2.230876199323927 ], [ -79.983289699327315, -2.23323025003385 ], [ -79.98243618751799, -2.231248293884741 ], [ -79.976720151669582, -2.234491701225206 ], [ -79.969023314450041, -2.231566005195563 ], [ -79.962451609038993, -2.235043383196385 ], [ -79.963267382623229, -2.238732944542365 ], [ -79.968045841419709, -2.240393307087374 ], [ -79.964182768592693, -2.239505998238564 ], [ -79.970309994787669, -2.247919425238835 ], [ -79.972312290148636, -2.247755036166259 ], [ -79.972444393699377, -2.245421263711955 ], [ -79.972730055264762, -2.247636833429906 ], [ -79.978678441259731, -2.248644638822999 ], [ -79.9781575450574, -2.246158617120784 ], [ -79.975510325797771, -2.243494620545233 ], [ -79.974952668737373, -2.242024221973962 ], [ -79.976668427573841, -2.244254998141824 ], [ -79.97678503249098, -2.2423431921174 ], [ -79.977736449886493, -2.243041098168123 ], [ -79.979010233111595, -2.240622549748841 ], [ -79.980487084998259, -2.240371570112641 ], [ -79.977195799731064, -2.244015025823547 ], [ -79.979305601871957, -2.247404195257778 ], [ -79.981465043118845, -2.244697619372616 ], [ -79.979174979643133, -2.247745848983608 ], [ -79.979620923113103, -2.249785052939836 ], [ -79.98142877902913, -2.252265557964695 ], [ -79.984588422479661, -2.249560852766262 ], [ -79.983322964840596, -2.251243186669764 ], [ -79.98446865639103, -2.253580485536187 ], [ -79.988139655935555, -2.254309780474938 ], [ -79.986780296501536, -2.254978755009159 ], [ -79.987584929179619, -2.256652858671985 ], [ -79.98985781417214, -2.256365254458511 ], [ -79.987880800098239, -2.256874320914896 ], [ -79.988489766232703, -2.258155525313033 ], [ -79.987956807452747, -2.260222452829596 ], [ -79.986489660066098, -2.255121472038046 ], [ -79.984167164713682, -2.253816457382416 ], [ -79.983095037998496, -2.251856231813621 ], [ -79.981456583683809, -2.258194375103593 ], [ -79.983804668445416, -2.258521125848332 ], [ -79.981272523373676, -2.258829522041778 ], [ -79.98048708769322, -2.261107841637836 ], [ -79.981442934681368, -2.263333386004612 ], [ -79.983771398440538, -2.263047916744507 ], [ -79.984390741913188, -2.263625556796886 ], [ -79.98474126543536, -2.265039912602381 ], [ -79.983805471539256, -2.263318316852556 ], [ -79.981282177568033, -2.263558418835902 ], [ -79.980309622813891, -2.261692336654904 ], [ -79.973243897895486, -2.271433104336958 ], [ -79.977498957783254, -2.269357988652474 ], [ -79.980578104099493, -2.269970028900039 ], [ -79.983214756476414, -2.268376780388894 ], [ -79.987022470624041, -2.267940566336346 ], [ -79.980317966366243, -2.27060231627681 ], [ -79.985775166140257, -2.274381565289994 ], [ -79.988973574590219, -2.272011407067932 ], [ -79.990572581185859, -2.27331402309024 ], [ -79.990396164640458, -2.268755597465425 ], [ -79.990953363560067, -2.275187833036736 ], [ -79.995715252931106, -2.273747566034288 ], [ -79.991010798246052, -2.275613563545177 ], [ -79.990144108151526, -2.279895813313215 ], [ -79.992265928852603, -2.28120838919728 ], [ -79.994029496926828, -2.279413876078092 ], [ -79.998107697399746, -2.278258520402245 ], [ -79.999761285632033, -2.272664359196316 ], [ -79.998525173258386, -2.278317156461533 ], [ -79.992734952737166, -2.281622016440669 ], [ -79.995101413436217, -2.282746157984791 ], [ -79.993898955546356, -2.283003117297239 ], [ -79.996574783452843, -2.288496549260489 ], [ -79.999970223885654, -2.287078029166193 ], [ -79.99919872826176, -2.284658667401138 ], [ -80.000652422478723, -2.282859226263422 ], [ -79.999457204111735, -2.284610544306249 ], [ -80.000289404289276, -2.286889197513484 ], [ -80.003678151374899, -2.284473915925817 ], [ -80.002188548801101, -2.279525773244894 ], [ -80.004240801271635, -2.284614154458454 ], [ -80.005362322751026, -2.284106562659669 ], [ -80.00674507521336, -2.275190515086813 ], [ -80.004991475743864, -2.274400424923731 ], [ -80.00218858024212, -2.270175758489097 ], [ -80.005602241203846, -2.274526221035005 ], [ -80.010448433871062, -2.273951271877015 ], [ -80.007371728277462, -2.268894395066672 ], [ -80.008670131629557, -2.266247058540542 ], [ -80.007923998141095, -2.263661275562412 ], [ -80.007457757237276, -2.264837986369356 ], [ -80.006262875738528, -2.265211747218594 ], [ -80.005148187743501, -2.264951818125123 ], [ -80.009797540667336, -2.262069243559079 ], [ -80.009545825538197, -2.258648334394071 ], [ -80.0078710190989, -2.259572023676819 ], [ -80.00689269985557, -2.257922676983201 ], [ -80.00713895232947, -2.257458799683496 ], [ -80.00799532078139, -2.259396529705845 ], [ -80.009164696414288, -2.258302436597106 ], [ -80.009955137507518, -2.258804201155978 ], [ -80.010154416176889, -2.2614472328482 ], [ -80.012881537886088, -2.260069801482179 ], [ -80.008417104960103, -2.264896175961951 ], [ -80.011677537588881, -2.267017920025361 ], [ -80.012268748521777, -2.269987953281381 ], [ -80.014577342445151, -2.270936082634143 ], [ -80.013157177846168, -2.268283257360906 ], [ -80.015357049569062, -2.267370327020544 ], [ -80.015434961351957, -2.263980122481807 ], [ -80.01760449247611, -2.263513481568283 ], [ -80.024107581870794, -2.266442482271716 ], [ -80.02228338649806, -2.263230540026193 ], [ -80.028640308317918, -2.260162155446051 ], [ -80.030858662877762, -2.259971780859083 ], [ -80.029795040513378, -2.257677415457005 ], [ -80.030090415561943, -2.256488273108769 ], [ -80.035231471238006, -2.258444787071782 ], [ -80.033630192803031, -2.256831665186608 ], [ -80.032504248917505, -2.254538165519412 ], [ -80.035967975684954, -2.253471981164915 ], [ -80.035074414285305, -2.251962817190506 ], [ -80.035108205313051, -2.251580925865612 ], [ -80.037467741797883, -2.24779772178195 ], [ -80.0407440287931, -2.24980389942901 ], [ -80.041463010702103, -2.247247931423325 ], [ -80.039353400800664, -2.247695212211874 ], [ -80.039555413941756, -2.245415527884782 ], [ -80.041165167981433, -2.245480362478111 ], [ -80.043066157632865, -2.246827905075801 ], [ -80.043428146353008, -2.243567842647342 ], [ -80.045424431086417, -2.243008130123573 ], [ -80.046916280346736, -2.243096217850181 ], [ -80.043697899653068, -2.24400529555337 ], [ -80.043507776613069, -2.246954112893762 ], [ -80.042848074529658, -2.247135408813639 ], [ -80.040532745038263, -2.2457508681793 ], [ -80.039698960232585, -2.246888915725502 ], [ -80.041655613990599, -2.246852032329011 ], [ -80.042156930512988, -2.247406510230878 ], [ -80.044158469492487, -2.24693617655912 ], [ -80.045354742481621, -2.247447690540798 ], [ -80.046618521169407, -2.246889214634522 ], [ -80.0456954869436, -2.247821054621843 ], [ -80.042165508525642, -2.24763139472508 ], [ -80.041535559542751, -2.248104890501798 ], [ -80.041129584814726, -2.249440962644831 ], [ -80.040497107972627, -2.250070225895484 ], [ -80.037374807488476, -2.248278626491385 ], [ -80.035374786661819, -2.251642522463499 ], [ -80.036309575343097, -2.253500973411628 ], [ -80.032736448147091, -2.254647322380861 ], [ -80.035518174849145, -2.258676189256402 ], [ -80.030284498375721, -2.256715271888163 ], [ -80.031178333761503, -2.260115732517957 ], [ -80.022627622711568, -2.263351443315084 ], [ -80.024264819384868, -2.266770768768045 ], [ -80.016157138568445, -2.264107978626225 ], [ -80.015646113952755, -2.267960942120169 ], [ -80.013604890098961, -2.268705096067539 ], [ -80.015179358314271, -2.270436535783193 ], [ -80.014641882805066, -2.271371680022701 ], [ -80.01212420689761, -2.27057003822171 ], [ -80.011008359177552, -2.267105567366048 ], [ -80.008801268593061, -2.267263529142972 ], [ -80.008243134527248, -2.269216480311002 ], [ -80.011042223867122, -2.272988670566919 ], [ -80.010583537794858, -2.274952728169006 ], [ -80.016434525751748, -2.27586918938968 ], [ -80.019485820700908, -2.273342079632318 ], [ -80.020296255597415, -2.273414457376002 ], [ -80.021374110869161, -2.274173679348706 ], [ -80.022076526047698, -2.273340950441118 ], [ -80.022631057869219, -2.273652773238538 ], [ -80.021443826423408, -2.274405115821109 ], [ -80.019111655317076, -2.273864851083966 ], [ -80.01809804755446, -2.279297858897612 ], [ -80.017963411652914, -2.275604201505581 ], [ -80.015955859350925, -2.276268865772275 ], [ -80.007880714615766, -2.275594557617385 ], [ -80.006247488496015, -2.282994915905439 ], [ -80.007474238627793, -2.283905947798761 ], [ -80.009057891218575, -2.28338203195955 ], [ -80.010113661409065, -2.284083625349126 ], [ -80.006488588233452, -2.284026024459579 ], [ -80.001963552263462, -2.286974764804428 ], [ -80.002454820231094, -2.289565983098403 ], [ -80.001662220486253, -2.287360986674006 ], [ -79.997618007772076, -2.290810357875873 ], [ -79.999690332199322, -2.294413995835574 ], [ -80.003303286203462, -2.295639870568905 ], [ -80.007038134405136, -2.293549206670269 ], [ -80.008467422294132, -2.293385478931153 ], [ -80.0083023703354, -2.292266498826641 ], [ -80.009111408351643, -2.291106312751759 ], [ -80.009999670589409, -2.29374882654335 ], [ -80.010128995650973, -2.292813315380013 ], [ -80.011844988049418, -2.291692109685668 ], [ -80.010236618313584, -2.293887209736333 ], [ -80.007500675148293, -2.293726373191128 ], [ -80.004171923845547, -2.29595146951169 ], [ -79.999914857121439, -2.294956081243622 ], [ -79.997142781020472, -2.299434287615694 ], [ -80.001074312658645, -2.2998009637548 ], [ -79.996801948523569, -2.299975159369704 ], [ -79.981694577945291, -2.308635490969822 ], [ -79.980794671744817, -2.329187289501296 ], [ -79.979245619563827, -2.333787231108883 ], [ -79.975468257693009, -2.335156425285353 ], [ -79.968148596111789, -2.333322930543241 ], [ -79.966060199027481, -2.334243771131946 ], [ -79.976915634956896, -2.343344148895761 ], [ -79.981734834148128, -2.345329486502593 ], [ -80.007234101884364, -2.343142897963628 ], [ -80.00582922840816, -2.33869927227828 ], [ -80.009464921467085, -2.33624467289712 ], [ -80.009456161096438, -2.333853880181151 ], [ -80.007654171179212, -2.33337897035493 ], [ -80.009508528385922, -2.333426506582303 ], [ -80.010573241305053, -2.329725745305566 ], [ -80.003218768209948, -2.329813167095734 ], [ -80.000191747536405, -2.327248365084161 ], [ -79.996140395910672, -2.331033450783092 ], [ -79.993179925128331, -2.332163486219715 ], [ -80.001077982276584, -2.326468622283608 ], [ -79.99755270743745, -2.324899488244149 ], [ -79.997547611294834, -2.321791652694185 ], [ -79.991090436590952, -2.321195996589955 ], [ -79.990938879124428, -2.317048080593321 ], [ -79.992061721127271, -2.320695379441548 ], [ -79.997838190238113, -2.321372140017441 ], [ -79.998207515499175, -2.324568882299246 ], [ -80.001110062013709, -2.325480583214595 ], [ -80.003275294699208, -2.328714154398157 ], [ -80.010217503960973, -2.327899161090095 ], [ -80.015724061668266, -2.33430072732575 ], [ -80.022093808735448, -2.331051789075254 ], [ -80.027589087196048, -2.330943624473311 ], [ -80.030594838458612, -2.335007263619681 ], [ -80.030295208988846, -2.338404291326686 ], [ -80.019409733396344, -2.352437340000477 ], [ -80.026204332388943, -2.356947636393422 ], [ -80.029138806825273, -2.363447186390029 ], [ -80.029491850121829, -2.380405013215611 ], [ -80.031635505274224, -2.383409365734749 ], [ -80.033684791507696, -2.392269622120183 ], [ -80.041849843229755, -2.396216540192875 ], [ -80.047777100849217, -2.404805358140642 ], [ -80.055092410991207, -2.402087482673556 ], [ -80.058859849173061, -2.396871994374518 ], [ -80.064444848669282, -2.390769964969124 ], [ -80.063092440398933, -2.389714924872502 ], [ -80.060991876532398, -2.391194201098046 ], [ -80.05951895567344, -2.391339731591549 ], [ -80.058710646190889, -2.390541873003024 ], [ -80.058035838935993, -2.383995921160511 ], [ -80.060271403420046, -2.378887809661663 ], [ -80.059086714206487, -2.374795919960674 ], [ -80.056367060192244, -2.3745952318518 ], [ -80.055616904047923, -2.372531450178256 ], [ -80.05650089928811, -2.374430687811408 ], [ -80.058961652549257, -2.374348245699261 ], [ -80.06047664780121, -2.378059801711141 ], [ -80.060409008253572, -2.381002373606677 ], [ -80.058383850768635, -2.383501623679521 ], [ -80.059015942233458, -2.390179978470169 ], [ -80.063130174132453, -2.389105079073081 ], [ -80.065015406435464, -2.389933612615839 ], [ -80.072749790538964, -2.40130187081403 ], [ -80.079173224520773, -2.400454016801058 ], [ -80.079609164351737, -2.39501338123375 ], [ -80.082428883502132, -2.393051500944099 ], [ -80.085893529246107, -2.392818269191468 ], [ -80.084336282633089, -2.38828096808291 ], [ -80.084427696094721, -2.38672133142587 ], [ -80.085823572045044, -2.385313270838173 ], [ -80.089169770427233, -2.386844713899611 ], [ -80.090535959752373, -2.385307723162429 ], [ -80.090224388977532, -2.382494229235856 ], [ -80.08762724360848, -2.384519879384038 ], [ -80.08648108852735, -2.384054607564611 ], [ -80.08793276243324, -2.380385096800168 ], [ -80.086967214538291, -2.384130645165074 ], [ -80.09070037480555, -2.381984896538456 ], [ -80.09084900825583, -2.385728293643381 ], [ -80.089650970975484, -2.387163540163136 ], [ -80.085017013378973, -2.386603404165396 ], [ -80.086530680022619, -2.392856505849936 ], [ -80.080370009549625, -2.395265369203497 ], [ -80.080443590554523, -2.400101542640462 ], [ -80.087230654478532, -2.400298967206062 ], [ -80.089629094303376, -2.406555200618562 ], [ -80.093419247285524, -2.401963212124073 ], [ -80.101573371002146, -2.403775911911658 ], [ -80.110903239407023, -2.411158862946158 ], [ -80.11465075744745, -2.41015530870425 ], [ -80.116853568457927, -2.412340268861478 ], [ -80.118677066738016, -2.410985278086127 ], [ -80.120437726067323, -2.410984613921259 ], [ -80.126492902884934, -2.417447567063397 ], [ -80.12868607137915, -2.4232399763466 ], [ -80.125799611894749, -2.41740976010679 ], [ -80.120102003187768, -2.411257674505656 ], [ -80.116370071815822, -2.412768461734985 ], [ -80.114725985064297, -2.411207407107681 ], [ -80.112767236435047, -2.412400921411672 ], [ -80.108422252492389, -2.411499351462833 ], [ -80.103069730703496, -2.405793697914703 ], [ -80.093944419468599, -2.402982949393354 ], [ -80.092228604936594, -2.407018463318615 ], [ -80.096917481037977, -2.405827073223158 ], [ -80.09992943157431, -2.408630875347807 ], [ -80.100924278022234, -2.412213825455125 ], [ -80.09582266826861, -2.414900512628412 ], [ -80.095500287167653, -2.418656355181091 ], [ -80.09280561709808, -2.420744611625646 ], [ -80.086857241882925, -2.41963663957139 ], [ -80.081854962443501, -2.423937835706908 ], [ -80.081724981611785, -2.426645367650606 ], [ -80.08911247048853, -2.437490930242501 ], [ -80.090741249947612, -2.44320200655899 ], [ -80.088910837334808, -2.449376775257047 ], [ -80.079808418766589, -2.455311424217498 ], [ -80.077741265042121, -2.458387860410884 ], [ -80.087854416764046, -2.467577799626812 ], [ -80.08980181787463, -2.472252262533721 ], [ -80.088397541778093, -2.477887987983259 ], [ -80.082037378836674, -2.488794109130894 ], [ -80.095787999586832, -2.507056983585256 ], [ -80.098786997315102, -2.504682149167875 ], [ -80.100928854938601, -2.498722347503011 ], [ -80.108601674800738, -2.493802070299248 ], [ -80.106786437428013, -2.488278184331463 ], [ -80.103389914525266, -2.486322848985838 ], [ -80.101731469102248, -2.483061103823819 ], [ -80.103183826626051, -2.470049037324988 ], [ -80.105733771815139, -2.463168956212936 ], [ -80.11121250420652, -2.458062110634597 ], [ -80.118302869913151, -2.459431328607149 ], [ -80.123655336006479, -2.456592431647359 ], [ -80.123993380132745, -2.450276640692729 ], [ -80.125299466775473, -2.447068787035404 ], [ -80.131544062353896, -2.441826616037919 ], [ -80.139254742611982, -2.439177214327197 ], [ -80.15220834121115, -2.440662605211438 ], [ -80.155019059242377, -2.442425924857891 ], [ -80.159847030482354, -2.440100590352306 ], [ -80.161842176151978, -2.433613705774175 ], [ -80.169839257288942, -2.426393353180921 ], [ -80.172527005839243, -2.416048137249785 ], [ -80.174729080231188, -2.412659353050048 ], [ -80.174747459761903, -2.410513530680015 ], [ -80.172678300997717, -2.409905274692339 ], [ -80.171490582665044, -2.407997354171273 ], [ -80.171756263003573, -2.404401680438642 ], [ -80.169907504996033, -2.399686979232003 ], [ -80.170173976750334, -2.398951057631185 ], [ -80.172118512235173, -2.404424155347359 ], [ -80.172086846621397, -2.408319035908612 ], [ -80.175114989290719, -2.410431162538669 ], [ -80.175249010744594, -2.412499823530366 ], [ -80.169776412948309, -2.427535117206711 ], [ -80.16222410657312, -2.433815310531437 ], [ -80.160340507407284, -2.440412627995721 ], [ -80.155145340811757, -2.442990570211041 ], [ -80.14175329338704, -2.439752246029278 ], [ -80.132374520698079, -2.442004185426261 ], [ -80.126396219905843, -2.446431669657831 ], [ -80.123462538681892, -2.457786831068724 ], [ -80.118198730917186, -2.460240786974064 ], [ -80.112096682703012, -2.458476103273109 ], [ -80.105510542263673, -2.464927793770959 ], [ -80.102653062430335, -2.484021418079541 ], [ -80.107443642194937, -2.4878580847453 ], [ -80.109547282791297, -2.493306090028372 ], [ -80.1079638943052, -2.496363000764189 ], [ -80.102429164532282, -2.498838895393968 ], [ -80.100840186728476, -2.501747070828857 ], [ -80.100196772897817, -2.50673094156799 ], [ -80.10254400695483, -2.515644537893168 ], [ -80.10076768639685, -2.519545458085112 ], [ -80.106098837265137, -2.527299715145562 ], [ -80.145797949868935, -2.569622873828221 ], [ -80.150030039834874, -2.571644063043174 ], [ -80.153694622713331, -2.568271602158307 ], [ -80.154398437467094, -2.565420841971491 ], [ -80.150811707082724, -2.541458522311345 ], [ -80.156038629123557, -2.535546011569549 ], [ -80.157717908274648, -2.525192064857092 ], [ -80.155036801867553, -2.520968064056852 ], [ -80.148869368877087, -2.519753124581428 ], [ -80.143294398172699, -2.5128979803856 ], [ -80.142910731308106, -2.511059300317669 ], [ -80.145503356354666, -2.505178264246266 ], [ -80.145402476446577, -2.500255970418997 ], [ -80.139925863180963, -2.490100097538334 ], [ -80.144367742105104, -2.494898764306351 ], [ -80.146039384677977, -2.500347570579577 ], [ -80.146163171625801, -2.505039388192828 ], [ -80.143852061521301, -2.512453101064964 ], [ -80.149912065885246, -2.519497985837295 ], [ -80.1559502762221, -2.520532546956646 ], [ -80.159389307404069, -2.525652059042694 ], [ -80.161790305630845, -2.525032240125895 ], [ -80.162947780382851, -2.519556938225423 ], [ -80.161482300269384, -2.515094823001722 ], [ -80.163468535549697, -2.502733439026976 ], [ -80.166456671747838, -2.502051371350347 ], [ -80.171521732645843, -2.503699900870021 ], [ -80.17022708065835, -2.500435512686853 ], [ -80.171782963628772, -2.497177365411337 ], [ -80.179576763203457, -2.49261352339432 ], [ -80.194556930540898, -2.494045409704266 ], [ -80.19773561737712, -2.497710517092155 ], [ -80.195285017773614, -2.500848846794364 ], [ -80.198830965542385, -2.503309323607092 ], [ -80.202294315017426, -2.509858437145182 ], [ -80.20173997813032, -2.516258993637376 ], [ -80.198741676596399, -2.520264964373904 ], [ -80.192115177546313, -2.519010313100206 ], [ -80.189239549947587, -2.524435938420389 ], [ -80.183949025388017, -2.527609619612603 ], [ -80.180531585213899, -2.53234392255494 ], [ -80.17222902926963, -2.535095699742814 ], [ -80.180093307966573, -2.54331578369646 ], [ -80.18121295556027, -2.548727891533306 ], [ -80.186401168297181, -2.552818420260763 ], [ -80.188678466712702, -2.552614246462081 ], [ -80.19934040552991, -2.5357447819184 ], [ -80.207058521143594, -2.527770270569936 ], [ -80.21060572655378, -2.526802868991676 ], [ -80.214562651768404, -2.527750244169639 ], [ -80.218482501714632, -2.531749146265199 ], [ -80.221357355863887, -2.539857471757477 ], [ -80.228523370497228, -2.537734474235874 ], [ -80.230306557777226, -2.539859325853656 ], [ -80.233255314528293, -2.53901743398801 ], [ -80.235191130964964, -2.539646213364001 ], [ -80.236302548194047, -2.542338947379409 ], [ -80.233541164739918, -2.539476337370683 ], [ -80.229986364073994, -2.541506092472548 ], [ -80.227469228054034, -2.538294890415909 ], [ -80.22150587073655, -2.54073757843149 ], [ -80.214576210939313, -2.530332311867071 ], [ -80.209367224661463, -2.528671147749371 ], [ -80.197478450372529, -2.540702371268383 ], [ -80.189609568708065, -2.553656228806871 ], [ -80.186599322275811, -2.554819734764608 ], [ -80.180135803669387, -2.551365868149573 ], [ -80.174075089636375, -2.553442492198146 ], [ -80.160549484288467, -2.562156741264103 ], [ -80.159345833435893, -2.565726253784352 ], [ -80.160152564578482, -2.569863467273234 ], [ -80.167463144192183, -2.583790300400263 ], [ -80.171663779648455, -2.587722050388555 ], [ -80.172998549498189, -2.596563049694485 ], [ -80.198158395990873, -2.600226192630365 ], [ -80.2098538034233, -2.605113109078693 ], [ -80.214366140808451, -2.610535607041368 ], [ -80.216397320599043, -2.610975077865397 ], [ -80.217348161276121, -2.61044330311763 ], [ -80.214087143844125, -2.604242719771485 ], [ -80.215849598007381, -2.600948473216197 ], [ -80.220530032640056, -2.598083463107508 ], [ -80.218100974637053, -2.593755881103496 ], [ -80.218974059838104, -2.587382285118235 ], [ -80.205506456911451, -2.591349501647811 ], [ -80.201856928000538, -2.594677455144561 ], [ -80.1994223956642, -2.592463310423393 ], [ -80.194465533248945, -2.583945099547765 ], [ -80.198816620345625, -2.587965806434525 ], [ -80.201788927330156, -2.593813321559205 ], [ -80.209908309601474, -2.58801178198286 ], [ -80.215863649455059, -2.588053667184855 ], [ -80.218112567395792, -2.585549352527777 ], [ -80.223273995964192, -2.589174367287668 ], [ -80.224766110227549, -2.587195337946647 ], [ -80.222633253723174, -2.583602046979295 ], [ -80.223451486894675, -2.579207172948391 ], [ -80.225649331119939, -2.578562527100557 ], [ -80.230061574622852, -2.583091225825847 ], [ -80.230622491669408, -2.581456821464279 ], [ -80.228021138591544, -2.57910285855662 ], [ -80.231113316767591, -2.575802680262409 ], [ -80.228923244766179, -2.578941388404591 ], [ -80.231218711608307, -2.581095877579268 ], [ -80.230548116553763, -2.583529448937512 ], [ -80.228002890214867, -2.583262574056301 ], [ -80.225442666502303, -2.579391758428219 ], [ -80.224118290160391, -2.579781745510693 ], [ -80.223532157403795, -2.583831288339623 ], [ -80.225696702878125, -2.587534327914022 ], [ -80.219873272539189, -2.59196782036837 ], [ -80.222191181992073, -2.59492636897022 ], [ -80.221700888696532, -2.600624456208625 ], [ -80.215828090542843, -2.603736044809479 ], [ -80.218782910922059, -2.609519134598652 ], [ -80.219059692640883, -2.613743068831508 ], [ -80.21507279423848, -2.618797759319244 ], [ -80.220860865989508, -2.627892549086046 ], [ -80.229956679245447, -2.636545135869011 ], [ -80.234510304997656, -2.639317460094332 ], [ -80.239780974992811, -2.63927475102962 ], [ -80.243437450575826, -2.644563257058536 ], [ -80.247914027826113, -2.644986458464568 ], [ -80.248761270293087, -2.646394662239047 ], [ -80.252201752254237, -2.645341139265766 ], [ -80.254894935612029, -2.641040539099216 ], [ -80.247972159604799, -2.634465330708667 ], [ -80.244288172217878, -2.634828743188007 ], [ -80.241507644766727, -2.632859847933711 ], [ -80.243092469658947, -2.628027764878769 ], [ -80.247373110871067, -2.626132455944663 ], [ -80.250265920546198, -2.619294861272603 ], [ -80.256080862704025, -2.617666301772166 ], [ -80.262381383798768, -2.611988421754134 ], [ -80.274088597789003, -2.6135068162816 ], [ -80.27984436163085, -2.611492540934628 ], [ -80.284667914956259, -2.60425660594574 ], [ -80.278395755471649, -2.600762761961267 ], [ -80.278196791212636, -2.592015752095153 ], [ -80.284045854079892, -2.581903829821222 ], [ -80.287909905172242, -2.579708739828851 ], [ -80.288318544303408, -2.576795954904209 ], [ -80.290205289369382, -2.576559182132196 ], [ -80.29143217155351, -2.573856815386521 ], [ -80.291079934045769, -2.580683905394107 ], [ -80.285084680247493, -2.581761754708633 ], [ -80.279839171165136, -2.590326655685401 ], [ -80.279175033200843, -2.598491947754961 ], [ -80.284768732880593, -2.601731558694029 ], [ -80.284686767000807, -2.60735616420231 ], [ -80.287848861953734, -2.603658821888533 ], [ -80.29318665496524, -2.602779908180117 ], [ -80.296293737090181, -2.599767677219037 ], [ -80.294525693609216, -2.604051403918644 ], [ -80.29728018069693, -2.607027302063535 ], [ -80.292433175952695, -2.603661052794945 ], [ -80.288640518467545, -2.604321645000608 ], [ -80.279979675760401, -2.616188296128409 ], [ -80.276142196834158, -2.618088520706353 ], [ -80.266891298427581, -2.618525036513617 ], [ -80.252580884423267, -2.628480297966302 ], [ -80.257341777562687, -2.634657145337767 ], [ -80.258495094013256, -2.639793953132675 ], [ -80.264686449139731, -2.63641930384305 ], [ -80.274325145762873, -2.636971832547486 ], [ -80.274802024516276, -2.638780650637972 ], [ -80.272934631856472, -2.6410085679171 ], [ -80.273534192629938, -2.645319849446957 ], [ -80.27704243810625, -2.64716572607856 ], [ -80.279841641532158, -2.654665498228295 ], [ -80.282816550037751, -2.656401957809421 ], [ -80.278387308613048, -2.654863575039098 ], [ -80.276064945312982, -2.647705490491808 ], [ -80.272566831036443, -2.646383307080481 ], [ -80.27187248362749, -2.640642020068148 ], [ -80.273688575298024, -2.637842529324385 ], [ -80.264319613110302, -2.637655081757349 ], [ -80.257626754611834, -2.643303660224495 ], [ -80.255250999942859, -2.653516469937139 ], [ -80.256050225661269, -2.657770963156288 ], [ -80.252448379325614, -2.666656466447712 ], [ -80.251695026975511, -2.68221648269896 ], [ -80.24946146483623, -2.685207521498571 ], [ -80.249533853776768, -2.6884992273871 ], [ -80.244547200531741, -2.692386296992692 ], [ -80.244693826247371, -2.695902392751981 ], [ -80.238018466032315, -2.705667511935359 ], [ -80.238300811916005, -2.721405052671905 ], [ -80.243309971552165, -2.735330285235971 ], [ -80.247136619491044, -2.739239323312998 ], [ -80.254618890511736, -2.741090992277591 ], [ -80.26155174831139, -2.737733438379663 ], [ -80.272726671868213, -2.735909505781678 ], [ -80.304676905153102, -2.720050079870944 ], [ -80.31201623444916, -2.71294828387874 ], [ -80.329566667765704, -2.701245336626549 ], [ -80.359811474636516, -2.676964526011637 ], [ -80.391747153417171, -2.636996460703568 ], [ -80.396978542779891, -2.636098612669096 ], [ -80.409838527044997, -2.644109828871532 ], [ -80.436741326174399, -2.639713515393996 ], [ -80.443576352948057, -2.631017470434095 ], [ -80.451974920829898, -2.627229940339859 ], [ -80.462240586724135, -2.612446772980106 ], [ -80.505213153935046, -2.561072303594142 ], [ -80.514485966742981, -2.555692607864154 ], [ -80.553919736774787, -2.516478215313214 ], [ -80.561944035966562, -2.505674172721754 ], [ -80.555825361733085, -2.500107911031205 ], [ -80.556046991385045, -2.497690210222644 ], [ -80.552365476161782, -2.493827494571393 ], [ -80.551385339626634, -2.49504432933228 ], [ -80.545344489141186, -2.490629209897511 ], [ -80.543507670642086, -2.491596953251671 ], [ -80.542767828953842, -2.48872432292002 ], [ -80.538545670761707, -2.489391965336408 ], [ -80.538184586645031, -2.491305066754449 ], [ -80.533046634648272, -2.491240389952003 ], [ -80.529746062597667, -2.488894915417746 ], [ -80.52202818773246, -2.488921014680446 ], [ -80.516533554262253, -2.491259252897898 ], [ -80.515047459609647, -2.494134239825608 ], [ -80.502757528257547, -2.494261215760165 ], [ -80.495200476981026, -2.500217008982552 ], [ -80.491093394773387, -2.50027023195755 ], [ -80.48825712596053, -2.497377849480547 ], [ -80.482558127559798, -2.496871398967081 ], [ -80.479038504022114, -2.492975446881032 ], [ -80.477092561775564, -2.493328620883442 ], [ -80.47477041676612, -2.491040385989329 ], [ -80.459675775315418, -2.491510035459308 ], [ -80.458883943630113, -2.48896417570344 ], [ -80.467604878239882, -2.476929111518197 ], [ -80.464836940677429, -2.472287448203641 ], [ -80.458018100646896, -2.47062555363837 ], [ -80.456821265312385, -2.464199338931029 ], [ -80.452253899827895, -2.455074790036269 ], [ -80.460317760824779, -2.430430024409704 ], [ -80.460981125339586, -2.413945517776683 ], [ -80.453046311824849, -2.407296348881747 ], [ -80.445718533965035, -2.396720314596626 ], [ -80.445688229298938, -2.383961356980114 ], [ -80.447660848814493, -2.375666402511624 ], [ -80.43090804580838, -2.375655973059587 ], [ -80.427348837109378, -2.381048368029521 ], [ -80.417246321440416, -2.382482920247418 ], [ -80.408143729497354, -2.378514275439933 ], [ -80.407365686951678, -2.375360175994631 ], [ -80.40347775863907, -2.374688134822705 ], [ -80.381644915327627, -2.379541560499864 ], [ -80.379942650085042, -2.377860921725804 ], [ -80.379437108785851, -2.371151634343598 ], [ -80.38233612761627, -2.368047427163483 ], [ -80.381927126464021, -2.366581257254521 ], [ -80.376546887157033, -2.363875096515595 ], [ -80.375468648304661, -2.36020461401594 ], [ -80.372214514662673, -2.358349435793688 ], [ -80.374696660404013, -2.35506482255157 ], [ -80.374155458682992, -2.346644691827263 ], [ -80.368188142490041, -2.342876024278052 ], [ -80.360385944565763, -2.342501930170442 ], [ -80.35389294774329, -2.348616368363013 ], [ -80.343977342738867, -2.346528680145247 ], [ -80.33848156481497, -2.348387179813793 ], [ -80.32892741672805, -2.346763022799537 ], [ -80.322116941809455, -2.350375794429435 ], [ -80.325417062007475, -2.34211087108961 ], [ -80.321582977814685, -2.340075312786912 ], [ -80.312845286929914, -2.341557101287318 ], [ -80.309826793065042, -2.339060928920015 ], [ -80.300308571301272, -2.342755611525132 ], [ -80.292125867683879, -2.336630404750255 ], [ -80.284444829135239, -2.336879834488994 ], [ -80.282723519608609, -2.334751050615225 ], [ -80.281233646641908, -2.322017064984595 ], [ -80.278968332650592, -2.320678429568737 ], [ -80.284354488262053, -2.31795208422354 ], [ -80.284664078251666, -2.313891988102989 ], [ -80.2875316183179, -2.310844696509041 ], [ -80.286962768249055, -2.306736643501776 ], [ -80.288845441251851, -2.304437868376291 ], [ -80.281735421305115, -2.3006202260025 ], [ -80.283281129058309, -2.296489762002873 ], [ -80.281006403417749, -2.297084453677958 ], [ -80.279679296197401, -2.294381895141369 ], [ -80.282626133248655, -2.293831521119089 ], [ -80.280419369650943, -2.2857824942043 ], [ -80.28223624644906, -2.285544980112365 ], [ -80.283111161518349, -2.288484404748444 ], [ -80.285220494738681, -2.284588797223055 ], [ -80.280976311652367, -2.282489653710892 ], [ -80.284657573550703, -2.279015878191334 ], [ -80.284635084227574, -2.274443130400588 ], [ -80.269072713364608, -2.268489694507624 ], [ -80.264844607426966, -2.264794499684969 ], [ -80.261852046127714, -2.248207545458178 ], [ -80.25999883966287, -2.245317768382188 ], [ -80.255106477183332, -2.243298834681399 ], [ -80.256662762598978, -2.240029616651011 ], [ -80.255396156014683, -2.238328938443606 ], [ -80.251117267415708, -2.240903386254964 ], [ -80.247703707963609, -2.240484489097011 ], [ -80.247392341106348, -2.245695599591512 ], [ -80.244154321443915, -2.246113699063578 ], [ -80.240386701802379, -2.250247613179584 ], [ -80.235183060500447, -2.252388476427857 ], [ -80.232104693023572, -2.242866819389025 ], [ -80.23337206587081, -2.233388779194109 ], [ -80.230614980855322, -2.231241339014885 ], [ -80.227791127657994, -2.23337562079333 ], [ -80.222679066006037, -2.231250308175898 ], [ -80.218232457451933, -2.232592854167136 ], [ -80.216112600468051, -2.231661825828383 ], [ -80.208247183605636, -2.225007464447967 ], [ -80.206819951062016, -2.222301334692347 ], [ -80.207388167818578, -2.218688778564854 ], [ -80.203219331825053, -2.218365737871836 ], [ -80.200214073737584, -2.209598687069235 ], [ -80.198285595638453, -2.208548166400587 ], [ -80.20178737683797, -2.209258341340378 ], [ -80.212999882313028, -2.202004247845053 ], [ -80.214745708660388, -2.2022424846519 ], [ -80.219573996107343, -2.194877252297043 ], [ -80.222655768199147, -2.19431135982813 ], [ -80.22246931208214, -2.192824424194034 ], [ -80.228263041422849, -2.192310999943797 ], [ -80.231721553470067, -2.19464641459364 ], [ -80.238724006449715, -2.191706128393202 ], [ -80.236332185411911, -2.188228663175857 ], [ -80.239669718644862, -2.181492239549876 ], [ -80.238680900790825, -2.180293000038113 ], [ -80.239695138272467, -2.179025521717639 ], [ -80.238568473938059, -2.179080925644526 ], [ -80.241318040054637, -2.169654095035976 ], [ -80.2400201568271, -2.169373705587558 ], [ -80.242396924795699, -2.165284864933892 ], [ -80.240838728663434, -2.164628017962593 ], [ -80.24939263681749, -2.157399423041215 ], [ -80.250727253055302, -2.152953597138663 ], [ -80.249286007691566, -2.15312048413698 ], [ -80.249437848127414, -2.151162949278865 ], [ -80.25169085070776, -2.149236885584838 ], [ -80.247954177129429, -2.147050205475027 ], [ -80.247554809510305, -2.14396730377068 ], [ -80.246703083551765, -2.144704046529122 ], [ -80.245609093639217, -2.143079047263527 ], [ -80.24749356057761, -2.141216845687633 ], [ -80.245268799233173, -2.136869788697139 ], [ -80.245474016664872, -2.13200761760401 ], [ -80.242993364821857, -2.129679104087719 ], [ -80.245666668462405, -2.127829245749057 ], [ -80.246588526793474, -2.122787869042454 ], [ -80.246553311037715, -2.118234865955042 ], [ -80.244756661604868, -2.115391886848278 ], [ -80.247880426342917, -2.114102570117611 ], [ -80.249122419986747, -2.110640557034238 ], [ -80.254181281610954, -2.109977929689579 ], [ -80.256515422722714, -2.107282208925401 ], [ -80.258508334282226, -2.099386398366492 ], [ -80.257313102440492, -2.096345660640611 ], [ -80.262366708021986, -2.09312297154759 ], [ -80.262088203334429, -2.088345935113217 ], [ -80.264609927948882, -2.084088445700702 ], [ -80.263970674216282, -2.080974700659038 ], [ -80.276471880340054, -2.082372309985018 ], [ -80.283414554929138, -2.091892165739372 ], [ -80.287144870231884, -2.092200272825373 ], [ -80.293922145214239, -2.088804506787768 ], [ -80.303099264986514, -2.081359910794135 ], [ -80.31060239129485, -2.071808157989087 ], [ -80.309690695604559, -2.067451517235421 ], [ -80.303029393125399, -2.067084766443962 ], [ -80.302745952195366, -2.062460320687345 ], [ -80.312202118339314, -2.0558747650759 ], [ -80.314433039431663, -2.051525395489986 ], [ -80.319780442620072, -2.048182716432249 ], [ -80.324348965134647, -2.041305206473523 ], [ -80.330122563229807, -2.039962387340109 ], [ -80.332235385506706, -2.037369889701449 ], [ -80.333474599763051, -2.030314578769998 ], [ -80.338073599420269, -2.030515340196823 ], [ -80.341115777367591, -2.025412296898369 ], [ -80.34284733667161, -2.025481165406505 ], [ -80.34441402367996, -2.01574794744342 ], [ -80.342764198490386, -2.001211080529073 ], [ -80.345049341893272, -2.000008421912336 ], [ -80.345469016827721, -1.997595888457858 ], [ -80.350865377300792, -1.997692798169552 ], [ -80.36356703080213, -1.993955121697949 ], [ -80.36825159319352, -1.995364828612452 ], [ -80.369533221405987, -1.990716586998154 ], [ -80.375965769694673, -1.985800540142366 ], [ -80.384242071476464, -1.985202589033655 ], [ -80.392281775877038, -1.981266999576524 ], [ -80.395403281352174, -1.983577543428544 ], [ -80.399455355223381, -1.982245767916351 ], [ -80.403485264961589, -1.984327689811746 ], [ -80.406456407729536, -1.982708518402888 ], [ -80.413280864027229, -1.982702561649338 ], [ -80.415492938464908, -1.981366147510945 ], [ -80.414406649809251, -1.976821821438937 ], [ -80.417667952905546, -1.975632809279933 ], [ -80.418859128853754, -1.97196116786806 ], [ -80.417747153770875, -1.969918842503924 ], [ -80.420482128552294, -1.967297005672082 ], [ -80.4252013209979, -1.965397373326297 ], [ -80.42721425331014, -1.962579752290568 ], [ -80.430079941948563, -1.962627501162686 ], [ -80.431371347424587, -1.96024338938031 ], [ -80.434892495403318, -1.959485230138223 ], [ -80.434931878443692, -1.956220688350887 ], [ -80.441821591956895, -1.956558952904675 ], [ -80.442086227554739, -1.951542774742515 ], [ -80.439152187903005, -1.948296868330671 ], [ -80.440304781209747, -1.941919791675611 ], [ -80.435310759084444, -1.93547299093432 ], [ -80.436439891989238, -1.931262208012934 ], [ -80.428697280216056, -1.925097587458648 ], [ -80.431635878817886, -1.920997452859663 ], [ -80.431109336703983, -1.916395528076531 ], [ -80.43369955067233, -1.912846492669509 ], [ -80.431826054858476, -1.907974309314721 ], [ -80.433546842463912, -1.906862290464876 ], [ -80.431787511742897, -1.904557305043447 ], [ -80.431749701652578, -1.898868065144872 ], [ -80.429331232990165, -1.895236609293341 ], [ -80.425227523956423, -1.892691128588834 ], [ -80.424476939315724, -1.893863022611161 ], [ -80.420575017945936, -1.890712480539516 ], [ -80.42143847949535, -1.888861141235197 ], [ -80.419812192861173, -1.888086973417594 ], [ -80.419686702707565, -1.884728835561567 ], [ -80.417840460881123, -1.885723375170706 ], [ -80.416998569678313, -1.881584075127938 ], [ -80.420240815914141, -1.878928276642137 ], [ -80.422657150179461, -1.882657344586522 ], [ -80.424848576840333, -1.879063566496669 ], [ -80.432401923464624, -1.884822545595549 ], [ -80.442342799874609, -1.883927845037877 ], [ -80.443586672794027, -1.885414190737832 ], [ -80.444433773327177, -1.882324072611537 ], [ -80.446759932907639, -1.88174875706526 ], [ -80.44255262296879, -1.880708666406542 ], [ -80.436233599274146, -1.882947034023277 ], [ -80.434804047280451, -1.882048579570222 ], [ -80.43690280463494, -1.875033986663187 ], [ -80.434774266332141, -1.863989167853534 ], [ -80.441017873763769, -1.859309248130641 ], [ -80.437174460566737, -1.856751649024732 ], [ -80.429401613297742, -1.856574275517406 ], [ -80.429024577796582, -1.855044360827536 ], [ -80.425349524155166, -1.854361055242967 ], [ -80.425812979383281, -1.852578017984135 ], [ -80.43188679714136, -1.851265613921581 ], [ -80.431837239782084, -1.845316549034396 ], [ -80.427937171636714, -1.840770972231784 ], [ -80.429078580918187, -1.834326395582503 ], [ -80.418360517158661, -1.835722820766164 ], [ -80.416706794179092, -1.837652045442431 ], [ -80.411409517881836, -1.836296760537218 ], [ -80.409701577981608, -1.837648069748089 ], [ -80.408391305189667, -1.836214163357707 ], [ -80.410687977570916, -1.832811494557758 ], [ -80.407491481634182, -1.831101437749168 ], [ -80.410451112491756, -1.829081143503107 ], [ -80.4100495916109, -1.823239624088678 ], [ -80.41263028164056, -1.818608974432319 ], [ -80.41644203551202, -1.816209643685734 ], [ -80.41929218060109, -1.811164016269202 ], [ -80.426111805759177, -1.808928377574384 ], [ -80.42531983034344, -1.806051101068198 ], [ -80.426634424031917, -1.803993548610968 ], [ -80.42541941218596, -1.801226492380627 ], [ -80.421012412149352, -1.797979122922817 ], [ -80.419135751570764, -1.78586453475357 ], [ -80.412183084122461, -1.783492701566487 ], [ -80.412387161592079, -1.781211677929282 ], [ -80.409324627820396, -1.777430212258066 ], [ -80.40531570003229, -1.77449770229052 ], [ -80.403601121582113, -1.776043242787678 ], [ -80.399892673069999, -1.771954682460011 ], [ -80.395743397891792, -1.772223417841883 ], [ -80.392225256574307, -1.77605870344773 ], [ -80.392920853539849, -1.772105882818161 ], [ -80.39017958785648, -1.771690107842182 ], [ -80.389714786053759, -1.768102439828729 ], [ -80.387716998438904, -1.767476238552084 ], [ -80.388913233698787, -1.764159211449339 ], [ -80.387357760360146, -1.762730109329157 ], [ -80.386480872590496, -1.756848542228063 ], [ -80.363607451396632, -1.739525060230253 ], [ -80.35379368659936, -1.722962353317326 ], [ -80.337963902547656, -1.722689429322901 ], [ -80.33299507187786, -1.724014619041696 ], [ -80.33387083765173, -1.715475943890732 ], [ -80.336392586520674, -1.712872963331263 ], [ -80.336367766069372, -1.709999432006728 ], [ -80.334382324001467, -1.708238060021529 ], [ -80.334864007843336, -1.706112321593532 ], [ -80.330086286563699, -1.703936107944618 ], [ -80.324379366818803, -1.693488996911831 ], [ -80.326146038572318, -1.687713777947855 ], [ -80.324898947887561, -1.683337447106253 ], [ -80.323559400797137, -1.682774432943397 ], [ -80.320553804044806, -1.684517539133698 ], [ -80.321010891115876, -1.685939813785833 ], [ -80.318974330416708, -1.685750150168054 ], [ -80.316467037237317, -1.690314477613619 ], [ -80.312856779975675, -1.689717294946484 ], [ -80.311851160930857, -1.693383334726985 ], [ -80.305465696939464, -1.697296694583443 ], [ -80.297863734390319, -1.706647610279804 ], [ -80.290218311347743, -1.709981970249081 ], [ -80.282169384842462, -1.706565092621881 ], [ -80.280139327945946, -1.703120321372677 ], [ -80.282900541618517, -1.702852301676782 ], [ -80.292014225060385, -1.696801007920736 ], [ -80.295046693117825, -1.693142971507724 ], [ -80.28170677403071, -1.690567618645843 ], [ -80.253235931436876, -1.689180994099762 ], [ -80.247327103653774, -1.686483367178217 ], [ -80.241656667187513, -1.689847570342601 ], [ -80.239927064414204, -1.693625129205454 ], [ -80.2373585806926, -1.692714593009878 ], [ -80.234277736560486, -1.68771551722973 ], [ -80.221875289422428, -1.690134941214879 ], [ -80.218591497901315, -1.693640103864921 ], [ -80.215118965847452, -1.693303604553029 ], [ -80.212453995877809, -1.69579177365074 ], [ -80.211265057632971, -1.694965538108931 ], [ -80.212876345096831, -1.692344578544745 ], [ -80.210275903809006, -1.688829080232774 ], [ -80.210819699864558, -1.683859945726031 ], [ -80.208164506260161, -1.673427768931699 ], [ -80.209399567604947, -1.670055049323296 ], [ -80.216430222294633, -1.666462713197452 ], [ -80.21981688978039, -1.661947354840007 ], [ -80.220838529379975, -1.654594895941305 ], [ -80.222905427084598, -1.653542958987206 ], [ -80.222361273499544, -1.651518629407668 ], [ -80.225085031018011, -1.648581903019223 ], [ -80.221636018654905, -1.645912899005657 ], [ -80.222174643109383, -1.642464599077412 ], [ -80.219099362243824, -1.637386282095387 ], [ -80.224196804712861, -1.632609802861285 ], [ -80.225517762965112, -1.627767781480624 ], [ -80.229695166191505, -1.627089567506956 ], [ -80.230709267129214, -1.625039151656216 ], [ -80.229888134196003, -1.62296537252872 ], [ -80.227522955392857, -1.624969946340437 ], [ -80.225096874406731, -1.624279745532228 ], [ -80.223318239788568, -1.616906751178416 ], [ -80.254140846643395, -1.616833736448387 ], [ -80.261883722521262, -1.602702396078254 ], [ -80.279930787646023, -1.577423831749033 ], [ -80.280265446021957, -1.572445824051079 ], [ -80.284150680287041, -1.569187144680699 ], [ -80.270432002730047, -1.569415457473316 ], [ -80.265039629878501, -1.566259820141495 ], [ -80.257600488771246, -1.567651485207714 ], [ -80.252110840052552, -1.565467473271668 ], [ -80.242170226848913, -1.56737266628211 ], [ -80.235235271483077, -1.572514750968744 ], [ -80.235742376749172, -1.574455993992786 ], [ -80.221732091677922, -1.574274948525933 ], [ -80.192685548462919, -1.553564900568195 ], [ -80.187189018649121, -1.547674760399814 ], [ -80.184511754336498, -1.540022523033043 ], [ -80.180648045502281, -1.534903233826025 ], [ -80.174870678974486, -1.53084907013858 ], [ -80.177284256310173, -1.525653667237522 ], [ -80.180633743424636, -1.524711160084765 ], [ -80.183785452056256, -1.52119528434269 ], [ -80.187535332665874, -1.522316363580372 ], [ -80.191383387457975, -1.52074532588638 ], [ -80.194013738153203, -1.519150723540867 ], [ -80.195964171077861, -1.51463400382184 ], [ -80.197703063329541, -1.514349470257699 ], [ -80.206044275577128, -1.498174594765876 ], [ -80.20689774516562, -1.487514529937869 ], [ -80.204140467012337, -1.482186827842565 ], [ -80.197022165497003, -1.478367001293609 ], [ -80.195754608495122, -1.474740893954279 ], [ -80.195065620435159, -1.468960103841636 ], [ -80.197910960435735, -1.463955905698224 ], [ -80.194803035691081, -1.45498109382539 ], [ -80.198086918840332, -1.448387992691002 ], [ -80.195384598717794, -1.444349266791014 ], [ -80.197532629563938, -1.443527086170881 ], [ -80.198034895605588, -1.441332846216096 ], [ -80.192456832900007, -1.434888470126763 ], [ -80.194800751275309, -1.42661604988838 ], [ -80.196932894517317, -1.425311035859777 ], [ -80.196307869200524, -1.422887978959903 ], [ -80.191600105121964, -1.422270457216662 ], [ -80.190494097547514, -1.420262969341569 ], [ -80.184547592624767, -1.420510463573835 ], [ -80.181705549441261, -1.41639852066172 ], [ -80.178273079554117, -1.417458521092517 ], [ -80.175879587649874, -1.421176646029134 ], [ -80.170250626400275, -1.421221817388115 ], [ -80.17172111911303, -1.411609113210357 ], [ -80.170988093841203, -1.408914212243796 ], [ -80.167639708061273, -1.406124739556401 ], [ -80.160865675098805, -1.40773851019499 ], [ -80.156618485351245, -1.406220015818916 ], [ -80.14541197074081, -1.406127273838732 ], [ -80.142093599471167, -1.380298541456688 ], [ -80.15267942313605, -1.364946798835665 ], [ -80.144678595126024, -1.333360646176972 ], [ -80.137469585326556, -1.324112327803937 ], [ -80.133518767757522, -1.325423995331121 ], [ -80.127112162814242, -1.323451593879275 ], [ -80.122416850283841, -1.324600101249384 ], [ -80.10966132211999, -1.322691991500137 ], [ -80.106902897716381, -1.326111502132397 ], [ -80.101992401844498, -1.328567756729868 ], [ -80.099153835141152, -1.326399308109949 ], [ -80.091296555218591, -1.324511575277844 ], [ -80.08679762878235, -1.319563902177111 ], [ -80.081349457076939, -1.318474510223036 ], [ -80.083550579254677, -1.315226064085505 ], [ -80.080262270106019, -1.309699841660477 ], [ -80.080587581511438, -1.306115862551155 ], [ -80.076239668162657, -1.30295683598068 ], [ -80.072892474447102, -1.303188539591268 ], [ -80.069666016102374, -1.297204450558508 ], [ -80.062789646164418, -1.294036192186548 ], [ -80.061112725989275, -1.290629823551651 ], [ -80.053696301478908, -1.289240772066751 ], [ -80.049821916167517, -1.285877948943518 ], [ -80.047423852736785, -1.287324155719888 ], [ -80.040406814710167, -1.274989631404321 ], [ -80.036067982430595, -1.274803994701883 ], [ -80.034760679468974, -1.273302309222088 ], [ -80.030762297902299, -1.27864934021004 ], [ -80.02553424937409, -1.277031909961494 ], [ -80.026413832987913, -1.275419753193724 ], [ -80.02998083547034, -1.275531459760845 ], [ -80.035475238971813, -1.270495390213363 ], [ -80.035473341729954, -1.265424906579733 ], [ -80.038875321898033, -1.262628458027074 ], [ -80.037540557438177, -1.253655323855409 ], [ -80.033013764363503, -1.251214952609697 ], [ -80.029712209555981, -1.247127994012319 ], [ -80.024799582880249, -1.246474568686994 ], [ -80.021344622771636, -1.243152922930731 ], [ -80.017831160778485, -1.24397451718122 ], [ -80.01388917005545, -1.242651984807341 ], [ -80.006290227642282, -1.236797668446296 ], [ -80.004973740305203, -1.233730616719573 ], [ -79.998839290757033, -1.233012096864323 ], [ -80.001864820227212, -1.227070317556281 ], [ -79.998585710725379, -1.212550984751708 ], [ -80.001848507719956, -1.207906446437092 ], [ -80.002696617959487, -1.198741704927143 ], [ -79.998683730397602, -1.1946648924206 ], [ -79.987232083512424, -1.192293847369407 ], [ -79.982276617079123, -1.185783518345233 ], [ -79.982366064128598, -1.182453849600251 ], [ -79.988139966752655, -1.169838529009517 ], [ -79.995146620254587, -1.160245850371375 ], [ -79.996802227001325, -1.155565551491714 ], [ -79.993326756558162, -1.143089210538281 ], [ -79.984606810993526, -1.130673643729914 ], [ -79.98174035788881, -1.135274044409705 ], [ -79.982527085346646, -1.139335156436302 ], [ -79.980766475424673, -1.139029738413562 ], [ -79.980112205453779, -1.140624252268132 ], [ -79.978262303890872, -1.139957601709872 ], [ -79.979229665484368, -1.13891038308528 ], [ -79.977213766036741, -1.139292070076845 ], [ -79.972729322239502, -1.142768709607883 ], [ -79.972557646103866, -1.139553525133947 ], [ -79.96894573414545, -1.139015641242966 ], [ -79.968026651608596, -1.141518416950273 ], [ -79.966571671902486, -1.137998808982593 ], [ -79.966230031820146, -1.141404292475302 ], [ -79.96434705967836, -1.142265983882059 ], [ -79.963168362227776, -1.139196688749901 ], [ -79.962990704210668, -1.140416883139802 ], [ -79.959335830323809, -1.140420537660665 ], [ -79.959504750428138, -1.139264746033561 ], [ -79.955112984022136, -1.138453461721721 ], [ -79.954772141643772, -1.14061207711908 ], [ -79.953072770773034, -1.139996130909821 ], [ -79.948930432385424, -1.144035302893609 ], [ -79.94699409672252, -1.142882401126842 ], [ -79.944902962471545, -1.145298848245352 ], [ -79.946382797663261, -1.148076260072097 ], [ -79.948486943112812, -1.147690023398184 ], [ -79.946830687782438, -1.149096242113159 ], [ -79.947758234245924, -1.150289546641555 ], [ -79.945104155450792, -1.149766569305068 ], [ -79.945950433127123, -1.153472087183141 ], [ -79.943364045083584, -1.155565128471265 ], [ -79.940307332394937, -1.155588339809801 ], [ -79.936777850745329, -1.153847011985467 ], [ -79.938039136608197, -1.151719440679538 ], [ -79.932941988786609, -1.150003181909404 ], [ -79.927684193446083, -1.146539338801723 ], [ -79.927598122265451, -1.145030229280917 ], [ -79.925296981663976, -1.146423598780734 ], [ -79.920876044265739, -1.143240232188804 ], [ -79.916585868335218, -1.14510416113321 ], [ -79.91269388862068, -1.139111731206573 ], [ -79.908671769072626, -1.139197069560279 ], [ -79.903099044156434, -1.126111755264955 ], [ -79.887109910651446, -1.116296832810709 ], [ -79.881535274120353, -1.108530570831514 ], [ -79.874689024693879, -1.103855439050272 ], [ -79.861423778963086, -1.09983785790191 ], [ -79.854264852037332, -1.089234227086575 ], [ -79.85084117845345, -1.089403114866282 ], [ -79.844116224946518, -1.082595223997527 ], [ -79.842893941238344, -1.076796228147732 ], [ -79.83503654094153, -1.060371097755234 ], [ -79.836631002960118, -1.056518594394748 ], [ -79.8333555621779, -1.050079914493298 ], [ -79.828472233156859, -1.048628510991432 ], [ -79.81656297727946, -1.050610877817495 ], [ -79.812741196412787, -1.046143375922699 ], [ -79.812089531556225, -1.03257919312782 ], [ -79.809451540689508, -1.030703155597327 ], [ -79.80363573974229, -1.030793079471901 ], [ -79.799889096660948, -1.020508492909683 ], [ -79.80049436173644, -1.015309851991615 ], [ -79.804348584361264, -1.009571837391983 ], [ -79.79669329242698, -1.002701692172353 ], [ -79.801013155881023, -0.992605868006065 ], [ -79.796904037192633, -0.982907214758953 ], [ -79.789371532381253, -0.977387482529122 ], [ -79.787013227486668, -0.977493554534059 ], [ -79.781521488388307, -0.982057068176029 ], [ -79.77333595777273, -0.978638585159265 ], [ -79.774576611130144, -0.963456619860283 ], [ -79.771249157892996, -0.947427084030755 ], [ -79.764225190262266, -0.942143363981621 ], [ -79.762666345546378, -0.938115789522682 ], [ -79.753701601880266, -0.93056961152992 ], [ -79.753291885669086, -0.923458306324565 ], [ -79.743994825535012, -0.92120306363262 ], [ -79.747011607210951, -0.915010575826459 ], [ -79.743979830856276, -0.909658401153727 ], [ -79.739463987346596, -0.905818168498724 ], [ -79.736793941895613, -0.899413132778054 ], [ -79.737585584036367, -0.892645538348792 ], [ -79.732765421851141, -0.888824375597213 ], [ -79.73128899935918, -0.884690408797973 ], [ -79.723339877478608, -0.881892473933515 ], [ -79.716803176719253, -0.886722456087878 ], [ -79.715337397466783, -0.879408489932981 ], [ -79.712690131494753, -0.87870303255246 ], [ -79.710170390360474, -0.883350599888407 ], [ -79.704685264659219, -0.883295066349604 ], [ -79.700081595559155, -0.886272427053133 ], [ -79.698794351079513, -0.890736594450041 ], [ -79.70408736217577, -0.89631351629139 ], [ -79.703834923902846, -0.90021137610583 ], [ -79.706025344450609, -0.901896903894584 ], [ -79.704008447873022, -0.904385051159408 ], [ -79.701270303835273, -0.902546126581437 ], [ -79.699641687869587, -0.904169059288312 ], [ -79.696547327685707, -0.898554652068346 ], [ -79.689070112383448, -0.89541983597384 ], [ -79.689988189705488, -0.902274062426535 ], [ -79.684624439873858, -0.903214076698905 ], [ -79.680814598515639, -0.898778706558415 ], [ -79.676615006003402, -0.899221369682497 ], [ -79.67926470101996, -0.893004059158374 ], [ -79.670874109279524, -0.891308613769273 ], [ -79.669915155917096, -0.892456994968656 ], [ -79.671245334477433, -0.895635479859256 ], [ -79.667547522018282, -0.897073829091686 ], [ -79.662585046929124, -0.903458704256119 ], [ -79.657648449608345, -0.901473459070254 ], [ -79.652925733970207, -0.897145016342568 ], [ -79.651474362796577, -0.892557446768292 ], [ -79.648531286093075, -0.889684676553199 ], [ -79.648540193787412, -0.886123737728263 ], [ -79.644083940022099, -0.881267071699672 ], [ -79.636971040974899, -0.880996423345979 ], [ -79.634043579685979, -0.877112830183886 ], [ -79.629053043023958, -0.877248843431022 ], [ -79.62836038265111, -0.873548472421511 ], [ -79.623502500207096, -0.875778654821807 ], [ -79.624309411911071, -0.869405535333751 ], [ -79.627452520970465, -0.865861116887687 ], [ -79.62447863384935, -0.862728011340592 ], [ -79.626374560595806, -0.857942561508663 ], [ -79.622037272520217, -0.860958197195497 ], [ -79.618835158519687, -0.859341222368324 ], [ -79.61533541290261, -0.86038140103299 ], [ -79.614621158826935, -0.857961308145038 ], [ -79.609227747522951, -0.857446259299656 ], [ -79.607054324896993, -0.853273390490138 ], [ -79.600707095000729, -0.859036968447562 ], [ -79.600076053666456, -0.855763598315155 ], [ -79.595125530662145, -0.855051474465189 ], [ -79.593960217210977, -0.851357411557488 ], [ -79.588908750518186, -0.848845767636628 ], [ -79.588720101613589, -0.850171625081359 ], [ -79.583818935644246, -0.848360912027538 ], [ -79.581409698967988, -0.850235222394312 ], [ -79.580150208837367, -0.846806339133476 ], [ -79.577393551419931, -0.846776915335171 ], [ -79.576547695053463, -0.844257380294529 ], [ -79.57008311553669, -0.84702994310673 ], [ -79.56365738007112, -0.846563475573479 ], [ -79.559462148879604, -0.844080576004126 ], [ -79.559557065770832, -0.841845524729589 ], [ -79.551071962279337, -0.842621756840596 ], [ -79.548565277259399, -0.839558014397213 ], [ -79.544775824064857, -0.842831313821958 ], [ -79.543621130496987, -0.84828214110683 ], [ -79.542420515051745, -0.849374410345121 ], [ -79.542329772631646, -0.845361862832169 ], [ -79.540870244755254, -0.844292436835498 ], [ -79.541508211202029, -0.838623264878711 ], [ -79.53770100819581, -0.836515554661735 ], [ -79.533072188962748, -0.83651547651665 ] ] ], [ [ [ -80.014039810342069, -2.678279260142427 ], [ -79.979317260207722, -2.694497061526523 ], [ -79.973490762122097, -2.702338915354162 ], [ -79.96140213064875, -2.712564892628679 ], [ -79.944531431846443, -2.71938329369457 ], [ -79.939940986845684, -2.719814974750282 ], [ -79.927349721919725, -2.72805885381079 ], [ -79.919312108797129, -2.730018829278695 ], [ -79.910755701529965, -2.736409966335293 ], [ -79.903282272626626, -2.737323859531357 ], [ -79.901376365597343, -2.74098421147558 ], [ -79.904087597007475, -2.757590196588318 ], [ -79.910322089233901, -2.772422683310747 ], [ -79.913306749850221, -2.776320020424283 ], [ -79.919713193096769, -2.778901594171938 ], [ -79.927662737185528, -2.785719081414075 ], [ -79.93263155168566, -2.791944886048595 ], [ -79.951326683914246, -2.793662963158388 ], [ -79.959650838052909, -2.79193410291031 ], [ -79.972379927001313, -2.793673678089962 ], [ -79.985598251029884, -2.803218636110203 ], [ -79.994708650231075, -2.806370867811845 ], [ -80.002195246639857, -2.814504632436792 ], [ -80.00978704115829, -2.835033917766633 ], [ -80.01536409505583, -2.841739907372212 ], [ -80.019801274892714, -2.843438314148379 ], [ -80.022649273906552, -2.854732109542164 ], [ -80.027421046542344, -2.859163862291525 ], [ -80.050469119990382, -2.848668889799071 ], [ -80.054866862887977, -2.838053500841644 ], [ -80.065328473803547, -2.847633852756245 ], [ -80.070046522693801, -2.848856605751543 ], [ -80.079272099389144, -2.83785299693988 ], [ -80.085392643915043, -2.835822644671636 ], [ -80.086054580108566, -2.83079819451008 ], [ -80.0880332704388, -2.833541017869146 ], [ -80.093782366086302, -2.832619248183203 ], [ -80.100451005106365, -2.836226179701751 ], [ -80.10531659240057, -2.836689135316811 ], [ -80.113365168562879, -2.833952267066641 ], [ -80.115795835448537, -2.829457219037712 ], [ -80.115832792139329, -2.833758587582194 ], [ -80.119385004758897, -2.839798023463655 ], [ -80.124609073750378, -2.837613880510121 ], [ -80.120945589511507, -2.834381780750855 ], [ -80.126421170612872, -2.833165278591124 ], [ -80.130481746139935, -2.827628683849132 ], [ -80.132072127112181, -2.82753751985513 ], [ -80.131317170371005, -2.8312467958989 ], [ -80.136689301484239, -2.833040027951012 ], [ -80.133288050748163, -2.837895166876994 ], [ -80.135930439766511, -2.841896105448825 ], [ -80.140399492727994, -2.84278777083472 ], [ -80.141612761842296, -2.839032870843651 ], [ -80.144278975978608, -2.83845627515355 ], [ -80.143734197166125, -2.842414848213565 ], [ -80.146072778650336, -2.843654080402006 ], [ -80.147130526931079, -2.850744218706331 ], [ -80.150656351539183, -2.853069036873674 ], [ -80.152316836137913, -2.852890341179487 ], [ -80.15401077938769, -2.849269384610285 ], [ -80.158537529343249, -2.849335673684287 ], [ -80.156270499569743, -2.851356067437529 ], [ -80.15326052173377, -2.860491050095749 ], [ -80.14780720088514, -2.865844854580844 ], [ -80.147521361453315, -2.868411625020528 ], [ -80.153811356987887, -2.863125115802351 ], [ -80.159519236133505, -2.861873831047623 ], [ -80.161867082841539, -2.8582392304008 ], [ -80.167204759072064, -2.858558926139095 ], [ -80.159896450399415, -2.863886941753834 ], [ -80.154572212965547, -2.865713383676217 ], [ -80.150715972724583, -2.869632688897498 ], [ -80.151633998842669, -2.872338310221544 ], [ -80.156846530770963, -2.872845143436764 ], [ -80.157525273545119, -2.875525347098357 ], [ -80.153834396079972, -2.88159438367202 ], [ -80.153447297651013, -2.878974006678329 ], [ -80.150776053847423, -2.878794891559007 ], [ -80.148409955169427, -2.886895985721011 ], [ -80.151237234541242, -2.889368030961264 ], [ -80.156391765844887, -2.885902464198563 ], [ -80.155613022613295, -2.889144519056916 ], [ -80.150412588296945, -2.891154267465934 ], [ -80.143076628581539, -2.880986561501402 ], [ -80.137762023782457, -2.880410560199382 ], [ -80.13660995958341, -2.885198259757424 ], [ -80.131097320281626, -2.892329047029436 ], [ -80.13339419658044, -2.895021261828698 ], [ -80.128026287549048, -2.896091789163651 ], [ -80.116261146596045, -2.906649092107022 ], [ -80.118370531020346, -2.922137820497771 ], [ -80.115394295703069, -2.93172993237531 ], [ -80.108936739215196, -2.93813381102266 ], [ -80.095522426147824, -2.943442681907109 ], [ -80.09269313185483, -2.949327508173293 ], [ -80.092411620506041, -2.957076680823903 ], [ -80.094960175103068, -2.961148409163194 ], [ -80.096827822884421, -2.970868361897817 ], [ -80.105750983535984, -2.981149600035427 ], [ -80.116188993912417, -3.002874475476409 ], [ -80.121939987700102, -3.009182593033497 ], [ -80.120958351876752, -3.02069326686404 ], [ -80.123199504780189, -3.024266234531519 ], [ -80.129225155771039, -3.024712088794297 ], [ -80.135872422073888, -3.022752463682816 ], [ -80.15509306694706, -3.022309103354568 ], [ -80.162653817485918, -3.018450434339452 ], [ -80.163603614320635, -3.011901128332612 ], [ -80.161030070389046, -3.011800901794789 ], [ -80.160178744180811, -3.017466031651096 ], [ -80.155586454040446, -3.016217914396986 ], [ -80.155746894048519, -3.01936206327189 ], [ -80.152750952388857, -3.017886045930157 ], [ -80.145095119668753, -3.018240242084482 ], [ -80.144966769279264, -3.015751141431491 ], [ -80.148193603119779, -3.013493905172784 ], [ -80.151254925064137, -3.014642611126837 ], [ -80.152591328949384, -3.013693828654469 ], [ -80.148067278431256, -3.008384818010951 ], [ -80.152337555779923, -3.004752843868481 ], [ -80.150955648632277, -3.002997841263503 ], [ -80.152425401133257, -3.002998985042669 ], [ -80.152869972875791, -3.005210262311685 ], [ -80.149030079278063, -3.00859534947022 ], [ -80.157544560374262, -3.01160172702279 ], [ -80.163409160502681, -3.010492694615448 ], [ -80.165811430743886, -3.006706470342469 ], [ -80.172367377908216, -3.011056340493423 ], [ -80.17376965884651, -3.008994097482003 ], [ -80.172060392134597, -3.003014091001533 ], [ -80.173572198367282, -3.003015238369036 ], [ -80.174648570520489, -3.009977345223158 ], [ -80.171584323661563, -3.012660510509173 ], [ -80.172070101126181, -3.016394449848482 ], [ -80.177798195060646, -3.023603894166928 ], [ -80.171448965514557, -3.019243206209543 ], [ -80.17060008452053, -3.021731569547367 ], [ -80.174681050906216, -3.02930444565258 ], [ -80.178311145664296, -3.031805459529847 ], [ -80.202391681614444, -3.039126139777252 ], [ -80.223897750164895, -3.038373166742002 ], [ -80.233172498842237, -3.033479345023354 ], [ -80.247033684237579, -3.030510388768497 ], [ -80.252824954889334, -3.030906148705611 ], [ -80.250933553855262, -3.034610704078089 ], [ -80.254475896684795, -3.034448607911223 ], [ -80.257860003971984, -3.031184173170639 ], [ -80.260584474752804, -3.021719444799471 ], [ -80.263940460280025, -2.991810904160757 ], [ -80.262175473765964, -2.953852342020212 ], [ -80.254500126044647, -2.949070249360164 ], [ -80.260410850171311, -2.949460029735653 ], [ -80.261877109124129, -2.948117278169461 ], [ -80.258069489299615, -2.944508460347449 ], [ -80.261415603240195, -2.940885227376229 ], [ -80.259772957386389, -2.907954557232368 ], [ -80.26171264735855, -2.892497335650334 ], [ -80.259152104744061, -2.883322859513661 ], [ -80.261231907646049, -2.87744713914627 ], [ -80.26123332339094, -2.854587804703372 ], [ -80.257831103372666, -2.838118629566038 ], [ -80.250517321264979, -2.848105368520502 ], [ -80.256942874372555, -2.835245328710769 ], [ -80.245790247001096, -2.817193038716492 ], [ -80.233695802529539, -2.786492609880403 ], [ -80.221931928201087, -2.771746283466127 ], [ -80.216755756482243, -2.757706360503048 ], [ -80.21661880921549, -2.749333581089736 ], [ -80.215960161754239, -2.756285494236886 ], [ -80.21765180441858, -2.764544052535657 ], [ -80.22297456771706, -2.775242778392083 ], [ -80.231430789473833, -2.785633818978151 ], [ -80.236162207990461, -2.801215388291848 ], [ -80.241718344616615, -2.812601327934077 ], [ -80.243020263974728, -2.819136354783063 ], [ -80.242081210092479, -2.823275292104234 ], [ -80.240422098119495, -2.822482571187608 ], [ -80.240034023221824, -2.816171223840001 ], [ -80.232939205464646, -2.797046412837692 ], [ -80.228366861516861, -2.795469275649085 ], [ -80.228125424012873, -2.793634096008833 ], [ -80.230693343592492, -2.793961629951344 ], [ -80.228862151241998, -2.785191495206084 ], [ -80.217238369182112, -2.770401540957531 ], [ -80.213943622706125, -2.756360329747987 ], [ -80.220020535160359, -2.739847816900663 ], [ -80.219559772183132, -2.737736317783209 ], [ -80.205945839984921, -2.729088263238724 ], [ -80.191549303596005, -2.729765598035223 ], [ -80.180207222429431, -2.726248454827642 ], [ -80.179022282585919, -2.724928994515479 ], [ -80.181427519962526, -2.72316863688329 ], [ -80.178599101526927, -2.720697755823299 ], [ -80.151936254088014, -2.715752129969804 ], [ -80.148815014514199, -2.713174069995153 ], [ -80.13253321258459, -2.707345074015418 ], [ -80.122901415921149, -2.705885696470683 ], [ -80.110708251091452, -2.692932676347646 ], [ -80.091459264371082, -2.685427428984076 ], [ -80.07482990605466, -2.685621513106832 ], [ -80.036056806490151, -2.674720605925971 ], [ -80.014039810342069, -2.678279260142427 ] ] ], [ [ [ -79.851868819697458, -2.28361808062538 ], [ -79.84671580385168, -2.314797174965348 ], [ -79.850651851320805, -2.337481646661492 ], [ -79.852073757753118, -2.357512283843951 ], [ -79.857937016696795, -2.370053610970004 ], [ -79.860238671134596, -2.384409838596917 ], [ -79.86169351968671, -2.409022277295211 ], [ -79.860502809964132, -2.424111786889851 ], [ -79.857892209628744, -2.432759212451649 ], [ -79.866588221379246, -2.461796182648272 ], [ -79.87056958795614, -2.490713158030917 ], [ -79.873998292105611, -2.505218452358555 ], [ -79.877981961962888, -2.513654836866565 ], [ -79.879507748676332, -2.510128748326077 ], [ -79.877947824185441, -2.505903237678878 ], [ -79.878714141920042, -2.503911302411855 ], [ -79.882136084450366, -2.504639131356869 ], [ -79.88152028662816, -2.50772966576316 ], [ -79.885538105042642, -2.518284318468524 ], [ -79.88780771208269, -2.531225909935714 ], [ -79.886970046554993, -2.533854490254133 ], [ -79.885391859314382, -2.533401223475385 ], [ -79.885775918742752, -2.535788528316653 ], [ -79.888368049715908, -2.535938838905252 ], [ -79.887422728287916, -2.546025845679884 ], [ -79.888166724684325, -2.548408855426548 ], [ -79.89339810416557, -2.550685120107025 ], [ -79.890602984480935, -2.556267124592321 ], [ -79.896243146823807, -2.57609773889308 ], [ -79.899681674949221, -2.575340188576635 ], [ -79.900622034083597, -2.573516367968972 ], [ -79.899797645655767, -2.567307900529444 ], [ -79.896530449611234, -2.564108347686794 ], [ -79.897447481294293, -2.563039436080402 ], [ -79.90219323782118, -2.56756929824938 ], [ -79.90541583520681, -2.574589583751644 ], [ -79.89929880848355, -2.578998891452204 ], [ -79.90707371738614, -2.585652901804806 ], [ -79.916680866973152, -2.5878147086518 ], [ -79.917760675182322, -2.587212303286253 ], [ -79.91726782707812, -2.576538273443353 ], [ -79.912714269597842, -2.569132872418097 ], [ -79.908043900587955, -2.565257350005956 ], [ -79.906891307281171, -2.558691662294006 ], [ -79.902040637410593, -2.551663576227825 ], [ -79.900875747964236, -2.54029722991414 ], [ -79.902383495608461, -2.531929085351497 ], [ -79.900413977077264, -2.524632123143117 ], [ -79.893320526555939, -2.519369365536026 ], [ -79.88922696040008, -2.509075690504871 ], [ -79.889351825326258, -2.506150529031482 ], [ -79.894837422643022, -2.495397253284386 ], [ -79.901906405750935, -2.49113621026868 ], [ -79.898538096236351, -2.48613590156443 ], [ -79.895960771295719, -2.489048797043782 ], [ -79.889243245059546, -2.487848601194862 ], [ -79.88555443731282, -2.490088812787647 ], [ -79.8839622785746, -2.489194234378665 ], [ -79.887697738528985, -2.486978848853101 ], [ -79.886226347500937, -2.486854315127882 ], [ -79.877944768116862, -2.47931685770466 ], [ -79.87792772977086, -2.467685278514764 ], [ -79.881385013821102, -2.461624929702709 ], [ -79.880093177153739, -2.460181743978236 ], [ -79.877863135512058, -2.461906977316897 ], [ -79.880099750126661, -2.452279923781752 ], [ -79.878290202682962, -2.451138963376258 ], [ -79.878145365513063, -2.446648014768809 ], [ -79.878900733682656, -2.443783900605772 ], [ -79.880549010176665, -2.448096471734305 ], [ -79.883064425922854, -2.441724862015962 ], [ -79.87643447195218, -2.437387509230178 ], [ -79.872923403070928, -2.431012317982723 ], [ -79.878064780343877, -2.436779761636938 ], [ -79.884783184234067, -2.439426063613581 ], [ -79.885266606316009, -2.435869833321982 ], [ -79.883518504536056, -2.435148189090407 ], [ -79.88857963350803, -2.43093263553018 ], [ -79.889454516237961, -2.426692346000982 ], [ -79.893525938023771, -2.426773667556205 ], [ -79.893478082971953, -2.42401958105315 ], [ -79.895485159166853, -2.425213860433098 ], [ -79.897874878146922, -2.420413887685203 ], [ -79.896252018585557, -2.417839873860726 ], [ -79.879276230369726, -2.418084063587727 ], [ -79.878911757807813, -2.423991089551551 ], [ -79.877014788117279, -2.425299365374191 ], [ -79.877939656702893, -2.423182171188969 ], [ -79.875014627153433, -2.423279595217201 ], [ -79.87828433488751, -2.419705157611223 ], [ -79.877383273453574, -2.418244945904625 ], [ -79.878154676550992, -2.413865744568188 ], [ -79.889213440755057, -2.407940194580834 ], [ -79.889520409460687, -2.400200501298064 ], [ -79.894129096549932, -2.393527667543881 ], [ -79.893050547778785, -2.387849461018237 ], [ -79.888362558314554, -2.380760332250666 ], [ -79.890122295074093, -2.37269698623211 ], [ -79.883938863088417, -2.362920652283448 ], [ -79.882362543445296, -2.354363101905028 ], [ -79.882850380746845, -2.345875061862665 ], [ -79.878429790098323, -2.347340745561049 ], [ -79.877860122562595, -2.353312383602367 ], [ -79.876311058703479, -2.353452241928077 ], [ -79.876930474939684, -2.345768361430339 ], [ -79.882992243594842, -2.343425690793807 ], [ -79.881432350544998, -2.338625519192477 ], [ -79.878721118236541, -2.336845483655757 ], [ -79.881764358890862, -2.336449833730035 ], [ -79.883452553821144, -2.337863795982539 ], [ -79.885528839818804, -2.34807405311689 ], [ -79.888114791281112, -2.35036849098735 ], [ -79.884712396091373, -2.351503308284645 ], [ -79.885202864558394, -2.360876149709752 ], [ -79.889569270625614, -2.368377463656081 ], [ -79.892449805720744, -2.370275962027802 ], [ -79.889151669901182, -2.380086278730762 ], [ -79.894206759499497, -2.384787533100361 ], [ -79.896543313486106, -2.393509903599293 ], [ -79.902540294744668, -2.388810849299559 ], [ -79.899046794215437, -2.380638596217372 ], [ -79.899882511297307, -2.376290775607891 ], [ -79.913424768715629, -2.374966523274851 ], [ -79.916683046286025, -2.367050787546579 ], [ -79.921904066395413, -2.361392043209521 ], [ -79.920255046994669, -2.358520540171995 ], [ -79.913897188231957, -2.355591357837417 ], [ -79.910482816702853, -2.351729984953109 ], [ -79.910485802702865, -2.347871383821065 ], [ -79.914491361808672, -2.341666977626085 ], [ -79.911528997377673, -2.331559909836891 ], [ -79.905693690412377, -2.328565581755314 ], [ -79.904573567609887, -2.324636187935728 ], [ -79.89974912225739, -2.323486017408154 ], [ -79.900826195096542, -2.321928502787561 ], [ -79.90382641543188, -2.322035767810551 ], [ -79.909462939597844, -2.329046654148225 ], [ -79.912666975094766, -2.329586260694658 ], [ -79.914919407244909, -2.326987527261047 ], [ -79.915926975633894, -2.317341589494434 ], [ -79.914034975423519, -2.315816514785957 ], [ -79.908313598192422, -2.315581714597737 ], [ -79.913804085039303, -2.313169457975846 ], [ -79.913598003428277, -2.312073803664351 ], [ -79.909672553384567, -2.305386016244498 ], [ -79.901050806256904, -2.301471737315104 ], [ -79.903019645661729, -2.300421636626989 ], [ -79.911025106283688, -2.303691122767128 ], [ -79.910415259800232, -2.300002190340869 ], [ -79.901540523732365, -2.297231442672905 ], [ -79.905041479380131, -2.296845367081463 ], [ -79.905597592236546, -2.294904009975061 ], [ -79.912441376685891, -2.298953295832415 ], [ -79.914126508361079, -2.297782379971874 ], [ -79.906748814714177, -2.291883899184288 ], [ -79.904542857803591, -2.285117217681166 ], [ -79.901691893450987, -2.284540557437657 ], [ -79.89751917943039, -2.286922985863218 ], [ -79.881506449877833, -2.285955532723567 ], [ -79.880925797742805, -2.291802090424007 ], [ -79.879822542606391, -2.287068965204328 ], [ -79.875725116389759, -2.288591336590021 ], [ -79.873336906579354, -2.287794547825126 ], [ -79.872415249470905, -2.293519065408028 ], [ -79.874074139559994, -2.301875556119882 ], [ -79.871883906760132, -2.302468367791906 ], [ -79.871557282916086, -2.296200688298692 ], [ -79.86939557432143, -2.295523560289884 ], [ -79.871394574661934, -2.293038133567696 ], [ -79.867468874886569, -2.29456413027813 ], [ -79.871517396819158, -2.287182011600219 ], [ -79.86910740915134, -2.276505265671267 ], [ -79.871528092160929, -2.275751882960387 ], [ -79.873299842989056, -2.269167001308007 ], [ -79.865393621951497, -2.261393311279756 ], [ -79.855635135883517, -2.272166059722033 ], [ -79.851868819697458, -2.28361808062538 ] ] ], [ [ [ -79.823582154194753, -2.579105640513135 ], [ -79.835076206052904, -2.613894762061097 ], [ -79.836807527303364, -2.660088535234672 ], [ -79.852301079130697, -2.666848845002654 ], [ -79.863795590027962, -2.659566996872938 ], [ -79.865136292351835, -2.65574697470516 ], [ -79.871347606247298, -2.657256552358309 ], [ -79.885423762083391, -2.655198369510121 ], [ -79.890111218846627, -2.647485574468773 ], [ -79.889339083622261, -2.629777996849505 ], [ -79.885741466554975, -2.615687128711857 ], [ -79.884040436495908, -2.620303791425581 ], [ -79.87811600497632, -2.620787829683279 ], [ -79.871188565814464, -2.609964686448249 ], [ -79.865624588692512, -2.607246440897862 ], [ -79.859314994613399, -2.609271736643449 ], [ -79.856293388086058, -2.602414227676071 ], [ -79.855741917723037, -2.584324963439608 ], [ -79.856899037640517, -2.582861133594192 ], [ -79.857312852864339, -2.601631021474627 ], [ -79.859190750423068, -2.607113607216208 ], [ -79.867354407061498, -2.60647047242642 ], [ -79.874422682296981, -2.61149978011793 ], [ -79.878420605722866, -2.617286211910623 ], [ -79.882749136122769, -2.619070393225146 ], [ -79.883325051441304, -2.608054246308926 ], [ -79.878271689303261, -2.584225474797004 ], [ -79.865141209729714, -2.538744616001905 ], [ -79.860279995434325, -2.516086459927873 ], [ -79.859539399161264, -2.495042271448077 ], [ -79.8523605116699, -2.475489229870532 ], [ -79.847171730299408, -2.467429662084876 ], [ -79.827287126226707, -2.514224912825088 ], [ -79.82394958850216, -2.531271004439676 ], [ -79.81740249513328, -2.548421636579812 ], [ -79.823582154194753, -2.579105640513135 ] ] ], [ [ [ -79.968710771698056, -2.507804726204216 ], [ -79.972344197409214, -2.509723544487693 ], [ -79.979354862787204, -2.509148491079485 ], [ -79.982641203727084, -2.512286277338424 ], [ -79.986432237956507, -2.521325921452552 ], [ -79.984746083998544, -2.53462213697617 ], [ -79.986459042786279, -2.536869785242766 ], [ -80.000553020299279, -2.541369984389184 ], [ -79.999057374758564, -2.542680804860614 ], [ -79.998802356524124, -2.550195115943012 ], [ -79.996194372981151, -2.541287079640461 ], [ -79.986339253341455, -2.538360775523787 ], [ -79.983709223344775, -2.535935647624495 ], [ -79.982862467764704, -2.531972002645738 ], [ -79.97933042681484, -2.541762001368734 ], [ -79.975077476171379, -2.544318796401241 ], [ -79.972094031873937, -2.544588143746648 ], [ -79.963789444838795, -2.541154466133879 ], [ -79.959581802523303, -2.547211142699561 ], [ -79.949588877725759, -2.551053686331793 ], [ -79.947517059050014, -2.553106854027335 ], [ -79.946962006205624, -2.564405887682792 ], [ -79.943774511388042, -2.579608752765016 ], [ -79.938561844712467, -2.588712322887215 ], [ -79.93131587373064, -2.594234532642941 ], [ -79.930462047510972, -2.599591711454681 ], [ -79.947728200871026, -2.604226542566698 ], [ -79.957965507850048, -2.604799798970133 ], [ -79.974434144087382, -2.600111266532545 ], [ -79.982211808122955, -2.600004243742698 ], [ -79.990667534908013, -2.597687145171073 ], [ -79.991969776761323, -2.590036387079276 ], [ -80.004137005432128, -2.577284328165724 ], [ -80.004477767860436, -2.572921680731109 ], [ -80.002245117511166, -2.570705636855691 ], [ -79.995762020123124, -2.571879257286038 ], [ -79.990346796825719, -2.575021133075136 ], [ -79.98093618874141, -2.585857226468355 ], [ -79.97947785742096, -2.591920770780257 ], [ -79.976059965394242, -2.595203905126866 ], [ -79.961656242483073, -2.595701470482875 ], [ -79.954921096690924, -2.59130826806476 ], [ -79.957208284659401, -2.591166428226213 ], [ -79.962584931603558, -2.594680901138709 ], [ -79.97585875624533, -2.593307511987118 ], [ -79.979654584783432, -2.583602207614291 ], [ -79.985746837767763, -2.577083579187149 ], [ -79.986436177069024, -2.572846159216427 ], [ -79.98486821085973, -2.56999345467953 ], [ -79.979841815248207, -2.569611958605904 ], [ -79.97635553986882, -2.566589374432898 ], [ -79.971229248902759, -2.56564368803527 ], [ -79.965850964329817, -2.567826557045806 ], [ -79.968276470394173, -2.564399433469243 ], [ -79.9706778423201, -2.564259088418494 ], [ -79.976544657694006, -2.564589000850793 ], [ -79.97993600630069, -2.567997030557069 ], [ -79.986045130544383, -2.568250126168578 ], [ -79.987869893652373, -2.572463406724316 ], [ -79.993221430887715, -2.569779742335354 ], [ -80.001288515938157, -2.568930741038185 ], [ -80.003811226902769, -2.570327671411807 ], [ -80.005690129676296, -2.576613721151807 ], [ -79.997242260455039, -2.587336585048704 ], [ -79.997232453547085, -2.590205226145404 ], [ -79.999234421921273, -2.591823367385548 ], [ -80.00753748900695, -2.593295599962066 ], [ -80.016475620082744, -2.591485955291631 ], [ -80.040869656388949, -2.594567004745091 ], [ -80.064322057054781, -2.594716706273803 ], [ -80.066548825235571, -2.593530911344433 ], [ -80.067236817962211, -2.587635246751604 ], [ -80.062421411458118, -2.579870355263017 ], [ -80.051505983339098, -2.57727205702757 ], [ -80.046053879707685, -2.574151328843271 ], [ -80.04054789063396, -2.567223541849971 ], [ -80.035327683499901, -2.556106492438337 ], [ -80.027402412788419, -2.549717356072083 ], [ -80.023462552869233, -2.543905912259028 ], [ -80.015118788507934, -2.519660912824679 ], [ -80.014311487833453, -2.507899417569091 ], [ -80.011262536588873, -2.502286596200107 ], [ -80.00382730764467, -2.49766167631976 ], [ -79.996255559930106, -2.489422339227012 ], [ -79.990467740605666, -2.48801157609358 ], [ -79.975138021723197, -2.492913374604477 ], [ -79.968455747175426, -2.501882466885229 ], [ -79.968710771698056, -2.507804726204216 ] ] ], [ [ [ -79.734157855457283, -2.525583192881378 ], [ -79.733739678014445, -2.542632856924327 ], [ -79.724471690956207, -2.555704295885314 ], [ -79.723657041164387, -2.559018314040799 ], [ -79.732871347596188, -2.578224785722556 ], [ -79.738504537215817, -2.579952270369836 ], [ -79.744881665739683, -2.57629651462841 ], [ -79.753035864016482, -2.575262944181845 ], [ -79.754846911646723, -2.573578208440343 ], [ -79.748364732336881, -2.568673758867207 ], [ -79.747116983187041, -2.557274980449744 ], [ -79.742532481440193, -2.554708157337134 ], [ -79.743376212392704, -2.547316792370651 ], [ -79.744304659866387, -2.554860586328365 ], [ -79.75225038252195, -2.552846100399669 ], [ -79.748786751874221, -2.556850784885585 ], [ -79.749829614172384, -2.561697514826285 ], [ -79.757816748264219, -2.557731067500976 ], [ -79.77063816246428, -2.558059675868393 ], [ -79.771869622463086, -2.559406750323971 ], [ -79.755238457634661, -2.560490966844047 ], [ -79.754673473914806, -2.562833859451566 ], [ -79.757311709123286, -2.565359422890048 ], [ -79.764490332509951, -2.564420030056305 ], [ -79.763064226453693, -2.56685960554534 ], [ -79.757710094883805, -2.568182279951074 ], [ -79.752258276018338, -2.563299664441792 ], [ -79.749212145483767, -2.563809616750446 ], [ -79.749401054001481, -2.565709047651282 ], [ -79.756589824757597, -2.57240886932189 ], [ -79.755624165471573, -2.577442866700956 ], [ -79.731534348127909, -2.583608286616496 ], [ -79.728356526369296, -2.587451225139484 ], [ -79.726667910129137, -2.593568247468138 ], [ -79.724447060049442, -2.604842335118617 ], [ -79.725406439213316, -2.609560442966688 ], [ -79.74271565511313, -2.625228803060451 ], [ -79.750999031127776, -2.636988528902888 ], [ -79.755763062980805, -2.635445915196175 ], [ -79.769333198715657, -2.625471747796624 ], [ -79.772882915815359, -2.617084328721643 ], [ -79.779305395786352, -2.61148969264307 ], [ -79.789225054887652, -2.589301125676531 ], [ -79.792843131983872, -2.572249809662343 ], [ -79.781508382866633, -2.542431455469957 ], [ -79.7765807453425, -2.535594462332879 ], [ -79.763881467885099, -2.532899527214096 ], [ -79.751608340418713, -2.532333351632399 ], [ -79.743661939535116, -2.528841287213166 ], [ -79.736448595364408, -2.522874691831576 ], [ -79.734157855457283, -2.525583192881378 ] ] ], [ [ [ -79.919478625009774, -2.493308229584602 ], [ -79.916366314689895, -2.493985786658527 ], [ -79.910282732244681, -2.490275286683546 ], [ -79.906420374476639, -2.490191118642772 ], [ -79.896628446825574, -2.495753612630825 ], [ -79.89431668723914, -2.502195678243592 ], [ -79.890229803650655, -2.505900720314091 ], [ -79.892459425779109, -2.516975860549916 ], [ -79.901277357778298, -2.522503209854593 ], [ -79.903905629771955, -2.528244921743766 ], [ -79.902569128868649, -2.540049385057721 ], [ -79.903406739599134, -2.551956912882959 ], [ -79.908734034898217, -2.557353431167368 ], [ -79.908485453991119, -2.563723990688593 ], [ -79.913989756927052, -2.568231409723438 ], [ -79.92007083486925, -2.578677554765134 ], [ -79.920159456366989, -2.586852356254072 ], [ -79.917997789993137, -2.590470580272001 ], [ -79.918589935173941, -2.592208443684978 ], [ -79.921456214903799, -2.592627078879846 ], [ -79.929896366698458, -2.590095298538418 ], [ -79.936950963287089, -2.583970587556681 ], [ -79.943472970303361, -2.56171912374382 ], [ -79.942687425028424, -2.556665742053642 ], [ -79.931557849325458, -2.557460637926866 ], [ -79.926191301241715, -2.550314924949303 ], [ -79.928541800674807, -2.55061566567099 ], [ -79.93322628850602, -2.555978839610092 ], [ -79.938333539679633, -2.555205806714256 ], [ -79.949492660972311, -2.545805227217995 ], [ -79.95534643460492, -2.544749592204961 ], [ -79.963801649350273, -2.537685153938849 ], [ -79.974857875813655, -2.541536660789584 ], [ -79.977390270617022, -2.538969726427843 ], [ -79.978680850541309, -2.530543582550302 ], [ -79.982139613218521, -2.525400255455897 ], [ -79.984402491877091, -2.517725544951535 ], [ -79.980402270560717, -2.513456584557864 ], [ -79.972687991651597, -2.512772002428063 ], [ -79.964119895505959, -2.512852228310227 ], [ -79.947009900783314, -2.517219331163082 ], [ -79.941336419028246, -2.515923743394141 ], [ -79.9322750175359, -2.508210841553697 ], [ -79.930289462280271, -2.502025994802728 ], [ -79.932773521433148, -2.487589072103683 ], [ -79.92521229388889, -2.487278800964635 ], [ -79.919478625009774, -2.493308229584602 ] ] ], [ [ [ -80.086066026441927, -2.840409699459959 ], [ -80.082024831168795, -2.838321869922217 ], [ -80.080002195254849, -2.838841296174293 ], [ -80.070844848300283, -2.850687312669207 ], [ -80.062964562523291, -2.847845404048617 ], [ -80.05526501598483, -2.842411178624318 ], [ -80.049034167325189, -2.851431452236045 ], [ -80.030992354649925, -2.861503330762073 ], [ -80.032065792905414, -2.862717211893854 ], [ -80.031157037401073, -2.867138889726599 ], [ -80.032899027942165, -2.866840146689831 ], [ -80.032211028927293, -2.868055304248158 ], [ -80.041166303451945, -2.880731798269753 ], [ -80.040910700414287, -2.887409043337333 ], [ -80.042393047295533, -2.888352850230167 ], [ -80.043062105332638, -2.882130352249066 ], [ -80.0444186997522, -2.881398972595235 ], [ -80.044070092336526, -2.889506497088354 ], [ -80.046059813978459, -2.892064816699313 ], [ -80.045567118587826, -2.894901322015767 ], [ -80.050702605607455, -2.898693481750544 ], [ -80.056417403577399, -2.9111936699384 ], [ -80.059082509192649, -2.911583508361779 ], [ -80.066469987289608, -2.903860673615865 ], [ -80.07999245033065, -2.895918617790551 ], [ -80.080809977426327, -2.890914312543992 ], [ -80.076508654301435, -2.88333873059334 ], [ -80.078095654913284, -2.880247163010878 ], [ -80.079734723675642, -2.880545015227349 ], [ -80.078698393926217, -2.884897753115697 ], [ -80.083415514856767, -2.891426433491485 ], [ -80.081918031362974, -2.897633467183835 ], [ -80.08473611378291, -2.898791904434056 ], [ -80.098080534327892, -2.896028644686425 ], [ -80.104241754569856, -2.890743962883691 ], [ -80.10866661401262, -2.881635790295684 ], [ -80.109558818057849, -2.876785891990296 ], [ -80.107230616606756, -2.870408060749716 ], [ -80.098405722664111, -2.865405884569264 ], [ -80.093452221744641, -2.867232572589797 ], [ -80.091816105744627, -2.864682689158131 ], [ -80.095012985261988, -2.864010313904894 ], [ -80.093157529415691, -2.860770150687328 ], [ -80.096618231555581, -2.856114712610316 ], [ -80.087222955916531, -2.858845806798394 ], [ -80.081742667643113, -2.857357176112226 ], [ -80.084080623001554, -2.856328728743458 ], [ -80.088615264656866, -2.857492568732012 ], [ -80.090741750309235, -2.855269065966328 ], [ -80.095716483808758, -2.855211041344674 ], [ -80.097426186203592, -2.852003274599153 ], [ -80.094338344195393, -2.847421815139291 ], [ -80.094463817281039, -2.842957053675342 ], [ -80.095925890982969, -2.841280191815355 ], [ -80.099946667549659, -2.840758408788557 ], [ -80.100511586590827, -2.839208205036499 ], [ -80.091017141435984, -2.835481629270927 ], [ -80.086066026441927, -2.840409699459959 ] ] ], [ [ [ -79.801780821986839, -2.475852327462421 ], [ -79.803781187766575, -2.480016148012322 ], [ -79.807669599372801, -2.479431285682336 ], [ -79.809018000258661, -2.477039171686992 ], [ -79.809044431389268, -2.479162713779625 ], [ -79.80146625083897, -2.48265149851363 ], [ -79.802002624115318, -2.486220362439153 ], [ -79.798172657799796, -2.496232292484584 ], [ -79.785630482210863, -2.510295411683995 ], [ -79.782143559146149, -2.518339592273447 ], [ -79.782158199888627, -2.521266300547528 ], [ -79.793355452868497, -2.533007199982725 ], [ -79.805146036805297, -2.523524630002441 ], [ -79.817815185666376, -2.504642878240267 ], [ -79.825194652587626, -2.492059768321773 ], [ -79.832012283485795, -2.466959513145397 ], [ -79.84148407941737, -2.455276888779702 ], [ -79.84353714665987, -2.449662137211158 ], [ -79.842939247769706, -2.437407239926575 ], [ -79.839175843921765, -2.412005759829553 ], [ -79.837832311006423, -2.41054154588121 ], [ -79.826299681896728, -2.411623724357739 ], [ -79.821478589955191, -2.413223611445194 ], [ -79.819209126645575, -2.416119880248274 ], [ -79.80639144045395, -2.441426963890282 ], [ -79.803990925520793, -2.449428550819567 ], [ -79.801780821986839, -2.475852327462421 ] ] ], [ [ [ -80.019104837104067, -2.426320715011431 ], [ -79.997576072617989, -2.438168919616913 ], [ -79.983821593603665, -2.43533496685313 ], [ -79.975236607334054, -2.435537756057899 ], [ -79.970278524108338, -2.431488313331347 ], [ -79.962490349783934, -2.434464654309743 ], [ -79.961564767935997, -2.436811449774168 ], [ -79.969242640821591, -2.443968915380213 ], [ -79.970702077968141, -2.448224638560947 ], [ -79.970604138245989, -2.453180472051957 ], [ -79.967049953824372, -2.459735144349856 ], [ -79.968306177680617, -2.461348949037711 ], [ -79.978876673391795, -2.462853898452076 ], [ -79.983348322484446, -2.456560118427245 ], [ -79.986569846383304, -2.455757151170404 ], [ -79.986531115519824, -2.459655614381112 ], [ -79.996047574789017, -2.464854875877942 ], [ -79.99854589110376, -2.468108504149166 ], [ -79.998684732019143, -2.473426384635471 ], [ -80.00294639452423, -2.477487785718118 ], [ -80.00304239388538, -2.471240925194331 ], [ -80.006102378238282, -2.471013562119083 ], [ -80.006971518936922, -2.469085013522521 ], [ -80.002681110342749, -2.465774586806238 ], [ -80.002636705719937, -2.464075021154034 ], [ -80.006845140349483, -2.454707766534773 ], [ -80.010133602211766, -2.454250879825217 ], [ -80.011593338497306, -2.456502702417576 ], [ -80.011038215584321, -2.466148315949223 ], [ -80.016881671167582, -2.469092407870912 ], [ -80.010394032795787, -2.472670383647954 ], [ -80.010025754072004, -2.476620382433322 ], [ -80.014541832940296, -2.483619430804808 ], [ -80.01339815541273, -2.486236783441883 ], [ -80.019058026792933, -2.490512836284947 ], [ -80.021838969265758, -2.497175280606616 ], [ -80.029780065597578, -2.504668380381234 ], [ -80.03425767231721, -2.502062664972898 ], [ -80.035447815202843, -2.498342908946639 ], [ -80.030860055266444, -2.464054598889973 ], [ -80.028809466475835, -2.457806116310338 ], [ -80.022742395963846, -2.448325567291886 ], [ -80.024901891109636, -2.430137415489444 ], [ -80.02216463011581, -2.426231070818799 ], [ -80.019104837104067, -2.426320715011431 ] ] ], [ [ [ -79.952410403388171, -2.236415960456015 ], [ -79.939275853548068, -2.237020396357597 ], [ -79.937996249239916, -2.237970062382757 ], [ -79.940962495291231, -2.241248784609186 ], [ -79.936927599903186, -2.239785808968835 ], [ -79.931365057390764, -2.248400408899045 ], [ -79.931051616323515, -2.255171743220592 ], [ -79.934276310377001, -2.259776932525622 ], [ -79.936720634349939, -2.26063226851943 ], [ -79.951517829237034, -2.256748591489294 ], [ -79.952833396699262, -2.254076393854822 ], [ -79.952311863591405, -2.248895884530528 ], [ -79.955007565825213, -2.252973134727223 ], [ -79.953154851637166, -2.257874231650456 ], [ -79.942205654049985, -2.261206522829422 ], [ -79.950845053072982, -2.267016368951468 ], [ -79.95087225585641, -2.268452917577493 ], [ -79.947050651957881, -2.267741137663807 ], [ -79.942214764763591, -2.271718270346192 ], [ -79.941017528780492, -2.275818095820143 ], [ -79.946636355237032, -2.277102176432985 ], [ -79.938681508393145, -2.278202403918493 ], [ -79.935992937884365, -2.284572897114214 ], [ -79.940293669917793, -2.285282002841059 ], [ -79.939414557919505, -2.290836758907012 ], [ -79.931320960890091, -2.2953656886834 ], [ -79.926349375087312, -2.301797096841859 ], [ -79.927700999128433, -2.303134771694832 ], [ -79.931782512588128, -2.301937598465718 ], [ -79.939010754419513, -2.303233905977287 ], [ -79.946307270907425, -2.308085862060912 ], [ -79.949592811448383, -2.313982483298564 ], [ -79.953835290430575, -2.316408488583817 ], [ -79.958435395015599, -2.314428374524667 ], [ -79.960330817807218, -2.309992269882639 ], [ -79.970045663718679, -2.308706667754818 ], [ -79.971800422913219, -2.304740891630808 ], [ -79.970052695730729, -2.301168228666227 ], [ -79.958374606918639, -2.291865188781066 ], [ -79.950892737444889, -2.290988074962843 ], [ -79.948584201911999, -2.286459791977176 ], [ -79.952767227693755, -2.283724859339599 ], [ -79.952779071980771, -2.290218143655068 ], [ -79.955828463399854, -2.289331558268743 ], [ -79.963980086206703, -2.279781986325982 ], [ -79.970153779556384, -2.268669265225056 ], [ -79.966795457511111, -2.261299655851436 ], [ -79.973436120298317, -2.26445416945649 ], [ -79.975397815401678, -2.262847518871957 ], [ -79.97665374191557, -2.254887427592886 ], [ -79.975421193158652, -2.253206958665475 ], [ -79.965175414168172, -2.249854077442337 ], [ -79.96564005966404, -2.244062226609096 ], [ -79.962350708469643, -2.23980039813273 ], [ -79.959981295008248, -2.240842211089567 ], [ -79.959840337662087, -2.233888935674154 ], [ -79.95709539068271, -2.233716747291157 ], [ -79.952410403388171, -2.236415960456015 ] ] ], [ [ [ -79.945655244029808, -2.443775136534838 ], [ -79.942772563757799, -2.448233299390836 ], [ -79.941403385737729, -2.446102448145452 ], [ -79.936579639274512, -2.447967419964886 ], [ -79.936053702625117, -2.450832978232053 ], [ -79.930930248538743, -2.456482675830588 ], [ -79.930050503228159, -2.462157287075323 ], [ -79.942601184066206, -2.473906349695284 ], [ -79.950477108522492, -2.473128833727843 ], [ -79.951714336603743, -2.466472652007761 ], [ -79.954619583454019, -2.472226926696826 ], [ -79.954211464447397, -2.474175199086924 ], [ -79.951773609242821, -2.475307124601506 ], [ -79.944223736403757, -2.476698282467852 ], [ -79.943113755580811, -2.482267264620657 ], [ -79.944860158646563, -2.491848238329659 ], [ -79.941834398309368, -2.50450970547058 ], [ -79.943888399799761, -2.507619862140215 ], [ -79.948355390229352, -2.509539409427382 ], [ -79.95243382067099, -2.507670085519763 ], [ -79.967949124304639, -2.482000938770154 ], [ -79.987778506241881, -2.469322750014945 ], [ -79.997245153030249, -2.468586759633935 ], [ -79.994023427908758, -2.46457283517041 ], [ -79.988208153374288, -2.462495236272514 ], [ -79.984815879502847, -2.456793076228064 ], [ -79.980227202386558, -2.463713455939588 ], [ -79.972479687608569, -2.465217282622258 ], [ -79.970571956999251, -2.467603569036317 ], [ -79.970994166081098, -2.46354477453511 ], [ -79.967004608665462, -2.462215953039521 ], [ -79.965637997132148, -2.459718574933643 ], [ -79.969542642193886, -2.451889655345402 ], [ -79.968189412863353, -2.445054479373636 ], [ -79.958984530657204, -2.435611364830404 ], [ -79.951393414366819, -2.442833393026588 ], [ -79.945655244029808, -2.443775136534838 ] ] ], [ [ [ -79.937202053188798, -2.649977331611216 ], [ -79.939703846882011, -2.656303001638837 ], [ -79.948650122084175, -2.656815055496503 ], [ -79.968224899910339, -2.652398481809546 ], [ -79.98646389009555, -2.652792988586523 ], [ -79.999958974283359, -2.648282539806983 ], [ -80.0019784957382, -2.644794719013165 ], [ -79.995917381954882, -2.63925125000583 ], [ -79.973353200407686, -2.629020828767777 ], [ -79.961127313545461, -2.614892464953686 ], [ -79.956335488715879, -2.610874516257628 ], [ -79.952595689898672, -2.610653936858565 ], [ -79.946507041853579, -2.613199666991274 ], [ -79.941608108197713, -2.619997925253811 ], [ -79.937766196085533, -2.636211406917282 ], [ -79.937202053188798, -2.649977331611216 ] ] ], [ [ [ -79.846573097485646, -2.195429146505687 ], [ -79.841692416698052, -2.198545156429092 ], [ -79.83603324690209, -2.206070530196214 ], [ -79.834261220291168, -2.213224630413287 ], [ -79.839258322739582, -2.230867775024694 ], [ -79.838967242536384, -2.245545428655913 ], [ -79.841111555255566, -2.248773305972157 ], [ -79.83859879582765, -2.248696403874554 ], [ -79.838583768809599, -2.250531308558319 ], [ -79.840090388169827, -2.254901089364715 ], [ -79.842425792312866, -2.255722094294696 ], [ -79.85313945432749, -2.251848741161579 ], [ -79.859017604643654, -2.245529262421355 ], [ -79.85743922516356, -2.242936549753333 ], [ -79.860636036408962, -2.243190783744859 ], [ -79.867572586284439, -2.23315207876438 ], [ -79.866209042497843, -2.230744063040692 ], [ -79.870102613128736, -2.231107346456706 ], [ -79.879099075409172, -2.220625796859125 ], [ -79.870240862952656, -2.207081319984301 ], [ -79.864856809398958, -2.208874598751386 ], [ -79.868602187652399, -2.204889562307511 ], [ -79.86419637968018, -2.19877698274455 ], [ -79.859477969667182, -2.195987960537285 ], [ -79.846573097485646, -2.195429146505687 ] ] ], [ [ [ -79.989421394640829, -2.409420623250981 ], [ -79.973650029828704, -2.407507338457379 ], [ -79.970889887846283, -2.414789410728101 ], [ -79.966525114916251, -2.418057063631954 ], [ -79.969945500666185, -2.419350844939907 ], [ -79.980494918307542, -2.418447947691585 ], [ -79.970909067775921, -2.420973909286046 ], [ -79.966352478481582, -2.420036738850531 ], [ -79.958404485783305, -2.411078500801104 ], [ -79.941173051410672, -2.412710625615617 ], [ -79.935907130808431, -2.409753863823784 ], [ -79.932863828170341, -2.410883426606113 ], [ -79.9345613359352, -2.417605935514239 ], [ -79.941559482391398, -2.417130571621625 ], [ -79.938805109389719, -2.426471256139186 ], [ -79.931699793021821, -2.433954408534127 ], [ -79.935712915043979, -2.442995860966666 ], [ -79.943839182003657, -2.442571914763661 ], [ -79.948454221978594, -2.430194369512721 ], [ -79.946528958051573, -2.439821567209229 ], [ -79.948644398917494, -2.441727224235108 ], [ -79.957274958518099, -2.434146735734065 ], [ -79.970194952939124, -2.428905818478273 ], [ -79.976863081716118, -2.433817434925646 ], [ -79.985204509559381, -2.433392375616911 ], [ -79.992424526416031, -2.435212913491919 ], [ -80.000743655378983, -2.434228629448222 ], [ -80.001414563945573, -2.427606684582616 ], [ -79.997038403970976, -2.419426858137797 ], [ -79.999787446369737, -2.413420476751425 ], [ -80.005508602615265, -2.410163711292339 ], [ -80.006679444298697, -2.407035475861152 ], [ -80.004245012573676, -2.404888864682599 ], [ -79.989421394640829, -2.409420623250981 ] ] ], [ [ [ -80.065587028705266, -2.462082296735388 ], [ -80.077184594331911, -2.473879195599445 ], [ -80.085650475672949, -2.472329183675169 ], [ -80.077729908540306, -2.464580671106201 ], [ -80.074993264689084, -2.457427629930408 ], [ -80.076486822545078, -2.452483189687839 ], [ -80.085886961663064, -2.447140006041783 ], [ -80.086820445990554, -2.443232082637213 ], [ -80.077902377888336, -2.425449872510262 ], [ -80.071657200201599, -2.420558638711068 ], [ -80.06923190793627, -2.416501703539894 ], [ -80.068628528424554, -2.412546974694499 ], [ -80.071459686721767, -2.404380303201934 ], [ -80.063846590453011, -2.39267090519676 ], [ -80.060116519491999, -2.395622722686462 ], [ -80.057036295197435, -2.401324003816225 ], [ -80.049737350563305, -2.406136286181897 ], [ -80.048907695312991, -2.408895947565846 ], [ -80.051878803944945, -2.416850580699574 ], [ -80.052251866197579, -2.427060692901308 ], [ -80.06310653227078, -2.451657102356941 ], [ -80.065587028705266, -2.462082296735388 ] ] ], [ [ [ -79.695386727694824, -2.547936584454634 ], [ -79.698589058189313, -2.558455762946162 ], [ -79.718318793605363, -2.558912751484113 ], [ -79.720231592509521, -2.553085664061562 ], [ -79.726251064887848, -2.543756153619626 ], [ -79.727771554236071, -2.537407290294725 ], [ -79.728901633066855, -2.507459626912734 ], [ -79.72750877994747, -2.504024039237088 ], [ -79.720304075773157, -2.504944358279789 ], [ -79.704586228094087, -2.513455056198709 ], [ -79.703123168940294, -2.514363135456223 ], [ -79.701441618848179, -2.521503452342128 ], [ -79.694114693489553, -2.523553580652069 ], [ -79.694357443432153, -2.526771295191804 ], [ -79.702691895857242, -2.529782982801308 ], [ -79.704363351580525, -2.532498806887108 ], [ -79.701279120799796, -2.540494050309269 ], [ -79.695386727694824, -2.547936584454634 ] ] ], [ [ [ -79.933898473578623, -2.313086796835798 ], [ -79.916345020126073, -2.315580306291956 ], [ -79.916693341877505, -2.323444791707722 ], [ -79.924332527917059, -2.318985890756485 ], [ -79.924362482240213, -2.320880040052862 ], [ -79.916814175164689, -2.325485812489289 ], [ -79.912999259223412, -2.331096386730878 ], [ -79.915991543841557, -2.341835937970975 ], [ -79.911604927477072, -2.350658166636295 ], [ -79.915504126951561, -2.355294025262201 ], [ -79.92239028493286, -2.358842684941262 ], [ -79.923054508237072, -2.361846207369295 ], [ -79.918345987777059, -2.368539889305994 ], [ -79.921194179928662, -2.370839757669896 ], [ -79.923980363172859, -2.368662427017905 ], [ -79.929239843752839, -2.368666517143011 ], [ -79.929707326128394, -2.364152183000537 ], [ -79.93735463293811, -2.354908762592976 ], [ -79.943298810325956, -2.354642929628579 ], [ -79.944068290130346, -2.352759418859914 ], [ -79.942151290703933, -2.35101253110923 ], [ -79.936542480462805, -2.35078076247037 ], [ -79.936306190305416, -2.348353033906683 ], [ -79.939981269997958, -2.343007305626577 ], [ -79.945877312059622, -2.342109659377042 ], [ -79.947872379575799, -2.338405925796595 ], [ -79.947673475503919, -2.336337418658732 ], [ -79.942597952826134, -2.33179435821277 ], [ -79.943096245619287, -2.324762729093886 ], [ -79.936002955896399, -2.323348266298555 ], [ -79.933490850442041, -2.325591372746338 ], [ -79.934109586653548, -2.322271232930203 ], [ -79.941494431788414, -2.321106222610807 ], [ -79.938227805275758, -2.313889951487547 ], [ -79.933898473578623, -2.313086796835798 ] ] ], [ [ [ -79.97191341390797, -2.273333366548782 ], [ -79.96381504053619, -2.29001064238038 ], [ -79.971010118363921, -2.294122382414563 ], [ -79.975583748699194, -2.301814921193233 ], [ -79.975816055726625, -2.305548047062701 ], [ -79.972480619161516, -2.311127963459174 ], [ -79.960790317753151, -2.317802759173752 ], [ -79.958193887443059, -2.323621861153938 ], [ -79.963066132151809, -2.330400252233495 ], [ -79.975595281270813, -2.332975524949226 ], [ -79.977412426665197, -2.329728471234074 ], [ -79.978582226302905, -2.307822490410422 ], [ -79.981598534566686, -2.304591201667894 ], [ -79.987505144409354, -2.302947398053459 ], [ -79.9892428778343, -2.30124868063049 ], [ -79.988818791273502, -2.298947613175844 ], [ -79.990340194208372, -2.300402334822845 ], [ -79.995973483541007, -2.297893973216204 ], [ -79.996485221419007, -2.2940558831683 ], [ -79.993345603212802, -2.285923128450905 ], [ -79.989076561945964, -2.284891443203651 ], [ -79.988188285335156, -2.283100766545345 ], [ -79.990469287504581, -2.283360359358744 ], [ -79.988698602078387, -2.275360376453604 ], [ -79.983046802060997, -2.275171313475126 ], [ -79.976345317939192, -2.271693567240895 ], [ -79.97191341390797, -2.273333366548782 ] ] ], [ [ [ -79.912402538922905, -2.441203309595192 ], [ -79.910087869693243, -2.439879165228785 ], [ -79.906811487476602, -2.433072349445529 ], [ -79.904390849382779, -2.438828052141026 ], [ -79.901759404539533, -2.439347731500577 ], [ -79.900974921073285, -2.438036770511065 ], [ -79.90443296150498, -2.435901988182449 ], [ -79.904609394220046, -2.432793587815275 ], [ -79.901753561896925, -2.431562617892411 ], [ -79.897399098931402, -2.432480416651437 ], [ -79.895852865663798, -2.42878736174863 ], [ -79.893919402813154, -2.428187874539732 ], [ -79.890973193684246, -2.429300476118711 ], [ -79.885997088457287, -2.434911449935258 ], [ -79.89279162187286, -2.439075865775332 ], [ -79.898243317669113, -2.4532073609122 ], [ -79.897856998079504, -2.460203108663279 ], [ -79.903661806342598, -2.465674320839595 ], [ -79.914774505396323, -2.463526309677845 ], [ -79.92078018055021, -2.459015169728767 ], [ -79.925911627846006, -2.451737900061907 ], [ -79.928631900799473, -2.445289480983112 ], [ -79.927347780660398, -2.439247067755094 ], [ -79.922617238899491, -2.434536192598042 ], [ -79.923531397770276, -2.426571845447552 ], [ -79.909603396582426, -2.43384737030541 ], [ -79.912402538922905, -2.441203309595192 ] ] ], [ [ [ -80.009438792170414, -2.604435146560821 ], [ -79.988811925449795, -2.603753123895347 ], [ -79.966484224502835, -2.608326293864106 ], [ -79.962488195623877, -2.610812510695474 ], [ -79.965485202685471, -2.615262424124726 ], [ -79.973787933801233, -2.619384832263035 ], [ -79.99516945273416, -2.623182495950562 ], [ -80.008796750067177, -2.630355150505407 ], [ -80.017480267150404, -2.630025002192756 ], [ -80.018708389009632, -2.627054092391305 ], [ -80.017736154055726, -2.618619375094401 ], [ -80.015552015426735, -2.615223797314711 ], [ -80.015830280264097, -2.611097726743762 ], [ -80.009438792170414, -2.604435146560821 ] ] ], [ [ [ -79.941164092512338, -2.344170644494068 ], [ -79.938635327801023, -2.349244527861566 ], [ -79.944560508515565, -2.350298320676897 ], [ -79.950599977392116, -2.359330177901546 ], [ -79.953940596338086, -2.361382700586003 ], [ -79.948360788205889, -2.364120994909552 ], [ -79.948539087620119, -2.367623838225841 ], [ -79.951407226862628, -2.370760489965256 ], [ -79.95695499837683, -2.370259863630034 ], [ -79.959093070499733, -2.364549557346528 ], [ -79.958405738933124, -2.368672287477445 ], [ -79.962623528618082, -2.377278364931879 ], [ -79.959548249549144, -2.380623451127825 ], [ -79.958738866579836, -2.389278009716499 ], [ -79.962417251174315, -2.391679422653248 ], [ -79.969893310344816, -2.388162808494666 ], [ -79.971891766306271, -2.384229556507938 ], [ -79.970919654421536, -2.380314517832332 ], [ -79.976252426748914, -2.366899127821107 ], [ -79.981547790532929, -2.365163654919793 ], [ -79.971749779490764, -2.358231977329882 ], [ -79.967174431576666, -2.350654055814358 ], [ -79.961915911295719, -2.34691204857982 ], [ -79.95194216822442, -2.33340968072726 ], [ -79.947883473769579, -2.3336430849206 ], [ -79.950235952191207, -2.33688768551806 ], [ -79.949093348150413, -2.340889575596632 ], [ -79.941164092512338, -2.344170644494068 ] ] ], [ [ [ -79.993663712824599, -2.362284876045087 ], [ -79.994540377812044, -2.368730022234821 ], [ -79.990861661739217, -2.364349681830836 ], [ -79.986344912727745, -2.367190696547864 ], [ -79.980779779474034, -2.367904280792193 ], [ -79.979448363035232, -2.371625762110964 ], [ -79.983856467999615, -2.373888893343162 ], [ -79.984079327445215, -2.375840837329736 ], [ -79.979439990736779, -2.374092771426841 ], [ -79.976911011328099, -2.375799252362623 ], [ -79.975209942641484, -2.387091726533674 ], [ -79.971576947223355, -2.393037309170186 ], [ -79.972421303403308, -2.397746822246127 ], [ -79.979808660227704, -2.400887950398807 ], [ -79.98655770475392, -2.406262854908289 ], [ -79.992070237156184, -2.404172160090435 ], [ -79.991067235802106, -2.395445599581601 ], [ -79.992221332888647, -2.393329494357806 ], [ -80.002194580089906, -2.387955617895305 ], [ -80.004444902097461, -2.382594930388496 ], [ -80.004960091302777, -2.363426515787436 ], [ -79.994967798919177, -2.360987135697602 ], [ -79.993663712824599, -2.362284876045087 ] ] ], [ [ [ -79.878755004485683, -2.469313050936222 ], [ -79.880116397705507, -2.480371310695613 ], [ -79.884503075155436, -2.482083422777443 ], [ -79.885905422569067, -2.485720390957741 ], [ -79.894835537977556, -2.487509322130371 ], [ -79.898637516382109, -2.484236183812861 ], [ -79.901805580640087, -2.489516097653995 ], [ -79.908941148673492, -2.489103784892292 ], [ -79.915731325259955, -2.491951122913542 ], [ -79.921554847227057, -2.48647030682523 ], [ -79.92841836945982, -2.485628990812308 ], [ -79.932045930070473, -2.483351573242772 ], [ -79.929526305717161, -2.476638865058084 ], [ -79.917534730922071, -2.473990438000032 ], [ -79.905584915211264, -2.474938683280195 ], [ -79.902320452740128, -2.479486081871813 ], [ -79.902034844175319, -2.475522784738969 ], [ -79.898145193792331, -2.474799441458477 ], [ -79.906113452483396, -2.471972047073983 ], [ -79.900000499619964, -2.469132965049969 ], [ -79.894972634364649, -2.470092288711658 ], [ -79.89371877217927, -2.475767395647632 ], [ -79.891792735701117, -2.469611943535658 ], [ -79.885836899977505, -2.471388336250165 ], [ -79.884949351900374, -2.474302541316466 ], [ -79.887131933748975, -2.479054820290931 ], [ -79.885354077071852, -2.479547649502014 ], [ -79.883490833730335, -2.474071466797171 ], [ -79.884738911663604, -2.466742898490121 ], [ -79.881934578857411, -2.463147813254281 ], [ -79.878755004485683, -2.469313050936222 ] ] ], [ [ [ -80.099009881913503, -2.910448500917459 ], [ -80.092964715023101, -2.91033274977213 ], [ -80.087963805514505, -2.916021978055361 ], [ -80.078784024034036, -2.919295395181128 ], [ -80.078401800762109, -2.921757627377747 ], [ -80.081465222967608, -2.929184872850279 ], [ -80.079412323710045, -2.934331968695651 ], [ -80.084322909413459, -2.935796562597018 ], [ -80.09506398621393, -2.93217722274317 ], [ -80.103590405021961, -2.933998533151334 ], [ -80.10856615810934, -2.932763326319034 ], [ -80.110997310085253, -2.926950016440829 ], [ -80.109991536530217, -2.914444701883617 ], [ -80.106700167719694, -2.910945940028358 ], [ -80.106384458406367, -2.907628920931352 ], [ -80.099009881913503, -2.910448500917459 ] ] ], [ [ [ -79.917838264470063, -2.226051593923303 ], [ -79.915102861192238, -2.237607246534574 ], [ -79.912631488047779, -2.242681905501995 ], [ -79.915662533173816, -2.246394524641391 ], [ -79.917658680464967, -2.246593021815122 ], [ -79.921883791419461, -2.24268913858204 ], [ -79.91968312468758, -2.248800266092843 ], [ -79.921436104319511, -2.25002849990497 ], [ -79.915085325179575, -2.25080548011013 ], [ -79.910337185422264, -2.255333607350699 ], [ -79.911765120448436, -2.25931206215602 ], [ -79.914765824077421, -2.260304703214038 ], [ -79.916663289637981, -2.263132296110647 ], [ -79.912700338524431, -2.261300593859886 ], [ -79.915660803916879, -2.278426073664634 ], [ -79.925624223548937, -2.272888766738205 ], [ -79.926839757316074, -2.267544777001178 ], [ -79.929506444864543, -2.268785000512664 ], [ -79.928939438138684, -2.260514089269201 ], [ -79.922368709196363, -2.256697438899788 ], [ -79.926578768878272, -2.256572931117864 ], [ -79.926116923431138, -2.250205009319246 ], [ -79.927715419783695, -2.246266508958329 ], [ -79.932334055714691, -2.238809972832065 ], [ -79.936846304166608, -2.234795057800814 ], [ -79.933514086265177, -2.232168791447469 ], [ -79.930285174621417, -2.23430688053296 ], [ -79.927548800264788, -2.232515946731619 ], [ -79.924185011971005, -2.23353788139746 ], [ -79.922076101857172, -2.22791202251461 ], [ -79.920524755378949, -2.230120600980342 ], [ -79.917838264470063, -2.226051593923303 ] ] ], [ [ [ -80.090509279788435, -2.90138920727056 ], [ -80.079354642885647, -2.90106589901132 ], [ -80.063098033309885, -2.910837692749008 ], [ -80.065633591081379, -2.927676562393935 ], [ -80.070373124079964, -2.931381256340905 ], [ -80.077783191213058, -2.931635424101897 ], [ -80.076153042721472, -2.922000190926155 ], [ -80.07714628837158, -2.916967915114466 ], [ -80.086790900400857, -2.914623077492469 ], [ -80.09373528178898, -2.906084982243641 ], [ -80.0998269158341, -2.903118571635722 ], [ -80.103735431736368, -2.894957862495843 ], [ -80.090509279788435, -2.90138920727056 ] ] ], [ [ [ -80.021677466550713, -2.594526116763789 ], [ -80.023540524839262, -2.597115717113195 ], [ -80.022381381017468, -2.602403673486184 ], [ -80.028609660495391, -2.604544476157256 ], [ -80.035321476141277, -2.610527725326263 ], [ -80.052734108791569, -2.614375534534911 ], [ -80.058871285624932, -2.61175289844577 ], [ -80.061810769965618, -2.608347450603255 ], [ -80.061516366894182, -2.59910836230735 ], [ -80.058935782865717, -2.596944030645036 ], [ -80.021677466550713, -2.594526116763789 ] ] ], [ [ [ -79.782565834703334, -2.626911788157312 ], [ -79.79389753404017, -2.631585443442456 ], [ -79.797799837193949, -2.629953883001118 ], [ -79.801029399217981, -2.62612660238806 ], [ -79.803661505221271, -2.618838988412667 ], [ -79.800261372887732, -2.600351609210102 ], [ -79.799163996326541, -2.59723833862436 ], [ -79.796559253006805, -2.595654052204887 ], [ -79.792575763710914, -2.598527192809713 ], [ -79.78721569337867, -2.609644875105841 ], [ -79.778684476668701, -2.618826290526838 ], [ -79.782565834703334, -2.626911788157312 ] ] ], [ [ [ -79.891882772045392, -2.397692151074004 ], [ -79.889565524650891, -2.409369649435997 ], [ -79.879436106235801, -2.413934554592707 ], [ -79.878332544773883, -2.416842530876708 ], [ -79.893967772599638, -2.416883807646673 ], [ -79.895528734644657, -2.41558462990945 ], [ -79.895506079133185, -2.409214669065884 ], [ -79.898227062654058, -2.418604463554607 ], [ -79.903203203813646, -2.422113426922132 ], [ -79.905922070005374, -2.419739312518183 ], [ -79.902827229222837, -2.416484795227612 ], [ -79.90445186295689, -2.414727412905584 ], [ -79.901194765772757, -2.410839499276809 ], [ -79.906419123123456, -2.412974551805043 ], [ -79.903102276294831, -2.405298465000207 ], [ -79.905145831276798, -2.40618629528037 ], [ -79.905969280066813, -2.404533093264793 ], [ -79.907375554914864, -2.40604372550093 ], [ -79.907259046117474, -2.410173862250543 ], [ -79.909029599491319, -2.413312332951228 ], [ -79.918445125851804, -2.410838443793108 ], [ -79.921677892166457, -2.408471104820124 ], [ -79.914896450797841, -2.403388851582126 ], [ -79.913081108322217, -2.395677609348476 ], [ -79.911402427449104, -2.396112172732203 ], [ -79.909861582276548, -2.399993872575678 ], [ -79.905806829629157, -2.399940150179757 ], [ -79.900379617415965, -2.396023546143369 ], [ -79.899932424389434, -2.391369508145533 ], [ -79.891882772045392, -2.397692151074004 ] ] ], [ [ [ -79.93288228765114, -2.26222344128709 ], [ -79.930135040984624, -2.27275292175547 ], [ -79.91780683241825, -2.280158635386885 ], [ -79.915172704307267, -2.30451879408279 ], [ -79.916581502522945, -2.305857243690476 ], [ -79.924228313462649, -2.30234292329473 ], [ -79.930243280789838, -2.29312593460768 ], [ -79.935993200192428, -2.290447334448116 ], [ -79.938270340504459, -2.286976902887086 ], [ -79.932852775299096, -2.286388980304184 ], [ -79.93237790697529, -2.285156987685075 ], [ -79.936639139187363, -2.277678963528244 ], [ -79.936496123800865, -2.267270439858135 ], [ -79.940026092337376, -2.270083035348208 ], [ -79.942372414604378, -2.26599038258181 ], [ -79.939095210429244, -2.263054146190222 ], [ -79.93288228765114, -2.26222344128709 ] ] ], [ [ [ -80.115382022919661, -2.87690803719664 ], [ -80.111792017277764, -2.889210756474194 ], [ -80.117177672527603, -2.883386860605516 ], [ -80.128433458833058, -2.881253394434449 ], [ -80.130296269186573, -2.878527738653256 ], [ -80.127203688565274, -2.869972870550551 ], [ -80.121583075359638, -2.865755224219684 ], [ -80.119494839972063, -2.86149831364652 ], [ -80.106640666010236, -2.851832831210297 ], [ -80.10150731518435, -2.855841396029671 ], [ -80.101333104002975, -2.860751456716057 ], [ -80.103220775232018, -2.863551290913317 ], [ -80.113946333635951, -2.870564009097696 ], [ -80.115382022919661, -2.87690803719664 ] ] ], [ [ [ -80.182724392585357, -2.494045775869733 ], [ -80.177657325749365, -2.499978582520797 ], [ -80.178744344735335, -2.506678649516996 ], [ -80.177590746213767, -2.512280915063517 ], [ -80.181900608723751, -2.515390795673793 ], [ -80.187571155682789, -2.515450891598614 ], [ -80.196653109730505, -2.518453533125751 ], [ -80.199416414681039, -2.510703392961939 ], [ -80.192886778273078, -2.500854423608951 ], [ -80.194422036822886, -2.496826119294566 ], [ -80.191015390805219, -2.494434656989022 ], [ -80.182724392585357, -2.494045775869733 ] ] ], [ [ [ -80.128254299731111, -2.843866587952322 ], [ -80.120519585047589, -2.848568928572326 ], [ -80.120358202706797, -2.851510363037455 ], [ -80.125038767595186, -2.852527273109434 ], [ -80.123363832696796, -2.856357763007805 ], [ -80.128637734830335, -2.856088963884146 ], [ -80.123889757668096, -2.858170522995022 ], [ -80.122083685806203, -2.863114645549171 ], [ -80.128260015711248, -2.868769209821897 ], [ -80.130308297628247, -2.874995659295602 ], [ -80.132739827794893, -2.876144998857817 ], [ -80.137934800354316, -2.86667690636157 ], [ -80.142964712870182, -2.863335850487021 ], [ -80.143401231216174, -2.86152788430276 ], [ -80.140665277271097, -2.854416948985361 ], [ -80.135965650132391, -2.853215999414517 ], [ -80.134481089802279, -2.853594175241218 ], [ -80.134547181552662, -2.856885513412269 ], [ -80.131903254618564, -2.859715259713753 ], [ -80.130165699958368, -2.846786624382705 ], [ -80.127729725825986, -2.846599244545463 ], [ -80.129203425524324, -2.845215970595696 ], [ -80.128254299731111, -2.843866587952322 ] ] ], [ [ [ -79.941764017103495, -2.397948424250021 ], [ -79.936482527799043, -2.407748834780689 ], [ -79.938946450316521, -2.410288665005112 ], [ -79.955204006716613, -2.408742374455621 ], [ -79.953314544246894, -2.401085116363158 ], [ -79.947932720311755, -2.397972644958111 ], [ -79.953795222873964, -2.399427340652912 ], [ -79.955340030515245, -2.403235173738755 ], [ -79.957337276446012, -2.403376279050704 ], [ -79.964680843993548, -2.396877566236773 ], [ -79.964649053513966, -2.395381488991041 ], [ -79.959088481905255, -2.392783168508902 ], [ -79.956512875441774, -2.385174236976686 ], [ -79.950407867278727, -2.384691970509361 ], [ -79.949094258143816, -2.392651139744386 ], [ -79.946067842036442, -2.396570684759433 ], [ -79.941764017103495, -2.397948424250021 ] ] ], [ [ [ -79.936785606799504, -2.382856176054093 ], [ -79.937735525805124, -2.384844485428819 ], [ -79.935905706978701, -2.385137494503512 ], [ -79.928653002225488, -2.394627892693153 ], [ -79.929675142186682, -2.397867706803086 ], [ -79.937069428615189, -2.394560933301318 ], [ -79.944679384373742, -2.396259891778627 ], [ -79.947389666264627, -2.39309658486644 ], [ -79.950251044786299, -2.383602673900765 ], [ -79.957057721627891, -2.382945371634673 ], [ -79.96160077151427, -2.375587424990193 ], [ -79.959041061638061, -2.373156207045164 ], [ -79.941912933523071, -2.377118307127416 ], [ -79.938911716956085, -2.377999381898706 ], [ -79.936785606799504, -2.382856176054093 ] ] ], [ [ [ -80.041531226069836, -2.554525809156387 ], [ -80.04468442680313, -2.565008988564681 ], [ -80.048188869710842, -2.568831830023807 ], [ -80.069895506013083, -2.575406396643967 ], [ -80.069050027837335, -2.56881116799671 ], [ -80.061041654877243, -2.564845469624046 ], [ -80.052250357027916, -2.55503022696272 ], [ -80.045047948049159, -2.552149756804953 ], [ -80.041531226069836, -2.554525809156387 ] ] ], [ [ [ -79.906920180931039, -2.417858852724498 ], [ -79.908099338319062, -2.429102547777505 ], [ -79.909649591547605, -2.430634380501931 ], [ -79.921340362774856, -2.424017916169392 ], [ -79.927254278615735, -2.425875148824089 ], [ -79.926453645237288, -2.421962340519323 ], [ -79.921018844056576, -2.420173423958353 ], [ -79.920738278633792, -2.418214045350516 ], [ -79.926721643229257, -2.419211459127624 ], [ -79.930766482967499, -2.427089129590184 ], [ -79.932038382425432, -2.42685658577613 ], [ -79.926466478569438, -2.410648169502302 ], [ -79.924854626065255, -2.410005207346253 ], [ -79.918355860262025, -2.413075313540793 ], [ -79.905926770889266, -2.415435594503633 ], [ -79.905157943261784, -2.417261691525958 ], [ -79.906920180931039, -2.417858852724498 ] ] ], [ [ [ -80.072191702287228, -2.407514296050773 ], [ -80.072366041029355, -2.41635007620692 ], [ -80.079206439728395, -2.42317553857516 ], [ -80.083881349722077, -2.417547731619372 ], [ -80.086507288790926, -2.411305651431088 ], [ -80.097652046022219, -2.411873421484096 ], [ -80.098634891876245, -2.41003611885724 ], [ -80.095970449217674, -2.406958181205503 ], [ -80.090429445610823, -2.407736321525925 ], [ -80.087510834524068, -2.40675324174656 ], [ -80.085077344233454, -2.402505811371383 ], [ -80.082662500273216, -2.401345675489452 ], [ -80.076488591327873, -2.403581989990968 ], [ -80.072191702287228, -2.407514296050773 ] ] ], [ [ [ -80.002194582784867, -2.391320168064962 ], [ -80.002194605242735, -2.401861394973572 ], [ -80.007036421317892, -2.402376561387123 ], [ -80.010526782235203, -2.406724487806088 ], [ -80.009129309978633, -2.413845886978348 ], [ -80.002194660938287, -2.417865045581693 ], [ -80.002194686989426, -2.422879258157422 ], [ -80.005925702978104, -2.42539301073063 ], [ -80.008981834456733, -2.42015896680261 ], [ -80.013699665954704, -2.417615774978922 ], [ -80.015227778406413, -2.415027458394583 ], [ -80.012171157345932, -2.404767015010836 ], [ -80.01096604223946, -2.386981698517866 ], [ -80.009303738552276, -2.384118791384694 ], [ -80.002194582784867, -2.391320168064962 ] ] ], [ [ [ -79.804752106688582, -2.542698032840509 ], [ -79.807977150186716, -2.54184707966586 ], [ -79.814849838828664, -2.52826459364732 ], [ -79.817239889287066, -2.520848060279635 ], [ -79.816854310807557, -2.514694125904461 ], [ -79.813322508809563, -2.516515034952004 ], [ -79.806611600462091, -2.52786102161476 ], [ -79.799925513464231, -2.532602046346107 ], [ -79.804752106688582, -2.542698032840509 ] ] ], [ [ [ -79.886376322135945, -2.452930169585271 ], [ -79.881830006873514, -2.451870627598845 ], [ -79.880495996100166, -2.453780607769838 ], [ -79.880615197148487, -2.459572526766325 ], [ -79.886146774733078, -2.464179268482878 ], [ -79.886482589240799, -2.469040614224455 ], [ -79.894150668693158, -2.467671241892404 ], [ -79.892491089596248, -2.463919280628525 ], [ -79.895719692219529, -2.453919855379923 ], [ -79.894657611364181, -2.451820991753907 ], [ -79.891252499669008, -2.450761847376389 ], [ -79.886376322135945, -2.452930169585271 ] ] ], [ [ [ -80.112049283995361, -2.841578867028111 ], [ -80.10842557356402, -2.839204860227997 ], [ -80.105623189203669, -2.843836903793534 ], [ -80.10517951038652, -2.839111612023341 ], [ -80.095921679680899, -2.846345248852097 ], [ -80.101615908027469, -2.851776616970387 ], [ -80.110619016044382, -2.847327527736761 ], [ -80.114666679187565, -2.849340569730344 ], [ -80.117046719718743, -2.848660339433283 ], [ -80.119038146363081, -2.84329790088561 ], [ -80.115065597649036, -2.841892822555643 ], [ -80.113352699048434, -2.835798803868892 ], [ -80.110328622154057, -2.837310035422033 ], [ -80.112049283995361, -2.841578867028111 ] ] ], [ [ [ -80.190956551154102, -2.643856723385718 ], [ -80.180807159596981, -2.643211837015334 ], [ -80.180715564675651, -2.646815658214032 ], [ -80.184977938646469, -2.652531736911664 ], [ -80.190675405419626, -2.654879887984645 ], [ -80.200172767404169, -2.654104594348793 ], [ -80.197535672157812, -2.648251015694771 ], [ -80.190956551154102, -2.643856723385718 ] ] ], [ [ [ -79.927381052461897, -2.371934295250027 ], [ -79.91898809725393, -2.373029112895638 ], [ -79.917878327535078, -2.374736025966085 ], [ -79.91853671358659, -2.380597912525034 ], [ -79.921458550523525, -2.383964944438721 ], [ -79.923751149044975, -2.383421397233757 ], [ -79.92349332088034, -2.37750735215062 ], [ -79.927467342831449, -2.383183607044296 ], [ -79.931519607145503, -2.383409378300257 ], [ -79.933318798810632, -2.381424654318123 ], [ -79.93349058364241, -2.377410030769777 ], [ -79.927381052461897, -2.371934295250027 ] ] ], [ [ [ -79.965387439033094, -2.415032926070653 ], [ -79.967232481608633, -2.414410236427765 ], [ -79.968802839133218, -2.408462861082949 ], [ -79.973036811069676, -2.403985325081019 ], [ -79.965432259575891, -2.398611724691417 ], [ -79.957140419634626, -2.405152679299773 ], [ -79.956594376892554, -2.40738344087338 ], [ -79.965387439033094, -2.415032926070653 ] ] ], [ [ [ -80.186455864019891, -2.666285085039165 ], [ -80.188575064335296, -2.665650453546909 ], [ -80.188900139483792, -2.662930228061806 ], [ -80.182890873763711, -2.656178836203013 ], [ -80.175719099132763, -2.651373378646694 ], [ -80.172315259452049, -2.652074431486604 ], [ -80.17210962699869, -2.655189225504888 ], [ -80.17613566679465, -2.661026118335033 ], [ -80.186455864019891, -2.666285085039165 ] ] ], [ [ [ -79.753964742681504, -2.527139559517796 ], [ -79.75694273600179, -2.525950253176521 ], [ -79.755847642059749, -2.523572195437532 ], [ -79.743116186948868, -2.513596245884282 ], [ -79.738360244424996, -2.513725415995056 ], [ -79.738119240807322, -2.516994176579031 ], [ -79.741818320789321, -2.520805744804004 ], [ -79.753964742681504, -2.527139559517796 ] ] ], [ [ [ -79.937695844524072, -2.366964081637771 ], [ -79.932067168040419, -2.369127766853249 ], [ -79.931584787105891, -2.37090031242735 ], [ -79.937013694440026, -2.374702088936696 ], [ -79.950159456153202, -2.374129734092652 ], [ -79.950931418901021, -2.372074086179409 ], [ -79.946705041321977, -2.368058710241213 ], [ -79.940470346974607, -2.368664964385408 ], [ -79.937695844524072, -2.366964081637771 ] ] ], [ [ [ -79.920930402221913, -2.399424314189546 ], [ -79.920692337891836, -2.401963105318476 ], [ -79.926835735558555, -2.407878103103902 ], [ -79.930027177573493, -2.403818652043279 ], [ -79.933907334560587, -2.404099577276732 ], [ -79.938885513099223, -2.39951721009706 ], [ -79.938052707457203, -2.397841963884432 ], [ -79.926314773779197, -2.399810022170964 ], [ -79.924204726398216, -2.395592987511257 ], [ -79.920930402221913, -2.399424314189546 ] ] ], [ [ [ -79.946037465505114, -2.354851250752792 ], [ -79.937447294159668, -2.356996812551071 ], [ -79.937608476176152, -2.361109661510834 ], [ -79.938579643931504, -2.365082116986293 ], [ -79.942265329134315, -2.366967137791609 ], [ -79.947227647916606, -2.363474733131335 ], [ -79.948447145050778, -2.358096633286145 ], [ -79.946037465505114, -2.354851250752792 ] ] ], [ [ [ -79.881887124454209, -2.447864926872197 ], [ -79.882646078698414, -2.449442455702135 ], [ -79.893338789305673, -2.448722308603495 ], [ -79.891810057914739, -2.439808814618189 ], [ -79.886580006143461, -2.437665340994947 ], [ -79.881887124454209, -2.447864926872197 ] ] ], [ [ [ -80.135102791352537, -2.701014809554826 ], [ -80.139679213651718, -2.699714811458962 ], [ -80.139588902422943, -2.697527330643936 ], [ -80.136923680925022, -2.695007300302483 ], [ -80.124043339038963, -2.694279997496058 ], [ -80.124191031054821, -2.696443359685409 ], [ -80.127258216303034, -2.699493975135739 ], [ -80.135102791352537, -2.701014809554826 ] ] ], [ [ [ -79.910558934550139, -2.678279033116921 ], [ -79.914731805775915, -2.677767523904232 ], [ -79.916270923488185, -2.675597268498993 ], [ -79.915255305295958, -2.665143397973655 ], [ -79.913316569334597, -2.663927154880489 ], [ -79.908222428174241, -2.671578293254378 ], [ -79.910558934550139, -2.678279033116921 ] ] ], [ [ [ -79.909020735814408, -2.2900359348929 ], [ -79.91546428846533, -2.291319694923557 ], [ -79.915332808345397, -2.286664343354637 ], [ -79.917109985896161, -2.283829575357122 ], [ -79.91565943668104, -2.280254793907927 ], [ -79.912939481731158, -2.280640511335506 ], [ -79.907962528494551, -2.285878112891186 ], [ -79.909020735814408, -2.2900359348929 ] ] ], [ [ [ -80.148566191960285, -2.871179849605723 ], [ -80.143770925684848, -2.872289000839394 ], [ -80.14190751435838, -2.876479600780979 ], [ -80.148064650859041, -2.882055212608632 ], [ -80.15034037273125, -2.876668754848052 ], [ -80.154824795867242, -2.877054020542232 ], [ -80.15635972832861, -2.875640272799228 ], [ -80.15600573910605, -2.874354390133854 ], [ -80.150083823767574, -2.873931332283072 ], [ -80.148566191960285, -2.871179849605723 ] ] ], [ [ [ -79.917031227001942, -2.390047690965392 ], [ -79.924644334948823, -2.393932219061186 ], [ -79.929481255205658, -2.38613690432345 ], [ -79.927496501247248, -2.385135101669752 ], [ -79.919599001054465, -2.386178352553072 ], [ -79.917031227001942, -2.390047690965392 ] ] ], [ [ [ -79.897170563031551, -2.42851789562616 ], [ -79.899144645902695, -2.430265634287757 ], [ -79.905209872173415, -2.429542610280492 ], [ -79.905520780889859, -2.423808341841914 ], [ -79.897965191172332, -2.4221684974042 ], [ -79.897170563031551, -2.42851789562616 ] ] ], [ [ [ -79.981744384137912, -2.217659955869264 ], [ -79.988205230256341, -2.220379645811724 ], [ -79.990374297849826, -2.217954901410356 ], [ -79.990110831858459, -2.211174975644129 ], [ -79.982233442249935, -2.213591820202323 ], [ -79.981744384137912, -2.217659955869264 ] ] ], [ [ [ -80.088371410684786, -2.419197667917505 ], [ -80.093205515621548, -2.417822229602396 ], [ -80.093637949327956, -2.412352621417972 ], [ -80.085964976752237, -2.413881294070571 ], [ -80.085143484492889, -2.417560978951708 ], [ -80.088371410684786, -2.419197667917505 ] ] ], [ [ [ -80.146630590220965, -2.864022201715175 ], [ -80.152200839380214, -2.859929774913849 ], [ -80.150704599154778, -2.855737013129062 ], [ -80.145416057177044, -2.853497181487612 ], [ -80.146630590220965, -2.864022201715175 ] ] ], [ [ [ -80.018089767782485, -2.600355272357224 ], [ -80.021114890315829, -2.598269606402137 ], [ -80.019321977874554, -2.594454082911628 ], [ -80.012989346499978, -2.594641266821008 ], [ -80.012834775185652, -2.597369423431403 ], [ -80.018089767782485, -2.600355272357224 ] ] ], [ [ [ -79.916976908571669, -2.397735291693753 ], [ -79.92069595361086, -2.397345849406453 ], [ -79.920973533931956, -2.394391003770016 ], [ -79.913620104679225, -2.388853697602514 ], [ -79.913708268036146, -2.394650635226719 ], [ -79.916976908571669, -2.397735291693753 ] ] ], [ [ [ -80.203066368495087, -2.6882435987766 ], [ -80.205718707253538, -2.687727352256335 ], [ -80.206093087334708, -2.685799496433574 ], [ -80.203102998199128, -2.682517317410885 ], [ -80.199670023458793, -2.682228757291455 ], [ -80.198843607533391, -2.685951609757139 ], [ -80.203066368495087, -2.6882435987766 ] ] ], [ [ [ -80.17456557606971, -2.502682510953227 ], [ -80.177069996436813, -2.496951652747077 ], [ -80.179946042650471, -2.495125324528792 ], [ -80.179486372024641, -2.493485513883102 ], [ -80.17152097536605, -2.498449807366918 ], [ -80.171260812479971, -2.50068557104234 ], [ -80.17456557606971, -2.502682510953227 ] ] ], [ [ [ -79.985756068855622, -2.209414687301788 ], [ -79.991853389236482, -2.207818763491962 ], [ -79.993137751920699, -2.203997014976733 ], [ -79.987841150258234, -2.202967446022487 ], [ -79.985756068855622, -2.209414687301788 ] ] ], [ [ [ -79.908331066831451, -2.383274700897112 ], [ -79.910333408006494, -2.387031237109748 ], [ -79.91700560076184, -2.386248669139645 ], [ -79.910307450288045, -2.382070697682891 ], [ -79.908331066831451, -2.383274700897112 ] ] ], [ [ [ -79.931848791188116, -2.367662633858302 ], [ -79.935515098831914, -2.367681339664321 ], [ -79.93684993425866, -2.366206955894124 ], [ -79.935941132041933, -2.360883058173524 ], [ -79.93149080536088, -2.365504867491478 ], [ -79.931848791188116, -2.367662633858302 ] ] ], [ [ [ -80.040092999045442, -2.616179210166193 ], [ -80.044256732608162, -2.616554092874681 ], [ -80.045384676143527, -2.614882207901293 ], [ -80.038011921434062, -2.612117508351286 ], [ -80.037566223204166, -2.613555260491174 ], [ -80.040092999045442, -2.616179210166193 ] ] ], [ [ [ -80.03568175716407, -2.615898019120807 ], [ -80.036783363891942, -2.615156301798237 ], [ -80.035312110306123, -2.612547726617763 ], [ -80.031233650220074, -2.609734061577627 ], [ -80.029403357981508, -2.610054040708033 ], [ -80.029620793399403, -2.612587740862011 ], [ -80.03568175716407, -2.615898019120807 ] ] ], [ [ [ -80.1320776526495, -2.842233788512016 ], [ -80.13593370065098, -2.846947837160443 ], [ -80.1409464885826, -2.846437243971244 ], [ -80.133280813920237, -2.841815956735654 ], [ -80.1320776526495, -2.842233788512016 ] ] ], [ [ [ -79.83271659410957, -2.233474686250908 ], [ -79.833555073510936, -2.229012412832764 ], [ -79.829911032408077, -2.22425878657944 ], [ -79.829915497035046, -2.227154160605015 ], [ -79.83271659410957, -2.233474686250908 ] ] ], [ [ [ -80.142467819652225, -2.844012421184512 ], [ -80.14220539301165, -2.850335467027687 ], [ -80.144024264069699, -2.848501754809703 ], [ -80.144204157993542, -2.850872844499175 ], [ -80.145839343338935, -2.850953215986092 ], [ -80.145483738047176, -2.846016911406678 ], [ -80.142467819652225, -2.844012421184512 ] ] ], [ [ [ -80.164901738296692, -3.012410333652144 ], [ -80.169328314419957, -3.013034286993558 ], [ -80.16982161886834, -3.011330665122868 ], [ -80.168697921669349, -3.009214299309382 ], [ -80.165724261821978, -3.009082934095124 ], [ -80.164901738296692, -3.012410333652144 ] ] ], [ [ [ -80.129531387858137, -2.838316044316445 ], [ -80.130896315948604, -2.837760208896776 ], [ -80.132062360628424, -2.834380246510938 ], [ -80.128904426671895, -2.836134591104473 ], [ -80.129531387858137, -2.838316044316445 ] ] ], [ [ [ -79.910899632299731, -2.392890042132401 ], [ -79.911706675157731, -2.390836749527103 ], [ -79.911621292984918, -2.388827237384409 ], [ -79.909375988966573, -2.390059971023204 ], [ -79.909119505579909, -2.392007609956242 ], [ -79.910899632299731, -2.392890042132401 ] ] ], [ [ [ -80.164013197581184, -3.014159690179992 ], [ -80.16798687098597, -3.015395245412763 ], [ -80.169527112490655, -3.014658292844637 ], [ -80.168797520579815, -3.014217283131843 ], [ -80.164013197581184, -3.014159690179992 ] ] ], [ [ [ -80.127825199672714, -2.834930482236293 ], [ -80.129720130187536, -2.833866300249384 ], [ -80.129828747285174, -2.832382572001572 ], [ -80.128976021501714, -2.832545207085333 ], [ -80.127825199672714, -2.834930482236293 ] ] ] ] } }
]
}
